time,flux,flux_err
2.460001899999999907e+06,1.000167295200270479e+00,4.000000000000000192e-04
2.460001900694444310e+06,9.999768031594878925e-01,4.000000000000000192e-04
2.460001901388888713e+06,9.998848826538541124e-01,4.000000000000000192e-04
2.460001902083333116e+06,9.995487070376429806e-01,4.000000000000000192e-04
2.460001902777777519e+06,1.000518369378143868e+00,4.000000000000000192e-04
2.460001903472221922e+06,9.999319120039485975e-01,4.000000000000000192e-04
2.460001904166666791e+06,1.000248450515631937e+00,4.000000000000000192e-04
2.460001904861111194e+06,1.000311127930599842e+00,4.000000000000000192e-04
2.460001905555555597e+06,1.000459845456758812e+00,4.000000000000000192e-04
2.460001906250000000e+06,1.000223196731621966e+00,4.000000000000000192e-04
2.460001906944444403e+06,9.994862225615980256e-01,4.000000000000000192e-04
2.460001907638888806e+06,1.000141222471919722e+00,4.000000000000000192e-04
2.460001908333333209e+06,9.999299086714427132e-01,4.000000000000000192e-04
2.460001909027777612e+06,1.000731505780811048e+00,4.000000000000000192e-04
2.460001909722222015e+06,1.000111235960471356e+00,4.000000000000000192e-04
2.460001910416666418e+06,1.000492321343189106e+00,4.000000000000000192e-04
2.460001911111110821e+06,9.998302565497914074e-01,4.000000000000000192e-04
2.460001911805555690e+06,9.997019411592934501e-01,4.000000000000000192e-04
2.460001912500000093e+06,1.000535372408708490e+00,4.000000000000000192e-04
2.460001913194444496e+06,1.000654896498353486e+00,4.000000000000000192e-04
2.460001913888888899e+06,9.995479851971845742e-01,4.000000000000000192e-04
2.460001914583333302e+06,9.997690512416538278e-01,4.000000000000000192e-04
2.460001915277777705e+06,9.998666345892289753e-01,4.000000000000000192e-04
2.460001915972222108e+06,9.999533749512763414e-01,4.000000000000000192e-04
2.460001916666666511e+06,1.000126783819805354e+00,4.000000000000000192e-04
2.460001917361110914e+06,9.995388345328100055e-01,4.000000000000000192e-04
2.460001918055555318e+06,9.998000570959624245e-01,4.000000000000000192e-04
2.460001918749999721e+06,9.998443937332563980e-01,4.000000000000000192e-04
2.460001919444444124e+06,9.998880740998067340e-01,4.000000000000000192e-04
2.460001920138888992e+06,9.998456880930396418e-01,4.000000000000000192e-04
2.460001920833333395e+06,1.000292755071349182e+00,4.000000000000000192e-04
2.460001921527777798e+06,9.998313256567770146e-01,4.000000000000000192e-04
2.460001922222222202e+06,1.000556607882398419e+00,4.000000000000000192e-04
2.460001922916666605e+06,1.000085469013988204e+00,4.000000000000000192e-04
2.460001923611111008e+06,9.997114438130547676e-01,4.000000000000000192e-04
2.460001924305555411e+06,1.000069641687143962e+00,4.000000000000000192e-04
2.460001924999999814e+06,1.000614944377441251e+00,4.000000000000000192e-04
2.460001925694444217e+06,9.997459830338156772e-01,4.000000000000000192e-04
2.460001926388888620e+06,9.998159907690599146e-01,4.000000000000000192e-04
2.460001927083333023e+06,9.999977198100715725e-01,4.000000000000000192e-04
2.460001927777777892e+06,1.000363832642396700e+00,4.000000000000000192e-04
2.460001928472222295e+06,9.995259292769991255e-01,4.000000000000000192e-04
2.460001929166666698e+06,1.000135319688706170e+00,4.000000000000000192e-04
2.460001929861111101e+06,1.000583588478270336e+00,4.000000000000000192e-04
2.460001930555555504e+06,9.994403016859947364e-01,4.000000000000000192e-04
2.460001931249999907e+06,9.997091827919105667e-01,4.000000000000000192e-04
2.460001931944444310e+06,9.997149800376919915e-01,4.000000000000000192e-04
2.460001932638888713e+06,1.000459006586201349e+00,4.000000000000000192e-04
2.460001933333333116e+06,1.000516504664605621e+00,4.000000000000000192e-04
2.460001934027777519e+06,1.000011101501800947e+00,4.000000000000000192e-04
2.460001934722221922e+06,9.998131506944811786e-01,4.000000000000000192e-04
2.460001935416666791e+06,1.000288540818371485e+00,4.000000000000000192e-04
2.460001936111111194e+06,9.999003418332833570e-01,4.000000000000000192e-04
2.460001936805555597e+06,9.994760775669339070e-01,4.000000000000000192e-04
2.460001937500000000e+06,1.000429866111126165e+00,4.000000000000000192e-04
2.460001938194444403e+06,9.999098458369635178e-01,4.000000000000000192e-04
2.460001938888888806e+06,1.000281043354912525e+00,4.000000000000000192e-04
2.460001939583333209e+06,1.000727621562170544e+00,4.000000000000000192e-04
2.460001940277777612e+06,1.000578657801121762e+00,4.000000000000000192e-04
2.460001940972222015e+06,9.996041225202102476e-01,4.000000000000000192e-04
2.460001941666666418e+06,1.000638973829714784e+00,4.000000000000000192e-04
2.460001942361110821e+06,9.994379091813658800e-01,4.000000000000000192e-04
2.460001943055555690e+06,9.993675075640002792e-01,4.000000000000000192e-04
2.460001943750000093e+06,1.000129185226188211e+00,4.000000000000000192e-04
2.460001944444444496e+06,9.996305034963423042e-01,4.000000000000000192e-04
2.460001945138888899e+06,9.999058371952959101e-01,4.000000000000000192e-04
2.460001945833333302e+06,9.992603426698819513e-01,4.000000000000000192e-04
2.460001946527777705e+06,1.000277865734224614e+00,4.000000000000000192e-04
2.460001947222222108e+06,9.996390751299749633e-01,4.000000000000000192e-04
2.460001947916666511e+06,1.000177160802648624e+00,4.000000000000000192e-04
2.460001948611110914e+06,9.997226115835107230e-01,4.000000000000000192e-04
2.460001949305555318e+06,9.997666486084014759e-01,4.000000000000000192e-04
2.460001949999999721e+06,1.000070053479574561e+00,4.000000000000000192e-04
2.460001950694444124e+06,9.992439382078877053e-01,4.000000000000000192e-04
2.460001951388888992e+06,9.996578826242370486e-01,4.000000000000000192e-04
2.460001952083333395e+06,9.998369106255984295e-01,4.000000000000000192e-04
2.460001952777777798e+06,1.000355831360735692e+00,4.000000000000000192e-04
2.460001953472222202e+06,1.000168276422430669e+00,4.000000000000000192e-04
2.460001954166666605e+06,1.000065037565574411e+00,4.000000000000000192e-04
2.460001954861111008e+06,9.999261139641230089e-01,4.000000000000000192e-04
2.460001955555555411e+06,1.000389824587739618e+00,4.000000000000000192e-04
2.460001956249999814e+06,1.000148864937547399e+00,4.000000000000000192e-04
2.460001956944444217e+06,1.000183844011447443e+00,4.000000000000000192e-04
2.460001957638888620e+06,9.997134772347161524e-01,4.000000000000000192e-04
2.460001958333333023e+06,9.995600315510781986e-01,4.000000000000000192e-04
2.460001959027777892e+06,1.000278830418729115e+00,4.000000000000000192e-04
2.460001959722222295e+06,9.999520789179248137e-01,4.000000000000000192e-04
2.460001960416666698e+06,1.000136662978361901e+00,4.000000000000000192e-04
2.460001961111111101e+06,9.996932405689075152e-01,4.000000000000000192e-04
2.460001961805555504e+06,9.996083121961265583e-01,4.000000000000000192e-04
2.460001962499999907e+06,9.997620828091154932e-01,4.000000000000000192e-04
2.460001963194444310e+06,9.993340218189882274e-01,4.000000000000000192e-04
2.460001963888888713e+06,9.999481386783087844e-01,4.000000000000000192e-04
2.460001964583333116e+06,9.999227284679759187e-01,4.000000000000000192e-04
2.460001965277777519e+06,1.000553906109906244e+00,4.000000000000000192e-04
2.460001965972221922e+06,1.000317123071314374e+00,4.000000000000000192e-04
2.460001966666666791e+06,1.000823584778714359e+00,4.000000000000000192e-04
2.460001967361111194e+06,1.000119851424011719e+00,4.000000000000000192e-04
2.460001968055555597e+06,1.000338990311870679e+00,4.000000000000000192e-04
2.460001968750000000e+06,1.000281687713395540e+00,4.000000000000000192e-04
2.460001969444444403e+06,1.000221164670531238e+00,4.000000000000000192e-04
2.460001970138888806e+06,9.991481037653615616e-01,4.000000000000000192e-04
2.460001970833333209e+06,1.000260733378460554e+00,4.000000000000000192e-04
2.460001971527777612e+06,1.000166684826676811e+00,4.000000000000000192e-04
2.460001972222222015e+06,9.995486159755353484e-01,4.000000000000000192e-04
2.460001972916666418e+06,1.000075729566641369e+00,4.000000000000000192e-04
2.460001973611110821e+06,1.000828846016318163e+00,4.000000000000000192e-04
2.460001974305555690e+06,9.994649112287999904e-01,4.000000000000000192e-04
2.460001975000000093e+06,1.000473698295181402e+00,4.000000000000000192e-04
2.460001975694444496e+06,9.993435222303550525e-01,4.000000000000000192e-04
2.460001976388888899e+06,9.997176546594976898e-01,4.000000000000000192e-04
2.460001977083333302e+06,9.997647798784101703e-01,4.000000000000000192e-04
2.460001977777777705e+06,9.991216192087132297e-01,4.000000000000000192e-04
2.460001978472222108e+06,1.000253886491972999e+00,4.000000000000000192e-04
2.460001979166666511e+06,1.000350931375769248e+00,4.000000000000000192e-04
2.460001979861110914e+06,9.999819217670136151e-01,4.000000000000000192e-04
2.460001980555555318e+06,1.000272944849184276e+00,4.000000000000000192e-04
2.460001981249999721e+06,9.994985911690241753e-01,4.000000000000000192e-04
2.460001981944444124e+06,1.000248424124103641e+00,4.000000000000000192e-04
2.460001982638888992e+06,9.998321550431874538e-01,4.000000000000000192e-04
2.460001983333333395e+06,1.000018006809540116e+00,4.000000000000000192e-04
2.460001984027777798e+06,9.998597665773276688e-01,4.000000000000000192e-04
2.460001984722222202e+06,1.000199431602054378e+00,4.000000000000000192e-04
2.460001985416666605e+06,1.000729242429512666e+00,4.000000000000000192e-04
2.460001986111111008e+06,9.993356933217779625e-01,4.000000000000000192e-04
2.460001986805555411e+06,9.999870947008669964e-01,4.000000000000000192e-04
2.460001987499999814e+06,9.996623188675212157e-01,4.000000000000000192e-04
2.460001988194444217e+06,9.996662679206337332e-01,4.000000000000000192e-04
2.460001988888888620e+06,9.996770135361436882e-01,4.000000000000000192e-04
2.460001989583333023e+06,9.996667041733889869e-01,4.000000000000000192e-04
2.460001990277777892e+06,9.997601651255239030e-01,4.000000000000000192e-04
2.460001990972222295e+06,1.000853266138693520e+00,4.000000000000000192e-04
2.460001991666666698e+06,9.999891932434561426e-01,4.000000000000000192e-04
2.460001992361111101e+06,9.999696703812275267e-01,4.000000000000000192e-04
2.460001993055555504e+06,9.999850270178026745e-01,4.000000000000000192e-04
2.460001993749999907e+06,1.000152139248984939e+00,4.000000000000000192e-04
2.460001994444444310e+06,1.000062892057509867e+00,4.000000000000000192e-04
2.460001995138888713e+06,9.995805063463438778e-01,4.000000000000000192e-04
2.460001995833333116e+06,9.998209239239205237e-01,4.000000000000000192e-04
2.460001996527777519e+06,1.000297854746158954e+00,4.000000000000000192e-04
2.460001997222221922e+06,9.987961739036033126e-01,4.000000000000000192e-04
2.460001997916666791e+06,9.996642658355829880e-01,4.000000000000000192e-04
2.460001998611111194e+06,9.999584995651805697e-01,4.000000000000000192e-04
2.460001999305555597e+06,1.000088282347902480e+00,4.000000000000000192e-04
2.460002000000000000e+06,1.000161585685575449e+00,4.000000000000000192e-04
2.460002000694444403e+06,9.995133147879902147e-01,4.000000000000000192e-04
2.460002001388888806e+06,9.996305054578152882e-01,4.000000000000000192e-04
2.460002002083333209e+06,9.996704261089820465e-01,4.000000000000000192e-04
2.460002002777777612e+06,9.999228909247642738e-01,4.000000000000000192e-04
2.460002003472222015e+06,1.000567615212762940e+00,4.000000000000000192e-04
2.460002004166666418e+06,1.000074955484032246e+00,4.000000000000000192e-04
2.460002004861110821e+06,1.000093176212907276e+00,4.000000000000000192e-04
2.460002005555555690e+06,1.000274217687856515e+00,4.000000000000000192e-04
2.460002006250000093e+06,9.994631208567028580e-01,4.000000000000000192e-04
2.460002006944444496e+06,1.000673903351720240e+00,4.000000000000000192e-04
2.460002007638888899e+06,1.000245292308360678e+00,4.000000000000000192e-04
2.460002008333333302e+06,9.999798779386431802e-01,4.000000000000000192e-04
2.460002009027777705e+06,1.000236093164877049e+00,4.000000000000000192e-04
2.460002009722222108e+06,9.993868209198526475e-01,4.000000000000000192e-04
2.460002010416666511e+06,9.998904174546321411e-01,4.000000000000000192e-04
2.460002011111110914e+06,9.995366519081435586e-01,4.000000000000000192e-04
2.460002011805555318e+06,9.999710603356973815e-01,4.000000000000000192e-04
2.460002012499999721e+06,1.000490401978249899e+00,4.000000000000000192e-04
2.460002013194444124e+06,9.995215587528514245e-01,4.000000000000000192e-04
2.460002013888888992e+06,9.993848578155161144e-01,4.000000000000000192e-04
2.460002014583333395e+06,1.000576946915571641e+00,4.000000000000000192e-04
2.460002015277777798e+06,1.000886682205619049e+00,4.000000000000000192e-04
2.460002015972222202e+06,9.999835648871736593e-01,4.000000000000000192e-04
2.460002016666666605e+06,9.995861006205419841e-01,4.000000000000000192e-04
2.460002017361111008e+06,9.993584674371686072e-01,4.000000000000000192e-04
2.460002018055555411e+06,1.000149243911444330e+00,4.000000000000000192e-04
2.460002018749999814e+06,9.995265569775728665e-01,4.000000000000000192e-04
2.460002019444444217e+06,9.997731358683958902e-01,4.000000000000000192e-04
2.460002020138888620e+06,1.000100516666566408e+00,4.000000000000000192e-04
2.460002020833333023e+06,1.000680867042980982e+00,4.000000000000000192e-04
2.460002021527777892e+06,1.001375327375490176e+00,4.000000000000000192e-04
2.460002022222222295e+06,9.996744203879618373e-01,4.000000000000000192e-04
2.460002022916666698e+06,1.000090357979228850e+00,4.000000000000000192e-04
2.460002023611111101e+06,9.991880565354618327e-01,4.000000000000000192e-04
2.460002024305555504e+06,1.000010024367090189e+00,4.000000000000000192e-04
2.460002024999999907e+06,1.001064961465524705e+00,4.000000000000000192e-04
2.460002025694444310e+06,1.000335370587637218e+00,4.000000000000000192e-04
2.460002026388888713e+06,9.997184626678561337e-01,4.000000000000000192e-04
2.460002027083333116e+06,1.000062877890383284e+00,4.000000000000000192e-04
2.460002027777777519e+06,9.999929992653813215e-01,4.000000000000000192e-04
2.460002028472221922e+06,9.997006455140029502e-01,4.000000000000000192e-04
2.460002029166666791e+06,9.999864593919016720e-01,4.000000000000000192e-04
2.460002029861111194e+06,1.000207602973676835e+00,4.000000000000000192e-04
2.460002030555555597e+06,9.999983787263087009e-01,4.000000000000000192e-04
2.460002031250000000e+06,1.000689395829080564e+00,4.000000000000000192e-04
2.460002031944444403e+06,1.000262415042261877e+00,4.000000000000000192e-04
2.460002032638888806e+06,9.996163886715060398e-01,4.000000000000000192e-04
2.460002033333333209e+06,9.998806380061964205e-01,4.000000000000000192e-04
2.460002034027777612e+06,9.993754760540978221e-01,4.000000000000000192e-04
2.460002034722222015e+06,9.992446712794155195e-01,4.000000000000000192e-04
2.460002035416666418e+06,9.999114696604542996e-01,4.000000000000000192e-04
2.460002036111110821e+06,1.000177190598955823e+00,4.000000000000000192e-04
2.460002036805555690e+06,9.995005720031222562e-01,4.000000000000000192e-04
2.460002037500000093e+06,9.997029136028676710e-01,4.000000000000000192e-04
2.460002038194444496e+06,1.000228220208703389e+00,4.000000000000000192e-04
2.460002038888888899e+06,1.000291994405001494e+00,4.000000000000000192e-04
2.460002039583333302e+06,9.992553497830348741e-01,4.000000000000000192e-04
2.460002040277777705e+06,1.000118441461999907e+00,4.000000000000000192e-04
2.460002040972222108e+06,9.996253592396535659e-01,4.000000000000000192e-04
2.460002041666666511e+06,1.000003586891008878e+00,4.000000000000000192e-04
2.460002042361110914e+06,9.997977579678264393e-01,4.000000000000000192e-04
2.460002043055555318e+06,1.000196288619262130e+00,4.000000000000000192e-04
2.460002043749999721e+06,1.000321001509864915e+00,4.000000000000000192e-04
2.460002044444444124e+06,9.993740415825577150e-01,4.000000000000000192e-04
2.460002045138888992e+06,9.994244958443233573e-01,4.000000000000000192e-04
2.460002045833333395e+06,1.000371462129257205e+00,4.000000000000000192e-04
2.460002046527777798e+06,1.000530216046607634e+00,4.000000000000000192e-04
2.460002047222222202e+06,9.999419502030606477e-01,4.000000000000000192e-04
2.460002047916666605e+06,1.000301168962269172e+00,4.000000000000000192e-04
2.460002048611111008e+06,9.996979021237597518e-01,4.000000000000000192e-04
2.460002049305555411e+06,9.995010545493189236e-01,4.000000000000000192e-04
2.460002049999999814e+06,9.999157720204213673e-01,4.000000000000000192e-04
2.460002050694444217e+06,9.997336833078721563e-01,4.000000000000000192e-04
2.460002051388888620e+06,1.000287634144050530e+00,4.000000000000000192e-04
2.460002052083333023e+06,1.000016018604120260e+00,4.000000000000000192e-04
2.460002052777777892e+06,9.998093407687872469e-01,4.000000000000000192e-04
2.460002053472222295e+06,1.000567198927334367e+00,4.000000000000000192e-04
2.460002054166666698e+06,1.000345177271713126e+00,4.000000000000000192e-04
2.460002054861111101e+06,1.000302011976318850e+00,4.000000000000000192e-04
2.460002055555555504e+06,1.000148766034129277e+00,4.000000000000000192e-04
2.460002056249999907e+06,9.994455813547569178e-01,4.000000000000000192e-04
2.460002056944444310e+06,1.000407403507975523e+00,4.000000000000000192e-04
2.460002057638888713e+06,9.990271743574342667e-01,4.000000000000000192e-04
2.460002058333333116e+06,1.000133794605474913e+00,4.000000000000000192e-04
2.460002059027777519e+06,1.000346114239717643e+00,4.000000000000000192e-04
2.460002059722221922e+06,1.000558009806596260e+00,4.000000000000000192e-04
2.460002060416666791e+06,9.997363390536336825e-01,4.000000000000000192e-04
2.460002061111111194e+06,9.998677253059055081e-01,4.000000000000000192e-04
2.460002061805555597e+06,1.000194546088834846e+00,4.000000000000000192e-04
2.460002062500000000e+06,9.992774987933827902e-01,4.000000000000000192e-04
2.460002063194444403e+06,1.000434514632162930e+00,4.000000000000000192e-04
2.460002063888888806e+06,1.000255436805730147e+00,4.000000000000000192e-04
2.460002064583333209e+06,9.995232544752951087e-01,4.000000000000000192e-04
2.460002065277777612e+06,9.997045925774021846e-01,4.000000000000000192e-04
2.460002065972222015e+06,9.998568992793349652e-01,4.000000000000000192e-04
2.460002066666666418e+06,9.995206969303445099e-01,4.000000000000000192e-04
2.460002067361110821e+06,1.000063123802690912e+00,4.000000000000000192e-04
2.460002068055555690e+06,1.000132351335419445e+00,4.000000000000000192e-04
2.460002068750000093e+06,1.000019129934895501e+00,4.000000000000000192e-04
2.460002069444444496e+06,9.994309636893484727e-01,4.000000000000000192e-04
2.460002070138888899e+06,9.998017615628632671e-01,4.000000000000000192e-04
2.460002070833333302e+06,9.999386762327836520e-01,4.000000000000000192e-04
2.460002071527777705e+06,1.000219634012607717e+00,4.000000000000000192e-04
2.460002072222222108e+06,1.000103714805771205e+00,4.000000000000000192e-04
2.460002072916666511e+06,1.000482703222469905e+00,4.000000000000000192e-04
2.460002073611110914e+06,9.997273370856487595e-01,4.000000000000000192e-04
2.460002074305555318e+06,9.998257747322699673e-01,4.000000000000000192e-04
2.460002074999999721e+06,9.999236732751668466e-01,4.000000000000000192e-04
2.460002075694444124e+06,1.000071922453915629e+00,4.000000000000000192e-04
2.460002076388888992e+06,1.000178037009986642e+00,4.000000000000000192e-04
2.460002077083333395e+06,9.991524198774167642e-01,4.000000000000000192e-04
2.460002077777777798e+06,1.000074928918064154e+00,4.000000000000000192e-04
2.460002078472222202e+06,1.000207957045480933e+00,4.000000000000000192e-04
2.460002079166666605e+06,1.000265383472679570e+00,4.000000000000000192e-04
2.460002079861111008e+06,1.000134624230906155e+00,4.000000000000000192e-04
2.460002080555555411e+06,9.997849576080956036e-01,4.000000000000000192e-04
2.460002081249999814e+06,9.993834649816163429e-01,4.000000000000000192e-04
2.460002081944444217e+06,9.999464022922419648e-01,4.000000000000000192e-04
2.460002082638888620e+06,1.000079484038808086e+00,4.000000000000000192e-04
2.460002083333333023e+06,1.000699380804382477e+00,4.000000000000000192e-04
2.460002084027777892e+06,9.994129718371042026e-01,4.000000000000000192e-04
2.460002084722222295e+06,9.996914726810313123e-01,4.000000000000000192e-04
2.460002085416666698e+06,9.991861229318834692e-01,4.000000000000000192e-04
2.460002086111111101e+06,1.000017254921993226e+00,4.000000000000000192e-04
2.460002086805555504e+06,1.000304956856628014e+00,4.000000000000000192e-04
2.460002087499999907e+06,1.000013998773204182e+00,4.000000000000000192e-04
2.460002088194444310e+06,1.000504516629344698e+00,4.000000000000000192e-04
2.460002088888888713e+06,9.997801526741710854e-01,4.000000000000000192e-04
2.460002089583333116e+06,1.000014954523268607e+00,4.000000000000000192e-04
2.460002090277777519e+06,9.997436403330949295e-01,4.000000000000000192e-04
2.460002090972221922e+06,1.000279626218491424e+00,4.000000000000000192e-04
2.460002091666666791e+06,1.000539019582731060e+00,4.000000000000000192e-04
2.460002092361111194e+06,1.000568773173951209e+00,4.000000000000000192e-04
2.460002093055555597e+06,9.995117812766152188e-01,4.000000000000000192e-04
2.460002093750000000e+06,9.996309281407377290e-01,4.000000000000000192e-04
2.460002094444444403e+06,1.000630437025498143e+00,4.000000000000000192e-04
2.460002095138888806e+06,1.000540209965573579e+00,4.000000000000000192e-04
2.460002095833333209e+06,1.000260597659510919e+00,4.000000000000000192e-04
2.460002096527777612e+06,9.993664184123328686e-01,4.000000000000000192e-04
2.460002097222222015e+06,9.993462779945740948e-01,4.000000000000000192e-04
2.460002097916666418e+06,9.995605108635395863e-01,4.000000000000000192e-04
2.460002098611110821e+06,1.000262218568721551e+00,4.000000000000000192e-04
2.460002099305555690e+06,1.000008279620263174e+00,4.000000000000000192e-04
2.460002100000000093e+06,1.000075052075225956e+00,4.000000000000000192e-04
2.460002100694444496e+06,9.988835028833827900e-01,4.000000000000000192e-04
2.460002101388888899e+06,9.995666504145764852e-01,4.000000000000000192e-04
2.460002102083333302e+06,1.000846351814147939e+00,4.000000000000000192e-04
2.460002102777777705e+06,9.998138148552259130e-01,4.000000000000000192e-04
2.460002103472222108e+06,1.000322589955917385e+00,4.000000000000000192e-04
2.460002104166666511e+06,1.000059411784082197e+00,4.000000000000000192e-04
2.460002104861110914e+06,1.000360008457901406e+00,4.000000000000000192e-04
2.460002105555555318e+06,9.998412195162853511e-01,4.000000000000000192e-04
2.460002106249999721e+06,1.000711585005883419e+00,4.000000000000000192e-04
2.460002106944444124e+06,9.999776028559089758e-01,4.000000000000000192e-04
2.460002107638888992e+06,1.000213095532191288e+00,4.000000000000000192e-04
2.460002108333333395e+06,1.000154306048406827e+00,4.000000000000000192e-04
2.460002109027777798e+06,9.998171593062554763e-01,4.000000000000000192e-04
2.460002109722222202e+06,9.996548437205409199e-01,4.000000000000000192e-04
2.460002110416666605e+06,1.000014444574806038e+00,4.000000000000000192e-04
2.460002111111111008e+06,1.000185752656895355e+00,4.000000000000000192e-04
2.460002111805555411e+06,9.997205511459513749e-01,4.000000000000000192e-04
2.460002112499999814e+06,1.000499007774756199e+00,4.000000000000000192e-04
2.460002113194444217e+06,9.999618294534635687e-01,4.000000000000000192e-04
2.460002113888888620e+06,1.000276000270739374e+00,4.000000000000000192e-04
2.460002114583333023e+06,9.997333494026817702e-01,4.000000000000000192e-04
2.460002115277777892e+06,9.999366430718529264e-01,4.000000000000000192e-04
2.460002115972222295e+06,9.997015504292137145e-01,4.000000000000000192e-04
2.460002116666666698e+06,9.998251711203268721e-01,4.000000000000000192e-04
2.460002117361111101e+06,9.999532562686099801e-01,4.000000000000000192e-04
2.460002118055555504e+06,9.995627101677216908e-01,4.000000000000000192e-04
2.460002118749999907e+06,1.000237749603601234e+00,4.000000000000000192e-04
2.460002119444444310e+06,9.998902834084844038e-01,4.000000000000000192e-04
2.460002120138888713e+06,9.999543843477084470e-01,4.000000000000000192e-04
2.460002120833333116e+06,9.998591926619708747e-01,4.000000000000000192e-04
2.460002121527777519e+06,1.000228452470485196e+00,4.000000000000000192e-04
2.460002122222221922e+06,1.000422024545335464e+00,4.000000000000000192e-04
2.460002122916666791e+06,9.997246244076137822e-01,4.000000000000000192e-04
2.460002123611111194e+06,1.000272496511418252e+00,4.000000000000000192e-04
2.460002124305555597e+06,9.995044685884054703e-01,4.000000000000000192e-04
2.460002125000000000e+06,9.997489086348387843e-01,4.000000000000000192e-04
2.460002125694444403e+06,1.000254292877012396e+00,4.000000000000000192e-04
2.460002126388888806e+06,1.000980644342253978e+00,4.000000000000000192e-04
2.460002127083333209e+06,1.000828569621391217e+00,4.000000000000000192e-04
2.460002127777777612e+06,9.998711214903944766e-01,4.000000000000000192e-04
2.460002128472222015e+06,1.000195118695106578e+00,4.000000000000000192e-04
2.460002129166666418e+06,1.000263106966443383e+00,4.000000000000000192e-04
2.460002129861110821e+06,9.998546271418548015e-01,4.000000000000000192e-04
2.460002130555555690e+06,9.996574246972296240e-01,4.000000000000000192e-04
2.460002131250000093e+06,1.000524830186130920e+00,4.000000000000000192e-04
2.460002131944444496e+06,9.993823897087538155e-01,4.000000000000000192e-04
2.460002132638888899e+06,9.999669950000851237e-01,4.000000000000000192e-04
2.460002133333333302e+06,1.000265727297236840e+00,4.000000000000000192e-04
2.460002134027777705e+06,1.000479405899009411e+00,4.000000000000000192e-04
2.460002134722222108e+06,9.992700901964851612e-01,4.000000000000000192e-04
2.460002135416666511e+06,9.997487539318259397e-01,4.000000000000000192e-04
2.460002136111110914e+06,1.000028029903854643e+00,4.000000000000000192e-04
2.460002136805555318e+06,9.999236654518667278e-01,4.000000000000000192e-04
2.460002137499999721e+06,1.000072005055026692e+00,4.000000000000000192e-04
2.460002138194444124e+06,1.000298016870807771e+00,4.000000000000000192e-04
2.460002138888888992e+06,1.000124794836313669e+00,4.000000000000000192e-04
2.460002139583333395e+06,1.000003620391601622e+00,4.000000000000000192e-04
2.460002140277777798e+06,1.000339841363401705e+00,4.000000000000000192e-04
2.460002140972222202e+06,9.991516762034302612e-01,4.000000000000000192e-04
2.460002141666666605e+06,9.996932919675945994e-01,4.000000000000000192e-04
2.460002142361111008e+06,1.000340765679819777e+00,4.000000000000000192e-04
2.460002143055555411e+06,1.000133351488747380e+00,4.000000000000000192e-04
2.460002143749999814e+06,9.999793709010014187e-01,4.000000000000000192e-04
2.460002144444444217e+06,9.993533277841738505e-01,4.000000000000000192e-04
2.460002145138888620e+06,1.000125330104012722e+00,4.000000000000000192e-04
2.460002145833333023e+06,1.000455964983035351e+00,4.000000000000000192e-04
2.460002146527777892e+06,1.000625707895689498e+00,4.000000000000000192e-04
2.460002147222222295e+06,9.994801205759683560e-01,4.000000000000000192e-04
2.460002147916666698e+06,9.998836810816297271e-01,4.000000000000000192e-04
2.460002148611111101e+06,1.000126594257763291e+00,4.000000000000000192e-04
2.460002149305555504e+06,1.000626011583817920e+00,4.000000000000000192e-04
2.460002149999999907e+06,9.994599539522929232e-01,4.000000000000000192e-04
2.460002150694444310e+06,1.000130975864763627e+00,4.000000000000000192e-04
2.460002151388888713e+06,1.000031812660337360e+00,4.000000000000000192e-04
2.460002152083333116e+06,1.000618250510463714e+00,4.000000000000000192e-04
2.460002152777777519e+06,1.000260585002143987e+00,4.000000000000000192e-04
2.460002153472221922e+06,1.000073240146913678e+00,4.000000000000000192e-04
2.460002154166666791e+06,9.991698940914612859e-01,4.000000000000000192e-04
2.460002154861111194e+06,1.000268755820972855e+00,4.000000000000000192e-04
2.460002155555555597e+06,9.998377445748307668e-01,4.000000000000000192e-04
2.460002156250000000e+06,9.999940728348560848e-01,4.000000000000000192e-04
2.460002156944444403e+06,1.000662226329275928e+00,4.000000000000000192e-04
2.460002157638888806e+06,9.996491499275215187e-01,4.000000000000000192e-04
2.460002158333333209e+06,1.000246235131681205e+00,4.000000000000000192e-04
2.460002159027777612e+06,9.996566755082499922e-01,4.000000000000000192e-04
2.460002159722222015e+06,9.998600237152263093e-01,4.000000000000000192e-04
2.460002160416666418e+06,1.000106350286755541e+00,4.000000000000000192e-04
2.460002161111110821e+06,9.994541520403332768e-01,4.000000000000000192e-04
2.460002161805555690e+06,1.000079876193977535e+00,4.000000000000000192e-04
2.460002162500000093e+06,9.999088691685688035e-01,4.000000000000000192e-04
2.460002163194444496e+06,1.000325157215809169e+00,4.000000000000000192e-04
2.460002163888888899e+06,1.000199887242254171e+00,4.000000000000000192e-04
2.460002164583333302e+06,9.999023568384395322e-01,4.000000000000000192e-04
2.460002165277777705e+06,1.000086689642146309e+00,4.000000000000000192e-04
2.460002165972222108e+06,9.992997717848328687e-01,4.000000000000000192e-04
2.460002166666666511e+06,1.000536308593382273e+00,4.000000000000000192e-04
2.460002167361110914e+06,9.991867614075893300e-01,4.000000000000000192e-04
2.460002168055555318e+06,9.998284429024414388e-01,4.000000000000000192e-04
2.460002168749999721e+06,1.000317933373613855e+00,4.000000000000000192e-04
2.460002169444444124e+06,1.000353729451307849e+00,4.000000000000000192e-04
2.460002170138888992e+06,1.000210323438884386e+00,4.000000000000000192e-04
2.460002170833333395e+06,9.994833781806649053e-01,4.000000000000000192e-04
2.460002171527777798e+06,1.000325088600324541e+00,4.000000000000000192e-04
2.460002172222222202e+06,9.992942889859552924e-01,4.000000000000000192e-04
2.460002172916666605e+06,9.997818084034385544e-01,4.000000000000000192e-04
2.460002173611111008e+06,1.000038374425870513e+00,4.000000000000000192e-04
2.460002174305555411e+06,1.000147354739423733e+00,4.000000000000000192e-04
2.460002174999999814e+06,1.000106914213042764e+00,4.000000000000000192e-04
2.460002175694444217e+06,9.996221362641267705e-01,4.000000000000000192e-04
2.460002176388888620e+06,9.996827992582616451e-01,4.000000000000000192e-04
2.460002177083333023e+06,1.000263886614571884e+00,4.000000000000000192e-04
2.460002177777777892e+06,9.997817648625928477e-01,4.000000000000000192e-04
2.460002178472222295e+06,1.000078352566319273e+00,4.000000000000000192e-04
2.460002179166666698e+06,9.996935987535747747e-01,4.000000000000000192e-04
2.460002179861111101e+06,1.000218876697366754e+00,4.000000000000000192e-04
2.460002180555555504e+06,1.000213851675023413e+00,4.000000000000000192e-04
2.460002181249999907e+06,9.998376334375628227e-01,4.000000000000000192e-04
2.460002181944444310e+06,9.998271464609620462e-01,4.000000000000000192e-04
2.460002182638888713e+06,1.000495330837662511e+00,4.000000000000000192e-04
2.460002183333333116e+06,1.000173818841634477e+00,4.000000000000000192e-04
2.460002184027777519e+06,1.000290324852581403e+00,4.000000000000000192e-04
2.460002184722221922e+06,1.000718730102595044e+00,4.000000000000000192e-04
2.460002185416666791e+06,9.998024363945307025e-01,4.000000000000000192e-04
2.460002186111111194e+06,9.997620573419025991e-01,4.000000000000000192e-04
2.460002186805555597e+06,9.998491782513787562e-01,4.000000000000000192e-04
2.460002187500000000e+06,9.995410287052011178e-01,4.000000000000000192e-04
2.460002188194444403e+06,1.000032709636660799e+00,4.000000000000000192e-04
2.460002188888888806e+06,1.000055747913417559e+00,4.000000000000000192e-04
2.460002189583333209e+06,9.998827630651840881e-01,4.000000000000000192e-04
2.460002190277777612e+06,9.985759850182189812e-01,4.000000000000000192e-04
2.460002190972222015e+06,9.994040810043016698e-01,4.000000000000000192e-04
2.460002191666666418e+06,1.000042076852887485e+00,4.000000000000000192e-04
2.460002192361110821e+06,9.999852988128169473e-01,4.000000000000000192e-04
2.460002193055555690e+06,9.997764329772724778e-01,4.000000000000000192e-04
2.460002193750000093e+06,1.000333623812655448e+00,4.000000000000000192e-04
2.460002194444444496e+06,1.000581239478838480e+00,4.000000000000000192e-04
2.460002195138888899e+06,9.989255964579704106e-01,4.000000000000000192e-04
2.460002195833333302e+06,9.994400363495924422e-01,4.000000000000000192e-04
2.460002196527777705e+06,9.995590620523083780e-01,4.000000000000000192e-04
2.460002197222222108e+06,1.000385401382027917e+00,4.000000000000000192e-04
2.460002197916666511e+06,1.000276189780324732e+00,4.000000000000000192e-04
2.460002198611110914e+06,1.000125095305037792e+00,4.000000000000000192e-04
2.460002199305555318e+06,9.997599550773949018e-01,4.000000000000000192e-04
2.460002199999999721e+06,1.000537191547987259e+00,4.000000000000000192e-04
2.460002200694444124e+06,9.996304718619376528e-01,4.000000000000000192e-04
2.460002201388888992e+06,1.000277875910342562e+00,4.000000000000000192e-04
2.460002202083333395e+06,9.989718908643030471e-01,4.000000000000000192e-04
2.460002202777777798e+06,1.000197258821909463e+00,4.000000000000000192e-04
2.460002203472222202e+06,9.996822297439944549e-01,4.000000000000000192e-04
2.460002204166666605e+06,9.998263130352790240e-01,4.000000000000000192e-04
2.460002204861111008e+06,9.998744396855431260e-01,4.000000000000000192e-04
2.460002205555555411e+06,1.000112764692941303e+00,4.000000000000000192e-04
2.460002206249999814e+06,1.000106560078687368e+00,4.000000000000000192e-04
2.460002206944444217e+06,9.998800389299760116e-01,4.000000000000000192e-04
2.460002207638888620e+06,1.000094939266095384e+00,4.000000000000000192e-04
2.460002208333333023e+06,9.999996589875829178e-01,4.000000000000000192e-04
2.460002209027777892e+06,9.997476041243357203e-01,4.000000000000000192e-04
2.460002209722222295e+06,9.998099296553494275e-01,4.000000000000000192e-04
2.460002210416666698e+06,1.000353851664336657e+00,4.000000000000000192e-04
2.460002211111111101e+06,9.994487286822772987e-01,4.000000000000000192e-04
2.460002211805555504e+06,9.996476807097076644e-01,4.000000000000000192e-04
2.460002212499999907e+06,9.997967226916419925e-01,4.000000000000000192e-04
2.460002213194444310e+06,1.000078760109475162e+00,4.000000000000000192e-04
2.460002213888888713e+06,1.000299293880575036e+00,4.000000000000000192e-04
2.460002214583333116e+06,1.000277704769842346e+00,4.000000000000000192e-04
2.460002215277777519e+06,1.000562195070681337e+00,4.000000000000000192e-04
2.460002215972221922e+06,9.998190279112437739e-01,4.000000000000000192e-04
2.460002216666666791e+06,9.998531593807780116e-01,4.000000000000000192e-04
2.460002217361111194e+06,9.996428219828412676e-01,4.000000000000000192e-04
2.460002218055555597e+06,9.997873661051907002e-01,4.000000000000000192e-04
2.460002218750000000e+06,1.000446385903793090e+00,4.000000000000000192e-04
2.460002219444444403e+06,9.997412299359647037e-01,4.000000000000000192e-04
2.460002220138888806e+06,9.998727080005459511e-01,4.000000000000000192e-04
2.460002220833333209e+06,1.000177376301774723e+00,4.000000000000000192e-04
2.460002221527777612e+06,9.998527703072527251e-01,4.000000000000000192e-04
2.460002222222222015e+06,9.995325189117311160e-01,4.000000000000000192e-04
2.460002222916666418e+06,1.000091304282839433e+00,4.000000000000000192e-04
2.460002223611110821e+06,1.000196932562193330e+00,4.000000000000000192e-04
2.460002224305555690e+06,9.999950642710118132e-01,4.000000000000000192e-04
2.460002225000000093e+06,1.000458436116583805e+00,4.000000000000000192e-04
2.460002225694444496e+06,1.000058378311241336e+00,4.000000000000000192e-04
2.460002226388888899e+06,9.997250236551390445e-01,4.000000000000000192e-04
2.460002227083333302e+06,9.999716803298790424e-01,4.000000000000000192e-04
2.460002227777777705e+06,9.999482403769713867e-01,4.000000000000000192e-04
2.460002228472222108e+06,9.996425464483545964e-01,4.000000000000000192e-04
2.460002229166666511e+06,1.000667740942654316e+00,4.000000000000000192e-04
2.460002229861110914e+06,1.000158196924852749e+00,4.000000000000000192e-04
2.460002230555555318e+06,1.000065269966719850e+00,4.000000000000000192e-04
2.460002231249999721e+06,1.000113754865941784e+00,4.000000000000000192e-04
2.460002231944444124e+06,9.993843454582158614e-01,4.000000000000000192e-04
2.460002232638888992e+06,9.998457069526638374e-01,4.000000000000000192e-04
2.460002233333333395e+06,1.000229084433765347e+00,4.000000000000000192e-04
2.460002234027777798e+06,9.998557723257280871e-01,4.000000000000000192e-04
2.460002234722222202e+06,9.999006260667312462e-01,4.000000000000000192e-04
2.460002235416666605e+06,9.998025346111156786e-01,4.000000000000000192e-04
2.460002236111111008e+06,1.000291994274562279e+00,4.000000000000000192e-04
2.460002236805555411e+06,9.997220428789732605e-01,4.000000000000000192e-04
2.460002237499999814e+06,1.000100415272660692e+00,4.000000000000000192e-04
2.460002238194444217e+06,9.994014288752940400e-01,4.000000000000000192e-04
2.460002238888888620e+06,1.000042814888262077e+00,4.000000000000000192e-04
2.460002239583333023e+06,1.000564058464251893e+00,4.000000000000000192e-04
2.460002240277777892e+06,1.000719723837784958e+00,4.000000000000000192e-04
2.460002240972222295e+06,1.000093173600619778e+00,4.000000000000000192e-04
2.460002241666666698e+06,1.000287906735235932e+00,4.000000000000000192e-04
2.460002242361111101e+06,1.000108302962788631e+00,4.000000000000000192e-04
2.460002243055555504e+06,9.995800444316419453e-01,4.000000000000000192e-04
2.460002243749999907e+06,9.998496893889080583e-01,4.000000000000000192e-04
2.460002244444444310e+06,1.000257204187306348e+00,4.000000000000000192e-04
2.460002245138888713e+06,9.999477200674712352e-01,4.000000000000000192e-04
2.460002245833333116e+06,9.999669689522840965e-01,4.000000000000000192e-04
2.460002246527777519e+06,1.000111583601489329e+00,4.000000000000000192e-04
2.460002247222221922e+06,9.994018382496975272e-01,4.000000000000000192e-04
2.460002247916666791e+06,1.000356021015267771e+00,4.000000000000000192e-04
2.460002248611111194e+06,1.000574536921670532e+00,4.000000000000000192e-04
2.460002249305555597e+06,1.000093499373998940e+00,4.000000000000000192e-04
2.460002250000000000e+06,9.993709040092678686e-01,4.000000000000000192e-04
2.460002250694444403e+06,1.000128894533126367e+00,4.000000000000000192e-04
2.460002251388888806e+06,1.000004341563394572e+00,4.000000000000000192e-04
2.460002252083333209e+06,9.995926472709927291e-01,4.000000000000000192e-04
2.460002252777777612e+06,1.000341272507881740e+00,4.000000000000000192e-04
2.460002253472222015e+06,9.998871421594741626e-01,4.000000000000000192e-04
2.460002254166666418e+06,9.995912349327796820e-01,4.000000000000000192e-04
2.460002254861110821e+06,9.994634395288515272e-01,4.000000000000000192e-04
2.460002255555555690e+06,1.000042509439867722e+00,4.000000000000000192e-04
2.460002256250000093e+06,9.999565451295575613e-01,4.000000000000000192e-04
2.460002256944444496e+06,1.000032758108408526e+00,4.000000000000000192e-04
2.460002257638888899e+06,1.000945406733849907e+00,4.000000000000000192e-04
2.460002258333333302e+06,9.999789344963379012e-01,4.000000000000000192e-04
2.460002259027777705e+06,1.000170082262256788e+00,4.000000000000000192e-04
2.460002259722222108e+06,1.000208040091781658e+00,4.000000000000000192e-04
2.460002260416666511e+06,9.996515288459584259e-01,4.000000000000000192e-04
2.460002261111110914e+06,1.000552352508011777e+00,4.000000000000000192e-04
2.460002261805555318e+06,1.000054830260608707e+00,4.000000000000000192e-04
2.460002262499999721e+06,1.000354170680254784e+00,4.000000000000000192e-04
2.460002263194444124e+06,1.000591379238521483e+00,4.000000000000000192e-04
2.460002263888888992e+06,1.000321210920861015e+00,4.000000000000000192e-04
2.460002264583333395e+06,9.999760907828473266e-01,4.000000000000000192e-04
2.460002265277777798e+06,1.000716561290487583e+00,4.000000000000000192e-04
2.460002265972222202e+06,1.000133706612147844e+00,4.000000000000000192e-04
2.460002266666666605e+06,9.998705934605564005e-01,4.000000000000000192e-04
2.460002267361111008e+06,9.998968246019729333e-01,4.000000000000000192e-04
2.460002268055555411e+06,1.000022601763838059e+00,4.000000000000000192e-04
2.460002268749999814e+06,1.000673795412756695e+00,4.000000000000000192e-04
2.460002269444444217e+06,9.996448308320415865e-01,4.000000000000000192e-04
2.460002270138888620e+06,1.000397856006901565e+00,4.000000000000000192e-04
2.460002270833333023e+06,1.000002707350860387e+00,4.000000000000000192e-04
2.460002271527777892e+06,9.999571584855609929e-01,4.000000000000000192e-04
2.460002272222222295e+06,9.999260087889786375e-01,4.000000000000000192e-04
2.460002272916666698e+06,9.999285213014283968e-01,4.000000000000000192e-04
2.460002273611111101e+06,9.994896799940742316e-01,4.000000000000000192e-04
2.460002274305555504e+06,1.000700728180766497e+00,4.000000000000000192e-04
2.460002274999999907e+06,1.000174374459659177e+00,4.000000000000000192e-04
2.460002275694444310e+06,9.994617650441356416e-01,4.000000000000000192e-04
2.460002276388888713e+06,9.992958154901874224e-01,4.000000000000000192e-04
2.460002277083333116e+06,9.998446152157675071e-01,4.000000000000000192e-04
2.460002277777777519e+06,1.000009034783134521e+00,4.000000000000000192e-04
2.460002278472221922e+06,9.991102372968013734e-01,4.000000000000000192e-04
2.460002279166666791e+06,1.000149151585253415e+00,4.000000000000000192e-04
2.460002279861111194e+06,9.995794640524077179e-01,4.000000000000000192e-04
2.460002280555555597e+06,1.000544716844173232e+00,4.000000000000000192e-04
2.460002281250000000e+06,1.000246384590683713e+00,4.000000000000000192e-04
2.460002281944444403e+06,9.999967010476384921e-01,4.000000000000000192e-04
2.460002282638888806e+06,1.000947039343755618e+00,4.000000000000000192e-04
2.460002283333333209e+06,9.998417661668052014e-01,4.000000000000000192e-04
2.460002284027777612e+06,9.996818446264833513e-01,4.000000000000000192e-04
2.460002284722222015e+06,9.997207819597906386e-01,4.000000000000000192e-04
2.460002285416666418e+06,9.986690569758911451e-01,4.000000000000000192e-04
2.460002286111110821e+06,9.999220777019885986e-01,4.000000000000000192e-04
2.460002286805555690e+06,1.000819065167748212e+00,4.000000000000000192e-04
2.460002287500000093e+06,9.995952346520120546e-01,4.000000000000000192e-04
2.460002288194444496e+06,1.000326496187770475e+00,4.000000000000000192e-04
2.460002288888888899e+06,1.000145136890595365e+00,4.000000000000000192e-04
2.460002289583333302e+06,1.000486186238952246e+00,4.000000000000000192e-04
2.460002290277777705e+06,1.000177050430302250e+00,4.000000000000000192e-04
2.460002290972222108e+06,9.998286948067675040e-01,4.000000000000000192e-04
2.460002291666666511e+06,1.000126423468040038e+00,4.000000000000000192e-04
2.460002292361110914e+06,9.996697699030813178e-01,4.000000000000000192e-04
2.460002293055555318e+06,9.997708079572071860e-01,4.000000000000000192e-04
2.460002293749999721e+06,9.993558987884909595e-01,4.000000000000000192e-04
2.460002294444444124e+06,1.000015928410785904e+00,4.000000000000000192e-04
2.460002295138888992e+06,1.000335670367993091e+00,4.000000000000000192e-04
2.460002295833333395e+06,9.997021232884493180e-01,4.000000000000000192e-04
2.460002296527777798e+06,1.000403706830949035e+00,4.000000000000000192e-04
2.460002297222222202e+06,9.997684593340038228e-01,4.000000000000000192e-04
2.460002297916666605e+06,1.000502745460337239e+00,4.000000000000000192e-04
2.460002298611111008e+06,1.000024230060291286e+00,4.000000000000000192e-04
2.460002299305555411e+06,1.000005042725394144e+00,4.000000000000000192e-04
2.460002299999999814e+06,9.997800727220331751e-01,4.000000000000000192e-04
2.460002300694444217e+06,1.000654735574362686e+00,4.000000000000000192e-04
2.460002301388888620e+06,9.999979565600802811e-01,4.000000000000000192e-04
2.460002302083333023e+06,1.000088888013539457e+00,4.000000000000000192e-04
2.460002302777777892e+06,1.000086964897177522e+00,4.000000000000000192e-04
2.460002303472222295e+06,1.000849459030143551e+00,4.000000000000000192e-04
2.460002304166666698e+06,9.999750262757451935e-01,4.000000000000000192e-04
2.460002304861111101e+06,9.998689124519783977e-01,4.000000000000000192e-04
2.460002305555555504e+06,9.995728045547325191e-01,4.000000000000000192e-04
2.460002306249999907e+06,9.998797896381134143e-01,4.000000000000000192e-04
2.460002306944444310e+06,9.997898959135224084e-01,4.000000000000000192e-04
2.460002307638888713e+06,9.998602511832821449e-01,4.000000000000000192e-04
2.460002308333333116e+06,1.000237640014870255e+00,4.000000000000000192e-04
2.460002309027777519e+06,9.995867683486275856e-01,4.000000000000000192e-04
2.460002309722221922e+06,1.000392589479033978e+00,4.000000000000000192e-04
2.460002310416666791e+06,1.000735170662823137e+00,4.000000000000000192e-04
2.460002311111111194e+06,1.000164987975946884e+00,4.000000000000000192e-04
2.460002311805555597e+06,9.998015665709760746e-01,4.000000000000000192e-04
2.460002312500000000e+06,1.000489711649173330e+00,4.000000000000000192e-04
2.460002313194444403e+06,1.000336329691900783e+00,4.000000000000000192e-04
2.460002313888888806e+06,1.000518439189378217e+00,4.000000000000000192e-04
2.460002314583333209e+06,1.000688356995965700e+00,4.000000000000000192e-04
2.460002315277777612e+06,9.996591736305364684e-01,4.000000000000000192e-04
2.460002315972222015e+06,9.998777323749434842e-01,4.000000000000000192e-04
2.460002316666666418e+06,1.000409951196867819e+00,4.000000000000000192e-04
2.460002317361110821e+06,9.994913268530308814e-01,4.000000000000000192e-04
2.460002318055555690e+06,1.000242314028362944e+00,4.000000000000000192e-04
2.460002318750000093e+06,1.000155240929956557e+00,4.000000000000000192e-04
2.460002319444444496e+06,1.000734631721489798e+00,4.000000000000000192e-04
2.460002320138888899e+06,1.000073598061406832e+00,4.000000000000000192e-04
2.460002320833333302e+06,9.998511778356560242e-01,4.000000000000000192e-04
2.460002321527777705e+06,9.994807923376345382e-01,4.000000000000000192e-04
2.460002322222222108e+06,1.000101201406735862e+00,4.000000000000000192e-04
2.460002322916666511e+06,1.000505623018696610e+00,4.000000000000000192e-04
2.460002323611110914e+06,1.000051674740323637e+00,4.000000000000000192e-04
2.460002324305555318e+06,1.000562080922632324e+00,4.000000000000000192e-04
2.460002324999999721e+06,9.996045674572942019e-01,4.000000000000000192e-04
2.460002325694444124e+06,1.000767816373844932e+00,4.000000000000000192e-04
2.460002326388888992e+06,9.994566953696119027e-01,4.000000000000000192e-04
2.460002327083333395e+06,9.996607144412947843e-01,4.000000000000000192e-04
2.460002327777777798e+06,9.998674164571894618e-01,4.000000000000000192e-04
2.460002328472222202e+06,9.994276715141811041e-01,4.000000000000000192e-04
2.460002329166666605e+06,9.991033238466022759e-01,4.000000000000000192e-04
2.460002329861111008e+06,1.000181254881520321e+00,4.000000000000000192e-04
2.460002330555555411e+06,9.999653916933144426e-01,4.000000000000000192e-04
2.460002331249999814e+06,9.996433054342034330e-01,4.000000000000000192e-04
2.460002331944444217e+06,1.000168530211827500e+00,4.000000000000000192e-04
2.460002332638888620e+06,1.000907944057657595e+00,4.000000000000000192e-04
2.460002333333333023e+06,9.994525467654784556e-01,4.000000000000000192e-04
2.460002334027777892e+06,9.995886734603115498e-01,4.000000000000000192e-04
2.460002334722222295e+06,1.000132796004876701e+00,4.000000000000000192e-04
2.460002335416666698e+06,9.994731222059505260e-01,4.000000000000000192e-04
2.460002336111111101e+06,9.996968842270202993e-01,4.000000000000000192e-04
2.460002336805555504e+06,1.000540230749447757e+00,4.000000000000000192e-04
2.460002337499999907e+06,9.999566920282456639e-01,4.000000000000000192e-04
2.460002338194444310e+06,9.988548127602503435e-01,4.000000000000000192e-04
2.460002338888888713e+06,1.000889797428637706e+00,4.000000000000000192e-04
2.460002339583333116e+06,9.994804352383939161e-01,4.000000000000000192e-04
2.460002340277777519e+06,9.997630784586705177e-01,4.000000000000000192e-04
2.460002340972221922e+06,9.999782326632462581e-01,4.000000000000000192e-04
2.460002341666666791e+06,9.999182427231377845e-01,4.000000000000000192e-04
2.460002342361111194e+06,9.997887774322206100e-01,4.000000000000000192e-04
2.460002343055555597e+06,1.000178168667019696e+00,4.000000000000000192e-04
2.460002343750000000e+06,9.999847486511729278e-01,4.000000000000000192e-04
2.460002344444444403e+06,1.000116405932422348e+00,4.000000000000000192e-04
2.460002345138888806e+06,1.000068710347925105e+00,4.000000000000000192e-04
2.460002345833333209e+06,1.000005482812940549e+00,4.000000000000000192e-04
2.460002346527777612e+06,9.998225111626367623e-01,4.000000000000000192e-04
2.460002347222222015e+06,1.000200800881351659e+00,4.000000000000000192e-04
2.460002347916666418e+06,9.997696254675705330e-01,4.000000000000000192e-04
2.460002348611110821e+06,9.998688349657811614e-01,4.000000000000000192e-04
2.460002349305555690e+06,1.000142755398986782e+00,4.000000000000000192e-04
2.460002350000000093e+06,1.000697846767108379e+00,4.000000000000000192e-04
2.460002350694444496e+06,1.000116181686728334e+00,4.000000000000000192e-04
2.460002351388888899e+06,9.999322355789410643e-01,4.000000000000000192e-04
2.460002352083333302e+06,9.998126170957210013e-01,4.000000000000000192e-04
2.460002352777777705e+06,1.000270916499394147e+00,4.000000000000000192e-04
2.460002353472222108e+06,1.000099204055335367e+00,4.000000000000000192e-04
2.460002354166666511e+06,1.000805196725220281e+00,4.000000000000000192e-04
2.460002354861110914e+06,9.997334806842468335e-01,4.000000000000000192e-04
2.460002355555555318e+06,1.000366243956867907e+00,4.000000000000000192e-04
2.460002356249999721e+06,9.993628472091077297e-01,4.000000000000000192e-04
2.460002356944444124e+06,1.000909750192864545e+00,4.000000000000000192e-04
2.460002357638888992e+06,9.999579883511230394e-01,4.000000000000000192e-04
2.460002358333333395e+06,9.998577540537475494e-01,4.000000000000000192e-04
2.460002359027777798e+06,1.000923026660320403e+00,4.000000000000000192e-04
2.460002359722222202e+06,9.999877457486643362e-01,4.000000000000000192e-04
2.460002360416666605e+06,1.000511674621240799e+00,4.000000000000000192e-04
2.460002361111111008e+06,1.000148483909465202e+00,4.000000000000000192e-04
2.460002361805555411e+06,1.000012921689366951e+00,4.000000000000000192e-04
2.460002362499999814e+06,9.993951482929415153e-01,4.000000000000000192e-04
2.460002363194444217e+06,1.000093282971035391e+00,4.000000000000000192e-04
2.460002363888888620e+06,9.995762778213289623e-01,4.000000000000000192e-04
2.460002364583333023e+06,1.000748098141829079e+00,4.000000000000000192e-04
2.460002365277777892e+06,9.997943713221709716e-01,4.000000000000000192e-04
2.460002365972222295e+06,9.997560931535747208e-01,4.000000000000000192e-04
2.460002366666666698e+06,9.996598231561868442e-01,4.000000000000000192e-04
2.460002367361111101e+06,9.997713070230265231e-01,4.000000000000000192e-04
2.460002368055555504e+06,1.000140151444903536e+00,4.000000000000000192e-04
2.460002368749999907e+06,1.000386140979513838e+00,4.000000000000000192e-04
2.460002369444444310e+06,9.998172809762373436e-01,4.000000000000000192e-04
2.460002370138888713e+06,9.996486690167170064e-01,4.000000000000000192e-04
2.460002370833333116e+06,1.000018636082132595e+00,4.000000000000000192e-04
2.460002371527777519e+06,1.000245980220048958e+00,4.000000000000000192e-04
2.460002372222221922e+06,9.996744857545687424e-01,4.000000000000000192e-04
2.460002372916666791e+06,9.996015529839087366e-01,4.000000000000000192e-04
2.460002373611111194e+06,9.997490228761886089e-01,4.000000000000000192e-04
2.460002374305555597e+06,1.000150175387326312e+00,4.000000000000000192e-04
2.460002375000000000e+06,1.000005238867032853e+00,4.000000000000000192e-04
2.460002375694444403e+06,9.995728495785601853e-01,4.000000000000000192e-04
2.460002376388888806e+06,1.000466006793742535e+00,4.000000000000000192e-04
2.460002377083333209e+06,1.000348318574548534e+00,4.000000000000000192e-04
2.460002377777777612e+06,9.999800344189535561e-01,4.000000000000000192e-04
2.460002378472222015e+06,1.000281317942206094e+00,4.000000000000000192e-04
2.460002379166666418e+06,1.000873888906976816e+00,4.000000000000000192e-04
2.460002379861110821e+06,1.000345363986991254e+00,4.000000000000000192e-04
2.460002380555555690e+06,1.000002315724173974e+00,4.000000000000000192e-04
2.460002381250000093e+06,9.998314930631049258e-01,4.000000000000000192e-04
2.460002381944444496e+06,9.997013570997087539e-01,4.000000000000000192e-04
2.460002382638888899e+06,9.996990636760368920e-01,4.000000000000000192e-04
2.460002383333333302e+06,1.000613972990878286e+00,4.000000000000000192e-04
2.460002384027777705e+06,1.000039520637681312e+00,4.000000000000000192e-04
2.460002384722222108e+06,1.000425366730702148e+00,4.000000000000000192e-04
2.460002385416666511e+06,9.995233915719266005e-01,4.000000000000000192e-04
2.460002386111110914e+06,9.994592617332049844e-01,4.000000000000000192e-04
2.460002386805555318e+06,9.997814201349239926e-01,4.000000000000000192e-04
2.460002387499999721e+06,1.000115260778660975e+00,4.000000000000000192e-04
2.460002388194444124e+06,1.000512531531444038e+00,4.000000000000000192e-04
2.460002388888888992e+06,9.994151853553505660e-01,4.000000000000000192e-04
2.460002389583333395e+06,9.996023803218584414e-01,4.000000000000000192e-04
2.460002390277777798e+06,9.999479535492203919e-01,4.000000000000000192e-04
2.460002390972222202e+06,1.000312121130890297e+00,4.000000000000000192e-04
2.460002391666666605e+06,1.000122236917492691e+00,4.000000000000000192e-04
2.460002392361111008e+06,9.996858267550529087e-01,4.000000000000000192e-04
2.460002393055555411e+06,9.996341183392802865e-01,4.000000000000000192e-04
2.460002393749999814e+06,9.996388953843200476e-01,4.000000000000000192e-04
2.460002394444444217e+06,9.997437280644017044e-01,4.000000000000000192e-04
2.460002395138888620e+06,9.996476798636733108e-01,4.000000000000000192e-04
2.460002395833333023e+06,9.993291640441692714e-01,4.000000000000000192e-04
2.460002396527777892e+06,9.991524611492655916e-01,4.000000000000000192e-04
2.460002397222222295e+06,9.999105411629221063e-01,4.000000000000000192e-04
2.460002397916666698e+06,9.993792994586578882e-01,4.000000000000000192e-04
2.460002398611111101e+06,1.000390551104433756e+00,4.000000000000000192e-04
2.460002399305555504e+06,9.992946428575252282e-01,4.000000000000000192e-04
2.460002399999999907e+06,1.001043163990704921e+00,4.000000000000000192e-04
2.460002400694444310e+06,9.993500187173748328e-01,4.000000000000000192e-04
2.460002401388888713e+06,9.999567919677159189e-01,4.000000000000000192e-04
2.460002402083333116e+06,1.000462815558261553e+00,4.000000000000000192e-04
2.460002402777777519e+06,1.000802255174207955e+00,4.000000000000000192e-04
2.460002403472221922e+06,9.989644375625734707e-01,4.000000000000000192e-04
2.460002404166666791e+06,9.999736282798910025e-01,4.000000000000000192e-04
2.460002404861111194e+06,9.997222774074119300e-01,4.000000000000000192e-04
2.460002405555555597e+06,9.999827479425962284e-01,4.000000000000000192e-04
2.460002406250000000e+06,9.999502720449633397e-01,4.000000000000000192e-04
2.460002406944444403e+06,1.000514303174082631e+00,4.000000000000000192e-04
2.460002407638888806e+06,9.995077577055101470e-01,4.000000000000000192e-04
2.460002408333333209e+06,9.997409063837330301e-01,4.000000000000000192e-04
2.460002409027777612e+06,9.996643717476694224e-01,4.000000000000000192e-04
2.460002409722222015e+06,9.999150077556044902e-01,4.000000000000000192e-04
2.460002410416666418e+06,9.999112532447136381e-01,4.000000000000000192e-04
2.460002411111110821e+06,1.000018434509704957e+00,4.000000000000000192e-04
2.460002411805555690e+06,1.000416335280382096e+00,4.000000000000000192e-04
2.460002412500000093e+06,9.998533452465714344e-01,4.000000000000000192e-04
2.460002413194444496e+06,1.000249770034744135e+00,4.000000000000000192e-04
2.460002413888888899e+06,9.998065322159066515e-01,4.000000000000000192e-04
2.460002414583333302e+06,1.000379532851817688e+00,4.000000000000000192e-04
2.460002415277777705e+06,1.000234337073377944e+00,4.000000000000000192e-04
2.460002415972222108e+06,1.000016519727892961e+00,4.000000000000000192e-04
2.460002416666666511e+06,9.998664212752704783e-01,4.000000000000000192e-04
2.460002417361110914e+06,1.000133981098779712e+00,4.000000000000000192e-04
2.460002418055555318e+06,9.997768125830611696e-01,4.000000000000000192e-04
2.460002418749999721e+06,9.997085658074646997e-01,4.000000000000000192e-04
2.460002419444444124e+06,9.994586767088147194e-01,4.000000000000000192e-04
2.460002420138888992e+06,9.999264098465419082e-01,4.000000000000000192e-04
2.460002420833333395e+06,1.000077947523543953e+00,4.000000000000000192e-04
2.460002421527777798e+06,9.999221316152286931e-01,4.000000000000000192e-04
2.460002422222222202e+06,1.000333578550968161e+00,4.000000000000000192e-04
2.460002422916666605e+06,1.000168304621641635e+00,4.000000000000000192e-04
2.460002423611111008e+06,1.000368908302462945e+00,4.000000000000000192e-04
2.460002424305555411e+06,1.000223029178304746e+00,4.000000000000000192e-04
2.460002424999999814e+06,1.000423165681054716e+00,4.000000000000000192e-04
2.460002425694444217e+06,1.000280010065689229e+00,4.000000000000000192e-04
2.460002426388888620e+06,1.000552152686690732e+00,4.000000000000000192e-04
2.460002427083333023e+06,9.994102881044176767e-01,4.000000000000000192e-04
2.460002427777777892e+06,1.000928668936123422e+00,4.000000000000000192e-04
2.460002428472222295e+06,1.000161043970209107e+00,4.000000000000000192e-04
2.460002429166666698e+06,9.996356465607281194e-01,4.000000000000000192e-04
2.460002429861111101e+06,9.999723584443568347e-01,4.000000000000000192e-04
2.460002430555555504e+06,9.994854746610978280e-01,4.000000000000000192e-04
2.460002431249999907e+06,1.000370530202796981e+00,4.000000000000000192e-04
2.460002431944444310e+06,9.998921659097239623e-01,4.000000000000000192e-04
2.460002432638888713e+06,9.994334668894956364e-01,4.000000000000000192e-04
2.460002433333333116e+06,1.000866570969398017e+00,4.000000000000000192e-04
2.460002434027777519e+06,1.000873911579342579e+00,4.000000000000000192e-04
2.460002434722221922e+06,1.000309476782530016e+00,4.000000000000000192e-04
2.460002435416666791e+06,1.000988584518733404e+00,4.000000000000000192e-04
2.460002436111111194e+06,9.991836012814867551e-01,4.000000000000000192e-04
2.460002436805555597e+06,9.998447591044065108e-01,4.000000000000000192e-04
2.460002437500000000e+06,1.000196189619880993e+00,4.000000000000000192e-04
2.460002438194444403e+06,9.996777770857565582e-01,4.000000000000000192e-04
2.460002438888888806e+06,1.000274869075878703e+00,4.000000000000000192e-04
2.460002439583333209e+06,9.995121995264549808e-01,4.000000000000000192e-04
2.460002440277777612e+06,9.997168979225352636e-01,4.000000000000000192e-04
2.460002440972222015e+06,9.997422969007940807e-01,4.000000000000000192e-04
2.460002441666666418e+06,1.000282739189925385e+00,4.000000000000000192e-04
2.460002442361110821e+06,9.992382592085478077e-01,4.000000000000000192e-04
2.460002443055555690e+06,9.997384293379260045e-01,4.000000000000000192e-04
2.460002443750000093e+06,9.998593022927575458e-01,4.000000000000000192e-04
2.460002444444444496e+06,1.000037286344232168e+00,4.000000000000000192e-04
2.460002445138888899e+06,9.999554734089322050e-01,4.000000000000000192e-04
2.460002445833333302e+06,9.999360955667030426e-01,4.000000000000000192e-04
2.460002446527777705e+06,9.996290885693902561e-01,4.000000000000000192e-04
2.460002447222222108e+06,9.998861947943840089e-01,4.000000000000000192e-04
2.460002447916666511e+06,9.998976945728240695e-01,4.000000000000000192e-04
2.460002448611110914e+06,1.000724073742800480e+00,4.000000000000000192e-04
2.460002449305555318e+06,9.994532263086570723e-01,4.000000000000000192e-04
2.460002449999999721e+06,9.998140278027365380e-01,4.000000000000000192e-04
2.460002450694444124e+06,1.000248388112010112e+00,4.000000000000000192e-04
2.460002451388888992e+06,9.997676287789407645e-01,4.000000000000000192e-04
2.460002452083333395e+06,1.000188175581508521e+00,4.000000000000000192e-04
2.460002452777777798e+06,9.999722928439372938e-01,4.000000000000000192e-04
2.460002453472222202e+06,9.996846867956072913e-01,4.000000000000000192e-04
2.460002454166666605e+06,1.000110998077906821e+00,4.000000000000000192e-04
2.460002454861111008e+06,1.000258254566190219e+00,4.000000000000000192e-04
2.460002455555555411e+06,1.000156967911193906e+00,4.000000000000000192e-04
2.460002456249999814e+06,9.992499785101737197e-01,4.000000000000000192e-04
2.460002456944444217e+06,9.999080072601824742e-01,4.000000000000000192e-04
2.460002457638888620e+06,9.997682171586894651e-01,4.000000000000000192e-04
2.460002458333333023e+06,1.000334845989732324e+00,4.000000000000000192e-04
2.460002459027777892e+06,9.997293208737588754e-01,4.000000000000000192e-04
2.460002459722222295e+06,9.995455402049399085e-01,4.000000000000000192e-04
2.460002460416666698e+06,9.998962657242171925e-01,4.000000000000000192e-04
2.460002461111111101e+06,1.000365930150298954e+00,4.000000000000000192e-04
2.460002461805555504e+06,9.999839167846085175e-01,4.000000000000000192e-04
2.460002462499999907e+06,1.000090842194229612e+00,4.000000000000000192e-04
2.460002463194444310e+06,1.000277724097427656e+00,4.000000000000000192e-04
2.460002463888888713e+06,1.000042434443285888e+00,4.000000000000000192e-04
2.460002464583333116e+06,9.998942488604982692e-01,4.000000000000000192e-04
2.460002465277777519e+06,9.998836639759369760e-01,4.000000000000000192e-04
2.460002465972221922e+06,9.999715372191108065e-01,4.000000000000000192e-04
2.460002466666666791e+06,1.000016403828776435e+00,4.000000000000000192e-04
2.460002467361111194e+06,1.000587835214463261e+00,4.000000000000000192e-04
2.460002468055555597e+06,1.000048942279585962e+00,4.000000000000000192e-04
2.460002468750000000e+06,9.998603832976037387e-01,4.000000000000000192e-04
2.460002469444444403e+06,9.998609732086012336e-01,4.000000000000000192e-04
2.460002470138888806e+06,1.000213579604319891e+00,4.000000000000000192e-04
2.460002470833333209e+06,1.000108258387149895e+00,4.000000000000000192e-04
2.460002471527777612e+06,9.995396461009269373e-01,4.000000000000000192e-04
2.460002472222222015e+06,1.000776439113579164e+00,4.000000000000000192e-04
2.460002472916666418e+06,1.000352025343195894e+00,4.000000000000000192e-04
2.460002473611110821e+06,9.997179837690246540e-01,4.000000000000000192e-04
2.460002474305555690e+06,9.998902297968592645e-01,4.000000000000000192e-04
2.460002475000000093e+06,1.000102888261464873e+00,4.000000000000000192e-04
2.460002475694444496e+06,9.996462077058037021e-01,4.000000000000000192e-04
2.460002476388888899e+06,1.000083903691460607e+00,4.000000000000000192e-04
2.460002477083333302e+06,1.000512451045142193e+00,4.000000000000000192e-04
2.460002477777777705e+06,9.995246027772577424e-01,4.000000000000000192e-04
2.460002478472222108e+06,1.000447638009633655e+00,4.000000000000000192e-04
2.460002479166666511e+06,1.000133302722173045e+00,4.000000000000000192e-04
2.460002479861110914e+06,1.000057212626648706e+00,4.000000000000000192e-04
2.460002480555555318e+06,1.000350801444092719e+00,4.000000000000000192e-04
2.460002481249999721e+06,9.993360758018635659e-01,4.000000000000000192e-04
2.460002481944444124e+06,9.995935697656794794e-01,4.000000000000000192e-04
2.460002482638888992e+06,9.999313532449940478e-01,4.000000000000000192e-04
2.460002483333333395e+06,1.000219167926251762e+00,4.000000000000000192e-04
2.460002484027777798e+06,1.000635287668569351e+00,4.000000000000000192e-04
2.460002484722222202e+06,9.996896287488858945e-01,4.000000000000000192e-04
2.460002485416666605e+06,1.000299241166684672e+00,4.000000000000000192e-04
2.460002486111111008e+06,1.000290537851529660e+00,4.000000000000000192e-04
2.460002486805555411e+06,1.000265521315086614e+00,4.000000000000000192e-04
2.460002487499999814e+06,9.997919707714095772e-01,4.000000000000000192e-04
2.460002488194444217e+06,1.000464320249895289e+00,4.000000000000000192e-04
2.460002488888888620e+06,1.000266839340078429e+00,4.000000000000000192e-04
2.460002489583333023e+06,9.997425485001384393e-01,4.000000000000000192e-04
2.460002490277777892e+06,9.995104800182396110e-01,4.000000000000000192e-04
2.460002490972222295e+06,9.995549667313233799e-01,4.000000000000000192e-04
2.460002491666666698e+06,1.000453557708926411e+00,4.000000000000000192e-04
2.460002492361111101e+06,9.995866514936131431e-01,4.000000000000000192e-04
2.460002493055555504e+06,1.000318554487214184e+00,4.000000000000000192e-04
2.460002493749999907e+06,1.000025149511698519e+00,4.000000000000000192e-04
2.460002494444444310e+06,9.993513239750172472e-01,4.000000000000000192e-04
2.460002495138888713e+06,9.997562607246676114e-01,4.000000000000000192e-04
2.460002495833333116e+06,9.998061399063972177e-01,4.000000000000000192e-04
2.460002496527777519e+06,1.000118472427911964e+00,4.000000000000000192e-04
2.460002497222221922e+06,9.993474397024200151e-01,4.000000000000000192e-04
2.460002497916666791e+06,1.000039729291293922e+00,4.000000000000000192e-04
2.460002498611111194e+06,9.999426231011575572e-01,4.000000000000000192e-04
2.460002499305555597e+06,9.992911869162117711e-01,4.000000000000000192e-04
2.460002500000000000e+06,1.000725020048808478e+00,4.000000000000000192e-04
2.460002500694444403e+06,1.000440628445312896e+00,4.000000000000000192e-04
2.460002501388888806e+06,9.999705516978260045e-01,4.000000000000000192e-04
2.460002502083333209e+06,9.997246180729041365e-01,4.000000000000000192e-04
2.460002502777777612e+06,1.000107596890210448e+00,4.000000000000000192e-04
2.460002503472222015e+06,1.000792065604506176e+00,4.000000000000000192e-04
2.460002504166666418e+06,1.000346078362483793e+00,4.000000000000000192e-04
2.460002504861110821e+06,1.000227103121542838e+00,4.000000000000000192e-04
2.460002505555555690e+06,1.000615484940300615e+00,4.000000000000000192e-04
2.460002506250000093e+06,1.000171336381286746e+00,4.000000000000000192e-04
2.460002506944444496e+06,1.000279852456314789e+00,4.000000000000000192e-04
2.460002507638888899e+06,9.996017885336011544e-01,4.000000000000000192e-04
2.460002508333333302e+06,9.992125825051094701e-01,4.000000000000000192e-04
2.460002509027777705e+06,9.999181716176659407e-01,4.000000000000000192e-04
2.460002509722222108e+06,1.000150254321162224e+00,4.000000000000000192e-04
2.460002510416666511e+06,9.997285092352502511e-01,4.000000000000000192e-04
2.460002511111110914e+06,9.995544483749562170e-01,4.000000000000000192e-04
2.460002511805555318e+06,9.998861069581568284e-01,4.000000000000000192e-04
2.460002512499999721e+06,1.000201590315213496e+00,4.000000000000000192e-04
2.460002513194444124e+06,1.000321318963485639e+00,4.000000000000000192e-04
2.460002513888888992e+06,1.000083106604884975e+00,4.000000000000000192e-04
2.460002514583333395e+06,1.000318004864355403e+00,4.000000000000000192e-04
2.460002515277777798e+06,9.997033700196155115e-01,4.000000000000000192e-04
2.460002515972222202e+06,9.996611912914559195e-01,4.000000000000000192e-04
2.460002516666666605e+06,1.000622617716344642e+00,4.000000000000000192e-04
2.460002517361111008e+06,9.992192699755556573e-01,4.000000000000000192e-04
2.460002518055555411e+06,1.000499330200755876e+00,4.000000000000000192e-04
2.460002518749999814e+06,9.998241406536333420e-01,4.000000000000000192e-04
2.460002519444444217e+06,9.995953100455194917e-01,4.000000000000000192e-04
2.460002520138888620e+06,1.000259944155780900e+00,4.000000000000000192e-04
2.460002520833333023e+06,9.995039429060661451e-01,4.000000000000000192e-04
2.460002521527777892e+06,9.999653127372484240e-01,4.000000000000000192e-04
2.460002522222222295e+06,1.000107005971522023e+00,4.000000000000000192e-04
2.460002522916666698e+06,1.000486495426272437e+00,4.000000000000000192e-04
2.460002523611111101e+06,1.000436547721436753e+00,4.000000000000000192e-04
2.460002524305555504e+06,1.000387820140399953e+00,4.000000000000000192e-04
2.460002524999999907e+06,9.998115493786318142e-01,4.000000000000000192e-04
2.460002525694444310e+06,1.000339784389553843e+00,4.000000000000000192e-04
2.460002526388888713e+06,9.996022080855067049e-01,4.000000000000000192e-04
2.460002527083333116e+06,9.998407174664371011e-01,4.000000000000000192e-04
2.460002527777777519e+06,9.994348923427380793e-01,4.000000000000000192e-04
2.460002528472221922e+06,9.995815210241942861e-01,4.000000000000000192e-04
2.460002529166666791e+06,1.000279705521447404e+00,4.000000000000000192e-04
2.460002529861111194e+06,9.998864340363518011e-01,4.000000000000000192e-04
2.460002530555555597e+06,1.000618920703832515e+00,4.000000000000000192e-04
2.460002531250000000e+06,9.997395143603694523e-01,4.000000000000000192e-04
2.460002531944444403e+06,1.000027159760869866e+00,4.000000000000000192e-04
2.460002532638888806e+06,9.992314564592695847e-01,4.000000000000000192e-04
2.460002533333333209e+06,1.000345659946984656e+00,4.000000000000000192e-04
2.460002534027777612e+06,1.000294241478422164e+00,4.000000000000000192e-04
2.460002534722222015e+06,1.000169860582902137e+00,4.000000000000000192e-04
2.460002535416666418e+06,1.001007138590545686e+00,4.000000000000000192e-04
2.460002536111110821e+06,9.995423352208355761e-01,4.000000000000000192e-04
2.460002536805555690e+06,9.992413716772970966e-01,4.000000000000000192e-04
2.460002537500000093e+06,1.000510124170197246e+00,4.000000000000000192e-04
2.460002538194444496e+06,1.000060381002201071e+00,4.000000000000000192e-04
2.460002538888888899e+06,9.998683016360656595e-01,4.000000000000000192e-04
2.460002539583333302e+06,9.993107456954104517e-01,4.000000000000000192e-04
2.460002540277777705e+06,1.000097110217858409e+00,4.000000000000000192e-04
2.460002540972222108e+06,1.000728118069964534e+00,4.000000000000000192e-04
2.460002541666666511e+06,1.000390529869930711e+00,4.000000000000000192e-04
2.460002542361110914e+06,9.996616748895643667e-01,4.000000000000000192e-04
2.460002543055555318e+06,9.997611104200400112e-01,4.000000000000000192e-04
2.460002543749999721e+06,9.996431085512502701e-01,4.000000000000000192e-04
2.460002544444444124e+06,1.000536867776157024e+00,4.000000000000000192e-04
2.460002545138888992e+06,1.000223258459962405e+00,4.000000000000000192e-04
2.460002545833333395e+06,1.000675084254089908e+00,4.000000000000000192e-04
2.460002546527777798e+06,9.998191713559050342e-01,4.000000000000000192e-04
2.460002547222222202e+06,1.000139604380507308e+00,4.000000000000000192e-04
2.460002547916666605e+06,1.000159289902392112e+00,4.000000000000000192e-04
2.460002548611111008e+06,9.991993913182782849e-01,4.000000000000000192e-04
2.460002549305555411e+06,1.000028265085050050e+00,4.000000000000000192e-04
2.460002549999999814e+06,9.999183432444808117e-01,4.000000000000000192e-04
2.460002550694444217e+06,1.000492977960470320e+00,4.000000000000000192e-04
2.460002551388888620e+06,9.993022735114687194e-01,4.000000000000000192e-04
2.460002552083333023e+06,9.996906031905813395e-01,4.000000000000000192e-04
2.460002552777777892e+06,1.000319984839358245e+00,4.000000000000000192e-04
2.460002553472222295e+06,1.000536821264506715e+00,4.000000000000000192e-04
2.460002554166666698e+06,1.000635659786653031e+00,4.000000000000000192e-04
2.460002554861111101e+06,1.000273358939483215e+00,4.000000000000000192e-04
2.460002555555555504e+06,1.000247650228978991e+00,4.000000000000000192e-04
2.460002556249999907e+06,1.000064667176696620e+00,4.000000000000000192e-04
2.460002556944444310e+06,9.996276704014949166e-01,4.000000000000000192e-04
2.460002557638888713e+06,1.000023314708851752e+00,4.000000000000000192e-04
2.460002558333333116e+06,1.000984434641468468e+00,4.000000000000000192e-04
2.460002559027777519e+06,1.000177552963516625e+00,4.000000000000000192e-04
2.460002559722221922e+06,9.999736573682734830e-01,4.000000000000000192e-04
2.460002560416666791e+06,1.000156584984621011e+00,4.000000000000000192e-04
2.460002561111111194e+06,9.992684370373834390e-01,4.000000000000000192e-04
2.460002561805555597e+06,9.990510243938359736e-01,4.000000000000000192e-04
2.460002562500000000e+06,1.000474268604713890e+00,4.000000000000000192e-04
2.460002563194444403e+06,9.992708051216278031e-01,4.000000000000000192e-04
2.460002563888888806e+06,1.000223308133010081e+00,4.000000000000000192e-04
2.460002564583333209e+06,1.000688044682942701e+00,4.000000000000000192e-04
2.460002565277777612e+06,9.998383728513458024e-01,4.000000000000000192e-04
2.460002565972222015e+06,1.000266688041979934e+00,4.000000000000000192e-04
2.460002566666666418e+06,1.000038222536747901e+00,4.000000000000000192e-04
2.460002567361110821e+06,1.000166133797617762e+00,4.000000000000000192e-04
2.460002568055555690e+06,1.000611629760182142e+00,4.000000000000000192e-04
2.460002568750000093e+06,1.000204618481362218e+00,4.000000000000000192e-04
2.460002569444444496e+06,1.000007248935098181e+00,4.000000000000000192e-04
2.460002570138888899e+06,1.000137750354571198e+00,4.000000000000000192e-04
2.460002570833333302e+06,1.000144073174568549e+00,4.000000000000000192e-04
2.460002571527777705e+06,9.998210113375044505e-01,4.000000000000000192e-04
2.460002572222222108e+06,1.000436811982210461e+00,4.000000000000000192e-04
2.460002572916666511e+06,9.995805574662758319e-01,4.000000000000000192e-04
2.460002573611110914e+06,9.999916762781686508e-01,4.000000000000000192e-04
2.460002574305555318e+06,9.995084829309580643e-01,4.000000000000000192e-04
2.460002574999999721e+06,1.000491423949255276e+00,4.000000000000000192e-04
2.460002575694444124e+06,1.000517114835439481e+00,4.000000000000000192e-04
2.460002576388888992e+06,1.000098923487200420e+00,4.000000000000000192e-04
2.460002577083333395e+06,1.000129916924065610e+00,4.000000000000000192e-04
2.460002577777777798e+06,9.998209089406993044e-01,4.000000000000000192e-04
2.460002578472222202e+06,9.993295592978247432e-01,4.000000000000000192e-04
2.460002579166666605e+06,1.000057364687264805e+00,4.000000000000000192e-04
2.460002579861111008e+06,1.000017538190317801e+00,4.000000000000000192e-04
2.460002580555555411e+06,9.999426047255681738e-01,4.000000000000000192e-04
2.460002581249999814e+06,1.000076640704462561e+00,4.000000000000000192e-04
2.460002581944444217e+06,9.997952684882769336e-01,4.000000000000000192e-04
2.460002582638888620e+06,1.000121724213302699e+00,4.000000000000000192e-04
2.460002583333333023e+06,1.000131652120749060e+00,4.000000000000000192e-04
2.460002584027777892e+06,9.996636273003099982e-01,4.000000000000000192e-04
2.460002584722222295e+06,1.000049803307057505e+00,4.000000000000000192e-04
2.460002585416666698e+06,1.000277110887361376e+00,4.000000000000000192e-04
2.460002586111111101e+06,9.996119039518405192e-01,4.000000000000000192e-04
2.460002586805555504e+06,1.000406741294638691e+00,4.000000000000000192e-04
2.460002587499999907e+06,9.995951494443506835e-01,4.000000000000000192e-04
2.460002588194444310e+06,9.999197508195409867e-01,4.000000000000000192e-04
2.460002588888888713e+06,9.998877142678057606e-01,4.000000000000000192e-04
2.460002589583333116e+06,1.000505513875335595e+00,4.000000000000000192e-04
2.460002590277777519e+06,1.000257524062510006e+00,4.000000000000000192e-04
2.460002590972221922e+06,9.996290100705759185e-01,4.000000000000000192e-04
2.460002591666666791e+06,9.998763953881961708e-01,4.000000000000000192e-04
2.460002592361111194e+06,1.000154999670564537e+00,4.000000000000000192e-04
2.460002593055555597e+06,1.000022767834031878e+00,4.000000000000000192e-04
2.460002593750000000e+06,1.000382475110877856e+00,4.000000000000000192e-04
2.460002594444444403e+06,1.000111995229210349e+00,4.000000000000000192e-04
2.460002595138888806e+06,9.994297868908680327e-01,4.000000000000000192e-04
2.460002595833333209e+06,1.000443111207182101e+00,4.000000000000000192e-04
2.460002596527777612e+06,1.000339810546200692e+00,4.000000000000000192e-04
2.460002597222222015e+06,9.998405394908870258e-01,4.000000000000000192e-04
2.460002597916666418e+06,1.000083663948620583e+00,4.000000000000000192e-04
2.460002598611110821e+06,1.000102809068448062e+00,4.000000000000000192e-04
2.460002599305555690e+06,1.000038681136168117e+00,4.000000000000000192e-04
2.460002600000000093e+06,1.000514185696011138e+00,4.000000000000000192e-04
2.460002600694444496e+06,9.997566918200430086e-01,4.000000000000000192e-04
2.460002601388888899e+06,9.999694206877161040e-01,4.000000000000000192e-04
2.460002602083333302e+06,9.994523922344658029e-01,4.000000000000000192e-04
2.460002602777777705e+06,9.996543821922371231e-01,4.000000000000000192e-04
2.460002603472222108e+06,9.999599856543134324e-01,4.000000000000000192e-04
2.460002604166666511e+06,1.000431184549839037e+00,4.000000000000000192e-04
2.460002604861110914e+06,9.999885502731030718e-01,4.000000000000000192e-04
2.460002605555555318e+06,1.000645763985861025e+00,4.000000000000000192e-04
2.460002606249999721e+06,9.994886525258114274e-01,4.000000000000000192e-04
2.460002606944444124e+06,1.000582961806343762e+00,4.000000000000000192e-04
2.460002607638888992e+06,9.998337263590172386e-01,4.000000000000000192e-04
2.460002608333333395e+06,9.991618426351004389e-01,4.000000000000000192e-04
2.460002609027777798e+06,9.999175402738676999e-01,4.000000000000000192e-04
2.460002609722222202e+06,9.995160297084740852e-01,4.000000000000000192e-04
2.460002610416666605e+06,1.000043734936064466e+00,4.000000000000000192e-04
2.460002611111111008e+06,9.998314828354033512e-01,4.000000000000000192e-04
2.460002611805555411e+06,9.997075251837314047e-01,4.000000000000000192e-04
2.460002612499999814e+06,1.000076227996252731e+00,4.000000000000000192e-04
2.460002613194444217e+06,1.000093676956559152e+00,4.000000000000000192e-04
2.460002613888888620e+06,9.999953032239037309e-01,4.000000000000000192e-04
2.460002614583333023e+06,1.000222637257995206e+00,4.000000000000000192e-04
2.460002615277777892e+06,9.996032369857038580e-01,4.000000000000000192e-04
2.460002615972222295e+06,1.001061655195377487e+00,4.000000000000000192e-04
2.460002616666666698e+06,9.997020995739368532e-01,4.000000000000000192e-04
2.460002617361111101e+06,1.000504645207393128e+00,4.000000000000000192e-04
2.460002618055555504e+06,9.998236560140645324e-01,4.000000000000000192e-04
2.460002618749999907e+06,9.997164752365991225e-01,4.000000000000000192e-04
2.460002619444444310e+06,9.998847717660404033e-01,4.000000000000000192e-04
2.460002620138888713e+06,1.000161097766717466e+00,4.000000000000000192e-04
2.460002620833333116e+06,9.993950334332675212e-01,4.000000000000000192e-04
2.460002621527777519e+06,9.990679275188939501e-01,4.000000000000000192e-04
2.460002622222221922e+06,9.995635689918526134e-01,4.000000000000000192e-04
2.460002622916666791e+06,1.000100326568979625e+00,4.000000000000000192e-04
2.460002623611111194e+06,9.995168602765240884e-01,4.000000000000000192e-04
2.460002624305555597e+06,1.000326281591050304e+00,4.000000000000000192e-04
2.460002625000000000e+06,1.000328024241802893e+00,4.000000000000000192e-04
2.460002625694444403e+06,9.999390441380784367e-01,4.000000000000000192e-04
2.460002626388888806e+06,1.000310580168616292e+00,4.000000000000000192e-04
2.460002627083333209e+06,9.994351999314255997e-01,4.000000000000000192e-04
2.460002627777777612e+06,9.997977535879291056e-01,4.000000000000000192e-04
2.460002628472222015e+06,9.995033064443574755e-01,4.000000000000000192e-04
2.460002629166666418e+06,1.000600942060368093e+00,4.000000000000000192e-04
2.460002629861110821e+06,9.995629883685105410e-01,4.000000000000000192e-04
2.460002630555555690e+06,1.000363805465313005e+00,4.000000000000000192e-04
2.460002631250000093e+06,9.993326324192142174e-01,4.000000000000000192e-04
2.460002631944444496e+06,1.000112135643070665e+00,4.000000000000000192e-04
2.460002632638888899e+06,9.994387455813803500e-01,4.000000000000000192e-04
2.460002633333333302e+06,9.997921616835854230e-01,4.000000000000000192e-04
2.460002634027777705e+06,9.997761725121014909e-01,4.000000000000000192e-04
2.460002634722222108e+06,1.000213413745422164e+00,4.000000000000000192e-04
2.460002635416666511e+06,9.998176009863835034e-01,4.000000000000000192e-04
2.460002636111110914e+06,9.997501563802305702e-01,4.000000000000000192e-04
2.460002636805555318e+06,9.996709514998673995e-01,4.000000000000000192e-04
2.460002637499999721e+06,9.997344037025669428e-01,4.000000000000000192e-04
2.460002638194444124e+06,9.997448710302561103e-01,4.000000000000000192e-04
2.460002638888888992e+06,1.000814400973223384e+00,4.000000000000000192e-04
2.460002639583333395e+06,1.000530795387540861e+00,4.000000000000000192e-04
2.460002640277777798e+06,1.000331715890250495e+00,4.000000000000000192e-04
2.460002640972222202e+06,9.994108842121171010e-01,4.000000000000000192e-04
2.460002641666666605e+06,1.000023186048678125e+00,4.000000000000000192e-04
2.460002642361111008e+06,9.986908940367719145e-01,4.000000000000000192e-04
2.460002643055555411e+06,9.997294859043318604e-01,4.000000000000000192e-04
2.460002643749999814e+06,1.000707771514878663e+00,4.000000000000000192e-04
2.460002644444444217e+06,9.998400025565097327e-01,4.000000000000000192e-04
2.460002645138888620e+06,1.000468623469725316e+00,4.000000000000000192e-04
2.460002645833333023e+06,9.995946466206994119e-01,4.000000000000000192e-04
2.460002646527777892e+06,9.998364230795037111e-01,4.000000000000000192e-04
2.460002647222222295e+06,9.997197898035274921e-01,4.000000000000000192e-04
2.460002647916666698e+06,1.000067178579422178e+00,4.000000000000000192e-04
2.460002648611111101e+06,9.997399890407528966e-01,4.000000000000000192e-04
2.460002649305555504e+06,1.000027437106011829e+00,4.000000000000000192e-04
2.460002649999999907e+06,9.993511064028830493e-01,4.000000000000000192e-04
2.460002650694444310e+06,9.995219060389471943e-01,4.000000000000000192e-04
2.460002651388888713e+06,9.998144223502378747e-01,4.000000000000000192e-04
2.460002652083333116e+06,9.999798820991545600e-01,4.000000000000000192e-04
2.460002652777777519e+06,1.000238582924481090e+00,4.000000000000000192e-04
2.460002653472221922e+06,1.000054215110364852e+00,4.000000000000000192e-04
2.460002654166666791e+06,9.991461338863848463e-01,4.000000000000000192e-04
2.460002654861111194e+06,9.995903521557379934e-01,4.000000000000000192e-04
2.460002655555555597e+06,1.000243590618934642e+00,4.000000000000000192e-04
2.460002656250000000e+06,9.993997960766304312e-01,4.000000000000000192e-04
2.460002656944444403e+06,1.000618890764114921e+00,4.000000000000000192e-04
2.460002657638888806e+06,9.998041016157430683e-01,4.000000000000000192e-04
2.460002658333333209e+06,9.996731675920315086e-01,4.000000000000000192e-04
2.460002659027777612e+06,9.989283495362433207e-01,4.000000000000000192e-04
2.460002659722222015e+06,9.991913351534550403e-01,4.000000000000000192e-04
2.460002660416666418e+06,9.994289815963252055e-01,4.000000000000000192e-04
2.460002661111110821e+06,1.000011481223452625e+00,4.000000000000000192e-04
2.460002661805555690e+06,9.993919173524098420e-01,4.000000000000000192e-04
2.460002662500000093e+06,9.995618554950839174e-01,4.000000000000000192e-04
2.460002663194444496e+06,9.995682697573585740e-01,4.000000000000000192e-04
2.460002663888888899e+06,1.000148972659975488e+00,4.000000000000000192e-04
2.460002664583333302e+06,9.997457602992881887e-01,4.000000000000000192e-04
2.460002665277777705e+06,1.000049259440048743e+00,4.000000000000000192e-04
2.460002665972222108e+06,9.993629210556433939e-01,4.000000000000000192e-04
2.460002666666666511e+06,9.993752389978457495e-01,4.000000000000000192e-04
2.460002667361110914e+06,1.000292785569803611e+00,4.000000000000000192e-04
2.460002668055555318e+06,9.994891952864114471e-01,4.000000000000000192e-04
2.460002668749999721e+06,9.993718132691100653e-01,4.000000000000000192e-04
2.460002669444444124e+06,9.999490586588253294e-01,4.000000000000000192e-04
2.460002670138888992e+06,1.000155467339463922e+00,4.000000000000000192e-04
2.460002670833333395e+06,9.993054994233101507e-01,4.000000000000000192e-04
2.460002671527777798e+06,9.996395390974193162e-01,4.000000000000000192e-04
2.460002672222222202e+06,1.000303237943322099e+00,4.000000000000000192e-04
2.460002672916666605e+06,9.995430875957025396e-01,4.000000000000000192e-04
2.460002673611111008e+06,1.000089785369025375e+00,4.000000000000000192e-04
2.460002674305555411e+06,9.992391828610518445e-01,4.000000000000000192e-04
2.460002674999999814e+06,9.998106851288649510e-01,4.000000000000000192e-04
2.460002675694444217e+06,9.996421632918701672e-01,4.000000000000000192e-04
2.460002676388888620e+06,9.995336187150433149e-01,4.000000000000000192e-04
2.460002677083333023e+06,9.996899089281071626e-01,4.000000000000000192e-04
2.460002677777777892e+06,9.994391150235797383e-01,4.000000000000000192e-04
2.460002678472222295e+06,1.000498264498409284e+00,4.000000000000000192e-04
2.460002679166666698e+06,9.998044845795889257e-01,4.000000000000000192e-04
2.460002679861111101e+06,9.999709889577597099e-01,4.000000000000000192e-04
2.460002680555555504e+06,9.997324574423511745e-01,4.000000000000000192e-04
2.460002681249999907e+06,1.000158137884594067e+00,4.000000000000000192e-04
2.460002681944444310e+06,9.997800086759679461e-01,4.000000000000000192e-04
2.460002682638888713e+06,9.996962908969921902e-01,4.000000000000000192e-04
2.460002683333333116e+06,1.000383499150715672e+00,4.000000000000000192e-04
2.460002684027777519e+06,9.995173562531883826e-01,4.000000000000000192e-04
2.460002684722221922e+06,9.998849671453166055e-01,4.000000000000000192e-04
2.460002685416666791e+06,9.995012034787527089e-01,4.000000000000000192e-04
2.460002686111111194e+06,9.997140097090728705e-01,4.000000000000000192e-04
2.460002686805555597e+06,9.997102025906956513e-01,4.000000000000000192e-04
2.460002687500000000e+06,9.992290447810577847e-01,4.000000000000000192e-04
2.460002688194444403e+06,9.999471532207974134e-01,4.000000000000000192e-04
2.460002688888888806e+06,9.998326249945079791e-01,4.000000000000000192e-04
2.460002689583333209e+06,1.000659822843083635e+00,4.000000000000000192e-04
2.460002690277777612e+06,9.997957016473740799e-01,4.000000000000000192e-04
2.460002690972222015e+06,9.997090375555265362e-01,4.000000000000000192e-04
2.460002691666666418e+06,9.997990516851594789e-01,4.000000000000000192e-04
2.460002692361110821e+06,1.000006070510732537e+00,4.000000000000000192e-04
2.460002693055555690e+06,9.998986732093002594e-01,4.000000000000000192e-04
2.460002693750000093e+06,1.000208998926338966e+00,4.000000000000000192e-04
2.460002694444444496e+06,9.999596114882294273e-01,4.000000000000000192e-04
2.460002695138888899e+06,9.998573422523238108e-01,4.000000000000000192e-04
2.460002695833333302e+06,1.000157230317485491e+00,4.000000000000000192e-04
2.460002696527777705e+06,9.990849161621021546e-01,4.000000000000000192e-04
2.460002697222222108e+06,9.995467899254697475e-01,4.000000000000000192e-04
2.460002697916666511e+06,9.995423252125014146e-01,4.000000000000000192e-04
2.460002698611110914e+06,1.000217620892198456e+00,4.000000000000000192e-04
2.460002699305555318e+06,1.000175037571198855e+00,4.000000000000000192e-04
2.460002699999999721e+06,9.999329093682697289e-01,4.000000000000000192e-04
2.460002700694444124e+06,9.995802876979403839e-01,4.000000000000000192e-04
2.460002701388888992e+06,9.996057288956318176e-01,4.000000000000000192e-04
2.460002702083333395e+06,9.996285076912911904e-01,4.000000000000000192e-04
2.460002702777777798e+06,9.997772374739963830e-01,4.000000000000000192e-04
2.460002703472222202e+06,1.000084364943339077e+00,4.000000000000000192e-04
2.460002704166666605e+06,9.998597620517303275e-01,4.000000000000000192e-04
2.460002704861111008e+06,9.997707993246360836e-01,4.000000000000000192e-04
2.460002705555555411e+06,9.995349160132963595e-01,4.000000000000000192e-04
2.460002706249999814e+06,1.000280744843544900e+00,4.000000000000000192e-04
2.460002706944444217e+06,1.000024680562920265e+00,4.000000000000000192e-04
2.460002707638888620e+06,1.000051065464548028e+00,4.000000000000000192e-04
2.460002708333333023e+06,9.997593287693967712e-01,4.000000000000000192e-04
2.460002709027777892e+06,9.989344540979178122e-01,4.000000000000000192e-04
2.460002709722222295e+06,9.995922672886659033e-01,4.000000000000000192e-04
2.460002710416666698e+06,9.999316456691484944e-01,4.000000000000000192e-04
2.460002711111111101e+06,9.995128151480775491e-01,4.000000000000000192e-04
2.460002711805555504e+06,1.000221481294755632e+00,4.000000000000000192e-04
2.460002712499999907e+06,9.993532806827492010e-01,4.000000000000000192e-04
2.460002713194444310e+06,9.993896690819569217e-01,4.000000000000000192e-04
2.460002713888888713e+06,9.999083563021634591e-01,4.000000000000000192e-04
2.460002714583333116e+06,9.993770662787595516e-01,4.000000000000000192e-04
2.460002715277777519e+06,9.993703544280402307e-01,4.000000000000000192e-04
2.460002715972221922e+06,9.997421951698991505e-01,4.000000000000000192e-04
2.460002716666666791e+06,9.998571239998957916e-01,4.000000000000000192e-04
2.460002717361111194e+06,9.996668723182329241e-01,4.000000000000000192e-04
2.460002718055555597e+06,9.997922782774648631e-01,4.000000000000000192e-04
2.460002718750000000e+06,9.992960116493747602e-01,4.000000000000000192e-04
2.460002719444444403e+06,1.000026577980804632e+00,4.000000000000000192e-04
2.460002720138888806e+06,9.998927327103424023e-01,4.000000000000000192e-04
2.460002720833333209e+06,9.999808768575824125e-01,4.000000000000000192e-04
2.460002721527777612e+06,9.997042931929425169e-01,4.000000000000000192e-04
2.460002722222222015e+06,9.999081309941798557e-01,4.000000000000000192e-04
2.460002722916666418e+06,1.000613498410846347e+00,4.000000000000000192e-04
2.460002723611110821e+06,9.991854189814001197e-01,4.000000000000000192e-04
2.460002724305555690e+06,9.995905414179093729e-01,4.000000000000000192e-04
2.460002725000000093e+06,9.996499698100865805e-01,4.000000000000000192e-04
2.460002725694444496e+06,9.996164769328464983e-01,4.000000000000000192e-04
2.460002726388888899e+06,9.993602390878577602e-01,4.000000000000000192e-04
2.460002727083333302e+06,1.000351290745138400e+00,4.000000000000000192e-04
2.460002727777777705e+06,1.000077696993093568e+00,4.000000000000000192e-04
2.460002728472222108e+06,1.000523694080231341e+00,4.000000000000000192e-04
2.460002729166666511e+06,9.992609925043051122e-01,4.000000000000000192e-04
2.460002729861110914e+06,9.996077664785010253e-01,4.000000000000000192e-04
2.460002730555555318e+06,9.997814902188824071e-01,4.000000000000000192e-04
2.460002731249999721e+06,9.994972997560298555e-01,4.000000000000000192e-04
2.460002731944444124e+06,1.000265740104705703e+00,4.000000000000000192e-04
2.460002732638888992e+06,1.000015974847303424e+00,4.000000000000000192e-04
2.460002733333333395e+06,9.997869236691022676e-01,4.000000000000000192e-04
2.460002734027777798e+06,9.997838470437133696e-01,4.000000000000000192e-04
2.460002734722222202e+06,9.990199725745704251e-01,4.000000000000000192e-04
2.460002735416666605e+06,9.998887556286781830e-01,4.000000000000000192e-04
2.460002736111111008e+06,9.997645356585448395e-01,4.000000000000000192e-04
2.460002736805555411e+06,9.998875033862248962e-01,4.000000000000000192e-04
2.460002737499999814e+06,9.994073891606998217e-01,4.000000000000000192e-04
2.460002738194444217e+06,1.000019178482187909e+00,4.000000000000000192e-04
2.460002738888888620e+06,1.000154983717444379e+00,4.000000000000000192e-04
2.460002739583333023e+06,9.997795839355557712e-01,4.000000000000000192e-04
2.460002740277777892e+06,9.998805574170808175e-01,4.000000000000000192e-04
2.460002740972222295e+06,9.988694845168899494e-01,4.000000000000000192e-04
2.460002741666666698e+06,9.992885522850516455e-01,4.000000000000000192e-04
2.460002742361111101e+06,9.998875875688792991e-01,4.000000000000000192e-04
2.460002743055555504e+06,1.000311267328326092e+00,4.000000000000000192e-04
2.460002743749999907e+06,9.994891341660596673e-01,4.000000000000000192e-04
2.460002744444444310e+06,1.000105653141854400e+00,4.000000000000000192e-04
2.460002745138888713e+06,9.999089059577810357e-01,4.000000000000000192e-04
2.460002745833333116e+06,1.000009466747453724e+00,4.000000000000000192e-04
2.460002746527777519e+06,1.000202553541086337e+00,4.000000000000000192e-04
2.460002747222221922e+06,9.990544805052504751e-01,4.000000000000000192e-04
2.460002747916666791e+06,9.995537895500535841e-01,4.000000000000000192e-04
2.460002748611111194e+06,9.992355012803593173e-01,4.000000000000000192e-04
2.460002749305555597e+06,9.999215665563768729e-01,4.000000000000000192e-04
2.460002750000000000e+06,1.000021723665652562e+00,4.000000000000000192e-04
2.460002750694444403e+06,9.993629140118136522e-01,4.000000000000000192e-04
2.460002751388888806e+06,1.000143598010047041e+00,4.000000000000000192e-04
2.460002752083333209e+06,9.990343016362294160e-01,4.000000000000000192e-04
2.460002752777777612e+06,1.000133068532849556e+00,4.000000000000000192e-04
2.460002753472222015e+06,9.990867447008588975e-01,4.000000000000000192e-04
2.460002754166666418e+06,9.997080540437573992e-01,4.000000000000000192e-04
2.460002754861110821e+06,9.996552544355310488e-01,4.000000000000000192e-04
2.460002755555555690e+06,9.997968782181144709e-01,4.000000000000000192e-04
2.460002756250000093e+06,9.997244874305977191e-01,4.000000000000000192e-04
2.460002756944444496e+06,9.996830038377786387e-01,4.000000000000000192e-04
2.460002757638888899e+06,9.994157090078708006e-01,4.000000000000000192e-04
2.460002758333333302e+06,1.000066372169985840e+00,4.000000000000000192e-04
2.460002759027777705e+06,9.999605892965613974e-01,4.000000000000000192e-04
2.460002759722222108e+06,1.000081523351219248e+00,4.000000000000000192e-04
2.460002760416666511e+06,9.991773301127120366e-01,4.000000000000000192e-04
2.460002761111110914e+06,1.000153170731877594e+00,4.000000000000000192e-04
2.460002761805555318e+06,9.993921213416233629e-01,4.000000000000000192e-04
2.460002762499999721e+06,9.995175345978968284e-01,4.000000000000000192e-04
2.460002763194444124e+06,9.997492957942684111e-01,4.000000000000000192e-04
2.460002763888888992e+06,1.000553740584947171e+00,4.000000000000000192e-04
2.460002764583333395e+06,9.989152496851663177e-01,4.000000000000000192e-04
2.460002765277777798e+06,9.994324964835293867e-01,4.000000000000000192e-04
2.460002765972222202e+06,9.996796496872623061e-01,4.000000000000000192e-04
2.460002766666666605e+06,1.000094120532532216e+00,4.000000000000000192e-04
2.460002767361111008e+06,9.996197538725429821e-01,4.000000000000000192e-04
2.460002768055555411e+06,9.995015278616572463e-01,4.000000000000000192e-04
2.460002768749999814e+06,9.997290915287545543e-01,4.000000000000000192e-04
2.460002769444444217e+06,1.000357730682973179e+00,4.000000000000000192e-04
2.460002770138888620e+06,1.000229350358935232e+00,4.000000000000000192e-04
2.460002770833333023e+06,9.997267343348388291e-01,4.000000000000000192e-04
2.460002771527777892e+06,1.000226659192638978e+00,4.000000000000000192e-04
2.460002772222222295e+06,9.989001830411269323e-01,4.000000000000000192e-04
2.460002772916666698e+06,9.995757286248396767e-01,4.000000000000000192e-04
2.460002773611111101e+06,1.000134697063973510e+00,4.000000000000000192e-04
2.460002774305555504e+06,9.996728040048646902e-01,4.000000000000000192e-04
2.460002774999999907e+06,1.000057965907253710e+00,4.000000000000000192e-04
2.460002775694444310e+06,1.000458442254166913e+00,4.000000000000000192e-04
2.460002776388888713e+06,9.995962329996280760e-01,4.000000000000000192e-04
2.460002777083333116e+06,9.995277749278292934e-01,4.000000000000000192e-04
2.460002777777777519e+06,1.000044830416947583e+00,4.000000000000000192e-04
2.460002778472221922e+06,1.000559778664003474e+00,4.000000000000000192e-04
2.460002779166666791e+06,9.999909416654939598e-01,4.000000000000000192e-04
2.460002779861111194e+06,1.000437489674084857e+00,4.000000000000000192e-04
2.460002780555555597e+06,9.997298511357964879e-01,4.000000000000000192e-04
2.460002781250000000e+06,9.999728685870556966e-01,4.000000000000000192e-04
2.460002781944444403e+06,1.000155868446120699e+00,4.000000000000000192e-04
2.460002782638888806e+06,9.998263307232889696e-01,4.000000000000000192e-04
2.460002783333333209e+06,1.000361491930324309e+00,4.000000000000000192e-04
2.460002784027777612e+06,1.000305747399393264e+00,4.000000000000000192e-04
2.460002784722222015e+06,9.998425098914172082e-01,4.000000000000000192e-04
2.460002785416666418e+06,1.000384181609632828e+00,4.000000000000000192e-04
2.460002786111110821e+06,1.000288533362211130e+00,4.000000000000000192e-04
2.460002786805555690e+06,1.000025988746740202e+00,4.000000000000000192e-04
2.460002787500000093e+06,9.997700141810916818e-01,4.000000000000000192e-04
2.460002788194444496e+06,9.996260807968849749e-01,4.000000000000000192e-04
2.460002788888888899e+06,9.995379683128404746e-01,4.000000000000000192e-04
2.460002789583333302e+06,9.995473889445417592e-01,4.000000000000000192e-04
2.460002790277777705e+06,1.000289937870433077e+00,4.000000000000000192e-04
2.460002790972222108e+06,1.000401324509165413e+00,4.000000000000000192e-04
2.460002791666666511e+06,1.000026337292147849e+00,4.000000000000000192e-04
2.460002792361110914e+06,1.000165570207293575e+00,4.000000000000000192e-04
2.460002793055555318e+06,1.000070919704973971e+00,4.000000000000000192e-04
2.460002793749999721e+06,9.993207296605830514e-01,4.000000000000000192e-04
2.460002794444444124e+06,9.995929321013230506e-01,4.000000000000000192e-04
2.460002795138888992e+06,1.000075906192739783e+00,4.000000000000000192e-04
2.460002795833333395e+06,9.998076686537897828e-01,4.000000000000000192e-04
2.460002796527777798e+06,9.999350604826628963e-01,4.000000000000000192e-04
2.460002797222222202e+06,9.993919677161301474e-01,4.000000000000000192e-04
2.460002797916666605e+06,9.994452089050342991e-01,4.000000000000000192e-04
2.460002798611111008e+06,9.995893690707408075e-01,4.000000000000000192e-04
2.460002799305555411e+06,1.000286290289105207e+00,4.000000000000000192e-04
2.460002799999999814e+06,9.995569279291169895e-01,4.000000000000000192e-04
2.460002800694444217e+06,9.995603972281702498e-01,4.000000000000000192e-04
2.460002801388888620e+06,1.000512374274138638e+00,4.000000000000000192e-04
2.460002802083333023e+06,1.000019460233992685e+00,4.000000000000000192e-04
2.460002802777777892e+06,1.000415258405767283e+00,4.000000000000000192e-04
2.460002803472222295e+06,1.000829158420614373e+00,4.000000000000000192e-04
2.460002804166666698e+06,9.999351468861964465e-01,4.000000000000000192e-04
2.460002804861111101e+06,1.000224778220941246e+00,4.000000000000000192e-04
2.460002805555555504e+06,9.996220066444468921e-01,4.000000000000000192e-04
2.460002806249999907e+06,9.999421081094419517e-01,4.000000000000000192e-04
2.460002806944444310e+06,9.993508257712941933e-01,4.000000000000000192e-04
2.460002807638888713e+06,1.000146691806706345e+00,4.000000000000000192e-04
2.460002808333333116e+06,9.999225545797111314e-01,4.000000000000000192e-04
2.460002809027777519e+06,1.000343100512187000e+00,4.000000000000000192e-04
2.460002809722221922e+06,9.999133328977990454e-01,4.000000000000000192e-04
2.460002810416666791e+06,1.000070050370298169e+00,4.000000000000000192e-04
2.460002811111111194e+06,1.000315577066749562e+00,4.000000000000000192e-04
2.460002811805555597e+06,1.000044424461550063e+00,4.000000000000000192e-04
2.460002812500000000e+06,9.996900395901532344e-01,4.000000000000000192e-04
2.460002813194444403e+06,1.000177308080640426e+00,4.000000000000000192e-04
2.460002813888888806e+06,1.000550406349164589e+00,4.000000000000000192e-04
2.460002814583333209e+06,1.000083650289435022e+00,4.000000000000000192e-04
2.460002815277777612e+06,1.000228429475786607e+00,4.000000000000000192e-04
2.460002815972222015e+06,1.000602255819739606e+00,4.000000000000000192e-04
2.460002816666666418e+06,1.000304496601835291e+00,4.000000000000000192e-04
2.460002817361110821e+06,9.999163863154284515e-01,4.000000000000000192e-04
2.460002818055555690e+06,9.997479656096603939e-01,4.000000000000000192e-04
2.460002818750000093e+06,9.998384053375779512e-01,4.000000000000000192e-04
2.460002819444444496e+06,1.000210536153944396e+00,4.000000000000000192e-04
2.460002820138888899e+06,9.996748471573080330e-01,4.000000000000000192e-04
2.460002820833333302e+06,1.000120445501277766e+00,4.000000000000000192e-04
2.460002821527777705e+06,9.989293957639008292e-01,4.000000000000000192e-04
2.460002822222222108e+06,9.998268716224532060e-01,4.000000000000000192e-04
2.460002822916666511e+06,9.999329383742446842e-01,4.000000000000000192e-04
2.460002823611110914e+06,9.997520803357182739e-01,4.000000000000000192e-04
2.460002824305555318e+06,1.000172279941259790e+00,4.000000000000000192e-04
2.460002824999999721e+06,1.000028749899372293e+00,4.000000000000000192e-04
2.460002825694444124e+06,1.000602201037761319e+00,4.000000000000000192e-04
2.460002826388888992e+06,9.995571657702093660e-01,4.000000000000000192e-04
2.460002827083333395e+06,9.995618395627912101e-01,4.000000000000000192e-04
2.460002827777777798e+06,1.000415923792541628e+00,4.000000000000000192e-04
2.460002828472222202e+06,9.995194579552372227e-01,4.000000000000000192e-04
2.460002829166666605e+06,1.000170629361447183e+00,4.000000000000000192e-04
2.460002829861111008e+06,9.994173896126200551e-01,4.000000000000000192e-04
2.460002830555555411e+06,1.000025702756031531e+00,4.000000000000000192e-04
2.460002831249999814e+06,1.000150546536370033e+00,4.000000000000000192e-04
2.460002831944444217e+06,1.000466636698713385e+00,4.000000000000000192e-04
2.460002832638888620e+06,9.996923085461860703e-01,4.000000000000000192e-04
2.460002833333333023e+06,1.000111339576759129e+00,4.000000000000000192e-04
2.460002834027777892e+06,9.991543912969482744e-01,4.000000000000000192e-04
2.460002834722222295e+06,1.000023270466464886e+00,4.000000000000000192e-04
2.460002835416666698e+06,1.000789025714434066e+00,4.000000000000000192e-04
2.460002836111111101e+06,9.995959914748480113e-01,4.000000000000000192e-04
2.460002836805555504e+06,9.999667204701661039e-01,4.000000000000000192e-04
2.460002837499999907e+06,9.999967014518134079e-01,4.000000000000000192e-04
2.460002838194444310e+06,9.994122308049300241e-01,4.000000000000000192e-04
2.460002838888888713e+06,1.000069968671156495e+00,4.000000000000000192e-04
2.460002839583333116e+06,1.000718350933994305e+00,4.000000000000000192e-04
2.460002840277777519e+06,9.997581453847552702e-01,4.000000000000000192e-04
2.460002840972221922e+06,9.998978752453788754e-01,4.000000000000000192e-04
2.460002841666666791e+06,9.998847086971528464e-01,4.000000000000000192e-04
2.460002842361111194e+06,9.995722077794783056e-01,4.000000000000000192e-04
2.460002843055555597e+06,9.998653770105561112e-01,4.000000000000000192e-04
2.460002843750000000e+06,9.994505322303534056e-01,4.000000000000000192e-04
2.460002844444444403e+06,9.994609217529322187e-01,4.000000000000000192e-04
2.460002845138888806e+06,9.994279644283924346e-01,4.000000000000000192e-04
2.460002845833333209e+06,9.996118361539156894e-01,4.000000000000000192e-04
2.460002846527777612e+06,1.000074329655411765e+00,4.000000000000000192e-04
2.460002847222222015e+06,9.994667339669558448e-01,4.000000000000000192e-04
2.460002847916666418e+06,9.998579845751613959e-01,4.000000000000000192e-04
2.460002848611110821e+06,9.995370457100014594e-01,4.000000000000000192e-04
2.460002849305555690e+06,1.000056032867203459e+00,4.000000000000000192e-04
2.460002850000000093e+06,9.994172369416645108e-01,4.000000000000000192e-04
2.460002850694444496e+06,1.000006935603533043e+00,4.000000000000000192e-04
2.460002851388888899e+06,9.997344744213831902e-01,4.000000000000000192e-04
2.460002852083333302e+06,1.000027256920071439e+00,4.000000000000000192e-04
2.460002852777777705e+06,9.994233365514247902e-01,4.000000000000000192e-04
2.460002853472222108e+06,9.995182571634048108e-01,4.000000000000000192e-04
2.460002854166666511e+06,1.000276923295840614e+00,4.000000000000000192e-04
2.460002854861110914e+06,9.993984092693036780e-01,4.000000000000000192e-04
2.460002855555555318e+06,1.000233097158535367e+00,4.000000000000000192e-04
2.460002856249999721e+06,1.000199213155139599e+00,4.000000000000000192e-04
2.460002856944444124e+06,1.000424400341387798e+00,4.000000000000000192e-04
2.460002857638888992e+06,9.999816973265136522e-01,4.000000000000000192e-04
2.460002858333333395e+06,1.000244311676103282e+00,4.000000000000000192e-04
2.460002859027777798e+06,9.998778999046004090e-01,4.000000000000000192e-04
2.460002859722222202e+06,1.000273271639091188e+00,4.000000000000000192e-04
2.460002860416666605e+06,9.996532591992622896e-01,4.000000000000000192e-04
2.460002861111111008e+06,9.999899800301468300e-01,4.000000000000000192e-04
2.460002861805555411e+06,9.999086123586405916e-01,4.000000000000000192e-04
2.460002862499999814e+06,9.996456327586679125e-01,4.000000000000000192e-04
2.460002863194444217e+06,9.999872349490054324e-01,4.000000000000000192e-04
2.460002863888888620e+06,1.000236634545289105e+00,4.000000000000000192e-04
2.460002864583333023e+06,1.000449701514417811e+00,4.000000000000000192e-04
2.460002865277777892e+06,1.000002693336134119e+00,4.000000000000000192e-04
2.460002865972222295e+06,1.000255548383234050e+00,4.000000000000000192e-04
2.460002866666666698e+06,9.999562280587093177e-01,4.000000000000000192e-04
2.460002867361111101e+06,9.993422738431371188e-01,4.000000000000000192e-04
2.460002868055555504e+06,1.000183934272239838e+00,4.000000000000000192e-04
2.460002868749999907e+06,1.000196533182491576e+00,4.000000000000000192e-04
2.460002869444444310e+06,9.991748170711982624e-01,4.000000000000000192e-04
2.460002870138888713e+06,1.000545384305846719e+00,4.000000000000000192e-04
2.460002870833333116e+06,1.000173945410490095e+00,4.000000000000000192e-04
2.460002871527777519e+06,9.998116008512650810e-01,4.000000000000000192e-04
2.460002872222221922e+06,1.000028116622607044e+00,4.000000000000000192e-04
2.460002872916666791e+06,9.995389644815667607e-01,4.000000000000000192e-04
2.460002873611111194e+06,1.000400738597751804e+00,4.000000000000000192e-04
2.460002874305555597e+06,9.998707620768657600e-01,4.000000000000000192e-04
2.460002875000000000e+06,1.000179707698759968e+00,4.000000000000000192e-04
2.460002875694444403e+06,1.000293482635756348e+00,4.000000000000000192e-04
2.460002876388888806e+06,1.000109407209119006e+00,4.000000000000000192e-04
2.460002877083333209e+06,1.000083166855205263e+00,4.000000000000000192e-04
2.460002877777777612e+06,1.000094822992946053e+00,4.000000000000000192e-04
2.460002878472222015e+06,9.998445163231824973e-01,4.000000000000000192e-04
2.460002879166666418e+06,1.000077640833012316e+00,4.000000000000000192e-04
2.460002879861110821e+06,9.996829851388344679e-01,4.000000000000000192e-04
2.460002880555555690e+06,1.000191360902111137e+00,4.000000000000000192e-04
2.460002881250000093e+06,9.995833954776890407e-01,4.000000000000000192e-04
2.460002881944444496e+06,9.994118073554754123e-01,4.000000000000000192e-04
2.460002882638888899e+06,9.993738809698966552e-01,4.000000000000000192e-04
2.460002883333333302e+06,1.000497226355661518e+00,4.000000000000000192e-04
2.460002884027777705e+06,9.994762384985526049e-01,4.000000000000000192e-04
2.460002884722222108e+06,9.992893371051554396e-01,4.000000000000000192e-04
2.460002885416666511e+06,9.995441193468804775e-01,4.000000000000000192e-04
2.460002886111110914e+06,1.000623196840857210e+00,4.000000000000000192e-04
2.460002886805555318e+06,9.997163147231487024e-01,4.000000000000000192e-04
2.460002887499999721e+06,1.000043796405464480e+00,4.000000000000000192e-04
2.460002888194444124e+06,1.000228678825364037e+00,4.000000000000000192e-04
2.460002888888888992e+06,1.000496115032244226e+00,4.000000000000000192e-04
2.460002889583333395e+06,9.993830201549294134e-01,4.000000000000000192e-04
2.460002890277777798e+06,1.000608390342736520e+00,4.000000000000000192e-04
2.460002890972222202e+06,9.989738364761679978e-01,4.000000000000000192e-04
2.460002891666666605e+06,9.995624783408811886e-01,4.000000000000000192e-04
2.460002892361111008e+06,9.999904565902508757e-01,4.000000000000000192e-04
2.460002893055555411e+06,9.996093310875444615e-01,4.000000000000000192e-04
2.460002893749999814e+06,9.998536524725163410e-01,4.000000000000000192e-04
2.460002894444444217e+06,1.000010218339545620e+00,4.000000000000000192e-04
2.460002895138888620e+06,9.999780416058293708e-01,4.000000000000000192e-04
2.460002895833333023e+06,9.992024525455912576e-01,4.000000000000000192e-04
2.460002896527777892e+06,1.000093993575117857e+00,4.000000000000000192e-04
2.460002897222222295e+06,9.995832901569405848e-01,4.000000000000000192e-04
2.460002897916666698e+06,1.001154750029295215e+00,4.000000000000000192e-04
2.460002898611111101e+06,1.000505774806040638e+00,4.000000000000000192e-04
2.460002899305555504e+06,9.999123730364380958e-01,4.000000000000000192e-04
2.460002899999999907e+06,9.999786743412453216e-01,4.000000000000000192e-04
2.460002900694444310e+06,9.996248992615628381e-01,4.000000000000000192e-04
2.460002901388888713e+06,1.000425708514459000e+00,4.000000000000000192e-04
2.460002902083333116e+06,9.997478558466068588e-01,4.000000000000000192e-04
2.460002902777777519e+06,9.998127739337108189e-01,4.000000000000000192e-04
2.460002903472221922e+06,1.000275223903763555e+00,4.000000000000000192e-04
2.460002904166666791e+06,9.999706407428408106e-01,4.000000000000000192e-04
2.460002904861111194e+06,1.000019110666283462e+00,4.000000000000000192e-04
2.460002905555555597e+06,1.000018811436193644e+00,4.000000000000000192e-04
2.460002906250000000e+06,9.998131838071304678e-01,4.000000000000000192e-04
2.460002906944444403e+06,1.000621539075854827e+00,4.000000000000000192e-04
2.460002907638888806e+06,9.997332396643932029e-01,4.000000000000000192e-04
2.460002908333333209e+06,1.000369631584720365e+00,4.000000000000000192e-04
2.460002909027777612e+06,9.995208527310620594e-01,4.000000000000000192e-04
2.460002909722222015e+06,9.994772873924421264e-01,4.000000000000000192e-04
2.460002910416666418e+06,1.000439362034821311e+00,4.000000000000000192e-04
2.460002911111110821e+06,9.997527641783662267e-01,4.000000000000000192e-04
2.460002911805555690e+06,1.000087000390330605e+00,4.000000000000000192e-04
2.460002912500000093e+06,9.994482344852679834e-01,4.000000000000000192e-04
2.460002913194444496e+06,9.998840852351176256e-01,4.000000000000000192e-04
2.460002913888888899e+06,9.998482313744050387e-01,4.000000000000000192e-04
2.460002914583333302e+06,1.000529313694919598e+00,4.000000000000000192e-04
2.460002915277777705e+06,9.995447382432598449e-01,4.000000000000000192e-04
2.460002915972222108e+06,1.000357905062305264e+00,4.000000000000000192e-04
2.460002916666666511e+06,9.996625206080779202e-01,4.000000000000000192e-04
2.460002917361110914e+06,9.993780530849970534e-01,4.000000000000000192e-04
2.460002918055555318e+06,1.000271014470832887e+00,4.000000000000000192e-04
2.460002918749999721e+06,1.000143639817878016e+00,4.000000000000000192e-04
2.460002919444444124e+06,9.998401393246761915e-01,4.000000000000000192e-04
2.460002920138888992e+06,1.000228872284042891e+00,4.000000000000000192e-04
2.460002920833333395e+06,9.990896913000919533e-01,4.000000000000000192e-04
2.460002921527777798e+06,9.997642880462268566e-01,4.000000000000000192e-04
2.460002922222222202e+06,9.995134345059971670e-01,4.000000000000000192e-04
2.460002922916666605e+06,9.999112421079396906e-01,4.000000000000000192e-04
2.460002923611111008e+06,9.998190997069905661e-01,4.000000000000000192e-04
2.460002924305555411e+06,9.996814735041301692e-01,4.000000000000000192e-04
2.460002924999999814e+06,9.999183169406368199e-01,4.000000000000000192e-04
2.460002925694444217e+06,1.000134967210193127e+00,4.000000000000000192e-04
2.460002926388888620e+06,1.000156476514426629e+00,4.000000000000000192e-04
2.460002927083333023e+06,9.998101824624520129e-01,4.000000000000000192e-04
2.460002927777777892e+06,1.000123188984036293e+00,4.000000000000000192e-04
2.460002928472222295e+06,9.996621452106819739e-01,4.000000000000000192e-04
2.460002929166666698e+06,9.998819849072646537e-01,4.000000000000000192e-04
2.460002929861111101e+06,9.999019964679493055e-01,4.000000000000000192e-04
2.460002930555555504e+06,9.992255807439425208e-01,4.000000000000000192e-04
2.460002931249999907e+06,1.000084199723127121e+00,4.000000000000000192e-04
2.460002931944444310e+06,9.998589572787330848e-01,4.000000000000000192e-04
2.460002932638888713e+06,1.000091559681884457e+00,4.000000000000000192e-04
2.460002933333333116e+06,9.998510700648467475e-01,4.000000000000000192e-04
2.460002934027777519e+06,1.000069534651019776e+00,4.000000000000000192e-04
2.460002934722221922e+06,9.997210881335014676e-01,4.000000000000000192e-04
2.460002935416666791e+06,1.000729437229764374e+00,4.000000000000000192e-04
2.460002936111111194e+06,9.999879950411066920e-01,4.000000000000000192e-04
2.460002936805555597e+06,9.998051744834440813e-01,4.000000000000000192e-04
2.460002937500000000e+06,9.992879200012920737e-01,4.000000000000000192e-04
2.460002938194444403e+06,1.000101137808355745e+00,4.000000000000000192e-04
2.460002938888888806e+06,9.994261199442512345e-01,4.000000000000000192e-04
2.460002939583333209e+06,1.000284890101537760e+00,4.000000000000000192e-04
2.460002940277777612e+06,9.999949376002157386e-01,4.000000000000000192e-04
2.460002940972222015e+06,1.001026628160779142e+00,4.000000000000000192e-04
2.460002941666666418e+06,1.000592395741045859e+00,4.000000000000000192e-04
2.460002942361110821e+06,1.000212375305258972e+00,4.000000000000000192e-04
2.460002943055555690e+06,9.998944631874751021e-01,4.000000000000000192e-04
2.460002943750000093e+06,9.993919504203366833e-01,4.000000000000000192e-04
2.460002944444444496e+06,9.999902203200140560e-01,4.000000000000000192e-04
2.460002945138888899e+06,9.999141917120059064e-01,4.000000000000000192e-04
2.460002945833333302e+06,9.996024665787831553e-01,4.000000000000000192e-04
2.460002946527777705e+06,9.998653582525236505e-01,4.000000000000000192e-04
2.460002947222222108e+06,1.000082011793743231e+00,4.000000000000000192e-04
2.460002947916666511e+06,9.997437568629823357e-01,4.000000000000000192e-04
2.460002948611110914e+06,9.998251410543474993e-01,4.000000000000000192e-04
2.460002949305555318e+06,1.000449127752657263e+00,4.000000000000000192e-04
2.460002949999999721e+06,9.999280293446892731e-01,4.000000000000000192e-04
2.460002950694444124e+06,9.994354054947338639e-01,4.000000000000000192e-04
2.460002951388888992e+06,9.998640252762718283e-01,4.000000000000000192e-04
2.460002952083333395e+06,1.000436002844090844e+00,4.000000000000000192e-04
2.460002952777777798e+06,1.000398994873000103e+00,4.000000000000000192e-04
2.460002953472222202e+06,1.000056089479436583e+00,4.000000000000000192e-04
2.460002954166666605e+06,9.999833254686170125e-01,4.000000000000000192e-04
2.460002954861111008e+06,1.000346416239123792e+00,4.000000000000000192e-04
2.460002955555555411e+06,1.000115958007953942e+00,4.000000000000000192e-04
2.460002956249999814e+06,1.000144604971558993e+00,4.000000000000000192e-04
2.460002956944444217e+06,1.000233711964177097e+00,4.000000000000000192e-04
2.460002957638888620e+06,1.000413915555264932e+00,4.000000000000000192e-04
2.460002958333333023e+06,1.000389860320984203e+00,4.000000000000000192e-04
2.460002959027777892e+06,9.996959547414732139e-01,4.000000000000000192e-04
2.460002959722222295e+06,1.000010196225453285e+00,4.000000000000000192e-04
2.460002960416666698e+06,1.000341779322854174e+00,4.000000000000000192e-04
2.460002961111111101e+06,1.000105538558274221e+00,4.000000000000000192e-04
2.460002961805555504e+06,9.997657468418006399e-01,4.000000000000000192e-04
2.460002962499999907e+06,9.998590709839496604e-01,4.000000000000000192e-04
2.460002963194444310e+06,9.994917036176828029e-01,4.000000000000000192e-04
2.460002963888888713e+06,1.000323240587943197e+00,4.000000000000000192e-04
2.460002964583333116e+06,1.000301670842731472e+00,4.000000000000000192e-04
2.460002965277777519e+06,9.997937940913647070e-01,4.000000000000000192e-04
2.460002965972221922e+06,1.000015158223367617e+00,4.000000000000000192e-04
2.460002966666666791e+06,1.000236720799523749e+00,4.000000000000000192e-04
2.460002967361111194e+06,1.000106763200774296e+00,4.000000000000000192e-04
2.460002968055555597e+06,9.999460605615587694e-01,4.000000000000000192e-04
2.460002968750000000e+06,1.000297737717700253e+00,4.000000000000000192e-04
2.460002969444444403e+06,9.995450759262238805e-01,4.000000000000000192e-04
2.460002970138888806e+06,9.989539634162903914e-01,4.000000000000000192e-04
2.460002970833333209e+06,1.000042574179890398e+00,4.000000000000000192e-04
2.460002971527777612e+06,9.992178615469544667e-01,4.000000000000000192e-04
2.460002972222222015e+06,1.000090273508309702e+00,4.000000000000000192e-04
2.460002972916666418e+06,1.000327483169350051e+00,4.000000000000000192e-04
2.460002973611110821e+06,9.992178061306795644e-01,4.000000000000000192e-04
2.460002974305555690e+06,1.000271710528469526e+00,4.000000000000000192e-04
2.460002975000000093e+06,1.000072305885479684e+00,4.000000000000000192e-04
2.460002975694444496e+06,1.000092723925075866e+00,4.000000000000000192e-04
2.460002976388888899e+06,1.000270646038740274e+00,4.000000000000000192e-04
2.460002977083333302e+06,1.000028488666918181e+00,4.000000000000000192e-04
2.460002977777777705e+06,9.995296383316853994e-01,4.000000000000000192e-04
2.460002978472222108e+06,1.000907937676391191e+00,4.000000000000000192e-04
2.460002979166666511e+06,9.993580356346197791e-01,4.000000000000000192e-04
2.460002979861110914e+06,9.999273861562731902e-01,4.000000000000000192e-04
2.460002980555555318e+06,9.992218580155329821e-01,4.000000000000000192e-04
2.460002981249999721e+06,9.995665814324925513e-01,4.000000000000000192e-04
2.460002981944444124e+06,1.000441401374277062e+00,4.000000000000000192e-04
2.460002982638888992e+06,9.991257053035365043e-01,4.000000000000000192e-04
2.460002983333333395e+06,1.000376054222499755e+00,4.000000000000000192e-04
2.460002984027777798e+06,9.997864898324934080e-01,4.000000000000000192e-04
2.460002984722222202e+06,1.000518384051875653e+00,4.000000000000000192e-04
2.460002985416666605e+06,1.000083314899355535e+00,4.000000000000000192e-04
2.460002986111111008e+06,1.000218054533301260e+00,4.000000000000000192e-04
2.460002986805555411e+06,9.993503006348486428e-01,4.000000000000000192e-04
2.460002987499999814e+06,1.000077160127466946e+00,4.000000000000000192e-04
2.460002988194444217e+06,1.000568725729884090e+00,4.000000000000000192e-04
2.460002988888888620e+06,9.996311133542100658e-01,4.000000000000000192e-04
2.460002989583333023e+06,1.000261935531447488e+00,4.000000000000000192e-04
2.460002990277777892e+06,9.999025878509331111e-01,4.000000000000000192e-04
2.460002990972222295e+06,1.000343080366459025e+00,4.000000000000000192e-04
2.460002991666666698e+06,9.996558924611859132e-01,4.000000000000000192e-04
2.460002992361111101e+06,1.000258185761572438e+00,4.000000000000000192e-04
2.460002993055555504e+06,1.000124979625399257e+00,4.000000000000000192e-04
2.460002993749999907e+06,1.000574846543164753e+00,4.000000000000000192e-04
2.460002994444444310e+06,9.998218390075784834e-01,4.000000000000000192e-04
2.460002995138888713e+06,9.997616084403608827e-01,4.000000000000000192e-04
2.460002995833333116e+06,1.000693924975111893e+00,4.000000000000000192e-04
2.460002996527777519e+06,1.000309804311255268e+00,4.000000000000000192e-04
2.460002997222221922e+06,1.000013458015514667e+00,4.000000000000000192e-04
2.460002997916666791e+06,1.000405471349835373e+00,4.000000000000000192e-04
2.460002998611111194e+06,9.992369900503730307e-01,4.000000000000000192e-04
2.460002999305555597e+06,9.997535663215727508e-01,4.000000000000000192e-04
2.460003000000000000e+06,1.000203365273002021e+00,4.000000000000000192e-04
2.460003000694444403e+06,1.000238516051052740e+00,4.000000000000000192e-04
2.460003001388888806e+06,9.998946078011026195e-01,4.000000000000000192e-04
2.460003002083333209e+06,1.000051118609928791e+00,4.000000000000000192e-04
2.460003002777777612e+06,9.997430538137690448e-01,4.000000000000000192e-04
2.460003003472222015e+06,9.996928245408457370e-01,4.000000000000000192e-04
2.460003004166666418e+06,9.997938652251656677e-01,4.000000000000000192e-04
2.460003004861110821e+06,1.000063208092550893e+00,4.000000000000000192e-04
2.460003005555555690e+06,1.000616977534682261e+00,4.000000000000000192e-04
2.460003006250000093e+06,9.999815217704579595e-01,4.000000000000000192e-04
2.460003006944444496e+06,1.000415223909989937e+00,4.000000000000000192e-04
2.460003007638888899e+06,9.993927580857062676e-01,4.000000000000000192e-04
2.460003008333333302e+06,1.000049304710048936e+00,4.000000000000000192e-04
2.460003009027777705e+06,1.000025696333425529e+00,4.000000000000000192e-04
2.460003009722222108e+06,1.000063401785296957e+00,4.000000000000000192e-04
2.460003010416666511e+06,9.997325632489347802e-01,4.000000000000000192e-04
2.460003011111110914e+06,1.000009485573389867e+00,4.000000000000000192e-04
2.460003011805555318e+06,9.999962751972456543e-01,4.000000000000000192e-04
2.460003012499999721e+06,1.000344974239548046e+00,4.000000000000000192e-04
2.460003013194444124e+06,9.993708909646772387e-01,4.000000000000000192e-04
2.460003013888888992e+06,1.000177659611040992e+00,4.000000000000000192e-04
2.460003014583333395e+06,1.000265625333598196e+00,4.000000000000000192e-04
2.460003015277777798e+06,9.997807112746889269e-01,4.000000000000000192e-04
2.460003015972222202e+06,9.997567431489721157e-01,4.000000000000000192e-04
2.460003016666666605e+06,9.996629721933200097e-01,4.000000000000000192e-04
2.460003017361111008e+06,9.995823752593516742e-01,4.000000000000000192e-04
2.460003018055555411e+06,9.996486015082952648e-01,4.000000000000000192e-04
2.460003018749999814e+06,9.996030929362904605e-01,4.000000000000000192e-04
2.460003019444444217e+06,9.997676052475138464e-01,4.000000000000000192e-04
2.460003020138888620e+06,9.996634933621049157e-01,4.000000000000000192e-04
2.460003020833333023e+06,1.000586769464225867e+00,4.000000000000000192e-04
2.460003021527777892e+06,1.000473173352556033e+00,4.000000000000000192e-04
2.460003022222222295e+06,1.000260265820567041e+00,4.000000000000000192e-04
2.460003022916666698e+06,1.000732956934380136e+00,4.000000000000000192e-04
2.460003023611111101e+06,1.000362681976290302e+00,4.000000000000000192e-04
2.460003024305555504e+06,9.999947266457167583e-01,4.000000000000000192e-04
2.460003024999999907e+06,9.995896146931966264e-01,4.000000000000000192e-04
2.460003025694444310e+06,1.000283206536597191e+00,4.000000000000000192e-04
2.460003026388888713e+06,9.994193329053830954e-01,4.000000000000000192e-04
2.460003027083333116e+06,9.999182316022642292e-01,4.000000000000000192e-04
2.460003027777777519e+06,1.000543893296078846e+00,4.000000000000000192e-04
2.460003028472221922e+06,9.998659818739840111e-01,4.000000000000000192e-04
2.460003029166666791e+06,1.000755539922752790e+00,4.000000000000000192e-04
2.460003029861111194e+06,9.998143562851635746e-01,4.000000000000000192e-04
2.460003030555555597e+06,1.000594920569983559e+00,4.000000000000000192e-04
2.460003031250000000e+06,9.994744900051689696e-01,4.000000000000000192e-04
2.460003031944444403e+06,9.997137608426477362e-01,4.000000000000000192e-04
2.460003032638888806e+06,9.993733393072407045e-01,4.000000000000000192e-04
2.460003033333333209e+06,9.995524735813856587e-01,4.000000000000000192e-04
2.460003034027777612e+06,1.000015429502201680e+00,4.000000000000000192e-04
2.460003034722222015e+06,1.000253329564789739e+00,4.000000000000000192e-04
2.460003035416666418e+06,9.994373696082196057e-01,4.000000000000000192e-04
2.460003036111110821e+06,9.997557850350096142e-01,4.000000000000000192e-04
2.460003036805555690e+06,9.999624378308480388e-01,4.000000000000000192e-04
2.460003037500000093e+06,1.000400449451491980e+00,4.000000000000000192e-04
2.460003038194444496e+06,1.000149838199152930e+00,4.000000000000000192e-04
2.460003038888888899e+06,1.000159995510930822e+00,4.000000000000000192e-04
2.460003039583333302e+06,9.997555836273848140e-01,4.000000000000000192e-04
2.460003040277777705e+06,9.994387189957565365e-01,4.000000000000000192e-04
2.460003040972222108e+06,9.997815248940951083e-01,4.000000000000000192e-04
2.460003041666666511e+06,1.000102393699818570e+00,4.000000000000000192e-04
2.460003042361110914e+06,9.994134364321449748e-01,4.000000000000000192e-04
2.460003043055555318e+06,9.999460077902648791e-01,4.000000000000000192e-04
2.460003043749999721e+06,9.997652556706623228e-01,4.000000000000000192e-04
2.460003044444444124e+06,9.999742678183528577e-01,4.000000000000000192e-04
2.460003045138888992e+06,9.993512620900787402e-01,4.000000000000000192e-04
2.460003045833333395e+06,9.992515080800774552e-01,4.000000000000000192e-04
2.460003046527777798e+06,9.994982052503779135e-01,4.000000000000000192e-04
2.460003047222222202e+06,1.000151217571793483e+00,4.000000000000000192e-04
2.460003047916666605e+06,1.000695613903529013e+00,4.000000000000000192e-04
2.460003048611111008e+06,9.995766100098300022e-01,4.000000000000000192e-04
2.460003049305555411e+06,9.999156785984942841e-01,4.000000000000000192e-04
2.460003049999999814e+06,9.998674617543497067e-01,4.000000000000000192e-04
2.460003050694444217e+06,9.996765130257837528e-01,4.000000000000000192e-04
2.460003051388888620e+06,9.998923563294125350e-01,4.000000000000000192e-04
2.460003052083333023e+06,9.999634923079178117e-01,4.000000000000000192e-04
2.460003052777777892e+06,1.000323280788883107e+00,4.000000000000000192e-04
2.460003053472222295e+06,1.000168155392436864e+00,4.000000000000000192e-04
2.460003054166666698e+06,9.993985361482421448e-01,4.000000000000000192e-04
2.460003054861111101e+06,1.000173992491907304e+00,4.000000000000000192e-04
2.460003055555555504e+06,1.000324393739200790e+00,4.000000000000000192e-04
2.460003056249999907e+06,1.000337141241894434e+00,4.000000000000000192e-04
2.460003056944444310e+06,9.999897876340685388e-01,4.000000000000000192e-04
2.460003057638888713e+06,1.000875289696030901e+00,4.000000000000000192e-04
2.460003058333333116e+06,1.000526890652364331e+00,4.000000000000000192e-04
2.460003059027777519e+06,9.994254954591764717e-01,4.000000000000000192e-04
2.460003059722221922e+06,1.000360265374214297e+00,4.000000000000000192e-04
2.460003060416666791e+06,1.000069475633213134e+00,4.000000000000000192e-04
2.460003061111111194e+06,9.997466526362809303e-01,4.000000000000000192e-04
2.460003061805555597e+06,9.997081429848244660e-01,4.000000000000000192e-04
2.460003062500000000e+06,1.000703981688785715e+00,4.000000000000000192e-04
2.460003063194444403e+06,1.000107084713154126e+00,4.000000000000000192e-04
2.460003063888888806e+06,1.000113570860676315e+00,4.000000000000000192e-04
2.460003064583333209e+06,1.000375430105868269e+00,4.000000000000000192e-04
2.460003065277777612e+06,1.000184025026388479e+00,4.000000000000000192e-04
2.460003065972222015e+06,9.998045544263329809e-01,4.000000000000000192e-04
2.460003066666666418e+06,9.999226083768253392e-01,4.000000000000000192e-04
2.460003067361110821e+06,9.998677235433669486e-01,4.000000000000000192e-04
2.460003068055555690e+06,1.000606808170488193e+00,4.000000000000000192e-04
2.460003068750000093e+06,1.000372851894024029e+00,4.000000000000000192e-04
2.460003069444444496e+06,9.995549785534915133e-01,4.000000000000000192e-04
2.460003070138888899e+06,9.990169320894595195e-01,4.000000000000000192e-04
2.460003070833333302e+06,9.997696693860784745e-01,4.000000000000000192e-04
2.460003071527777705e+06,1.000415194217059378e+00,4.000000000000000192e-04
2.460003072222222108e+06,1.000341556086817851e+00,4.000000000000000192e-04
2.460003072916666511e+06,1.000155700018750426e+00,4.000000000000000192e-04
2.460003073611110914e+06,1.000276495097514484e+00,4.000000000000000192e-04
2.460003074305555318e+06,9.997408859265946024e-01,4.000000000000000192e-04
2.460003074999999721e+06,1.000095636565584201e+00,4.000000000000000192e-04
2.460003075694444124e+06,9.995462742623494323e-01,4.000000000000000192e-04
2.460003076388888992e+06,9.997003281374733374e-01,4.000000000000000192e-04
2.460003077083333395e+06,9.993482714394157362e-01,4.000000000000000192e-04
2.460003077777777798e+06,9.992631886403198216e-01,4.000000000000000192e-04
2.460003078472222202e+06,9.996381839792387591e-01,4.000000000000000192e-04
2.460003079166666605e+06,9.995247326625649187e-01,4.000000000000000192e-04
2.460003079861111008e+06,9.999731964007239071e-01,4.000000000000000192e-04
2.460003080555555411e+06,9.997973472949711615e-01,4.000000000000000192e-04
2.460003081249999814e+06,9.992412101385681478e-01,4.000000000000000192e-04
2.460003081944444217e+06,9.998610194550465735e-01,4.000000000000000192e-04
2.460003082638888620e+06,9.998789450483969166e-01,4.000000000000000192e-04
2.460003083333333023e+06,1.000462986998526205e+00,4.000000000000000192e-04
2.460003084027777892e+06,9.996507085979906559e-01,4.000000000000000192e-04
2.460003084722222295e+06,9.998327194123307615e-01,4.000000000000000192e-04
2.460003085416666698e+06,1.000432270383490474e+00,4.000000000000000192e-04
2.460003086111111101e+06,9.998937496196586006e-01,4.000000000000000192e-04
2.460003086805555504e+06,9.992799487483676746e-01,4.000000000000000192e-04
2.460003087499999907e+06,1.000305324354226366e+00,4.000000000000000192e-04
2.460003088194444310e+06,1.000847936687610851e+00,4.000000000000000192e-04
2.460003088888888713e+06,1.000121304609860484e+00,4.000000000000000192e-04
2.460003089583333116e+06,1.000047951665237855e+00,4.000000000000000192e-04
2.460003090277777519e+06,1.000041771722544270e+00,4.000000000000000192e-04
2.460003090972221922e+06,1.000263670359931467e+00,4.000000000000000192e-04
2.460003091666666791e+06,1.000124311287224677e+00,4.000000000000000192e-04
2.460003092361111194e+06,1.000193010856297304e+00,4.000000000000000192e-04
2.460003093055555597e+06,9.999272696967950180e-01,4.000000000000000192e-04
2.460003093750000000e+06,1.000202757228765726e+00,4.000000000000000192e-04
2.460003094444444403e+06,1.000033681565574817e+00,4.000000000000000192e-04
2.460003095138888806e+06,9.999759195491353392e-01,4.000000000000000192e-04
2.460003095833333209e+06,1.000503884858352510e+00,4.000000000000000192e-04
2.460003096527777612e+06,9.993897349339955216e-01,4.000000000000000192e-04
2.460003097222222015e+06,9.992597001647165467e-01,4.000000000000000192e-04
2.460003097916666418e+06,1.000624659910494207e+00,4.000000000000000192e-04
2.460003098611110821e+06,1.000144843968308273e+00,4.000000000000000192e-04
2.460003099305555690e+06,1.000013823482857056e+00,4.000000000000000192e-04
2.460003100000000093e+06,1.000135461258384595e+00,4.000000000000000192e-04
2.460003100694444496e+06,9.998859877688236475e-01,4.000000000000000192e-04
2.460003101388888899e+06,1.000350755828558702e+00,4.000000000000000192e-04
2.460003102083333302e+06,1.000290093625807453e+00,4.000000000000000192e-04
2.460003102777777705e+06,9.996254727998247214e-01,4.000000000000000192e-04
2.460003103472222108e+06,9.999361059184025402e-01,4.000000000000000192e-04
2.460003104166666511e+06,1.000494384745233001e+00,4.000000000000000192e-04
2.460003104861110914e+06,1.000025379179778628e+00,4.000000000000000192e-04
2.460003105555555318e+06,9.992251960804198196e-01,4.000000000000000192e-04
2.460003106249999721e+06,9.994267391635779374e-01,4.000000000000000192e-04
2.460003106944444124e+06,1.000410902619988329e+00,4.000000000000000192e-04
2.460003107638888992e+06,9.998639288728118357e-01,4.000000000000000192e-04
2.460003108333333395e+06,9.997809201806854285e-01,4.000000000000000192e-04
2.460003109027777798e+06,1.000890508624838970e+00,4.000000000000000192e-04
2.460003109722222202e+06,9.992909708894940346e-01,4.000000000000000192e-04
2.460003110416666605e+06,9.999565442554247952e-01,4.000000000000000192e-04
2.460003111111111008e+06,9.997890881777988792e-01,4.000000000000000192e-04
2.460003111805555411e+06,9.993634482704564226e-01,4.000000000000000192e-04
2.460003112499999814e+06,9.996980627149136822e-01,4.000000000000000192e-04
2.460003113194444217e+06,9.993859199722380238e-01,4.000000000000000192e-04
2.460003113888888620e+06,9.994016798686821135e-01,4.000000000000000192e-04
2.460003114583333023e+06,9.999473470676747411e-01,4.000000000000000192e-04
2.460003115277777892e+06,1.000609385793651107e+00,4.000000000000000192e-04
2.460003115972222295e+06,9.986242699995074856e-01,4.000000000000000192e-04
2.460003116666666698e+06,1.000152749510956118e+00,4.000000000000000192e-04
2.460003117361111101e+06,1.000039299463953979e+00,4.000000000000000192e-04
2.460003118055555504e+06,1.000532916923130733e+00,4.000000000000000192e-04
2.460003118749999907e+06,9.999235686747721674e-01,4.000000000000000192e-04
2.460003119444444310e+06,1.000013737292652749e+00,4.000000000000000192e-04
2.460003120138888713e+06,1.000571990003587208e+00,4.000000000000000192e-04
2.460003120833333116e+06,1.000182568698685159e+00,4.000000000000000192e-04
2.460003121527777519e+06,9.999409274426224181e-01,4.000000000000000192e-04
2.460003122222221922e+06,9.994270691646282012e-01,4.000000000000000192e-04
2.460003122916666791e+06,1.000240422903226900e+00,4.000000000000000192e-04
2.460003123611111194e+06,1.000030432638128408e+00,4.000000000000000192e-04
2.460003124305555597e+06,9.997145818424781893e-01,4.000000000000000192e-04
2.460003125000000000e+06,1.000400224122763193e+00,4.000000000000000192e-04
2.460003125694444403e+06,1.000243929222162320e+00,4.000000000000000192e-04
2.460003126388888806e+06,9.998339040356419849e-01,4.000000000000000192e-04
2.460003127083333209e+06,1.000257384439603436e+00,4.000000000000000192e-04
2.460003127777777612e+06,9.996602800196640048e-01,4.000000000000000192e-04
2.460003128472222015e+06,9.995419026576551902e-01,4.000000000000000192e-04
2.460003129166666418e+06,9.997475037763542405e-01,4.000000000000000192e-04
2.460003129861110821e+06,9.998084650179611677e-01,4.000000000000000192e-04
2.460003130555555690e+06,1.000108479159351305e+00,4.000000000000000192e-04
2.460003131250000093e+06,9.998761667845115220e-01,4.000000000000000192e-04
2.460003131944444496e+06,9.999728610490745684e-01,4.000000000000000192e-04
2.460003132638888899e+06,9.997978077124667351e-01,4.000000000000000192e-04
2.460003133333333302e+06,9.999876160547287451e-01,4.000000000000000192e-04
2.460003134027777705e+06,9.994996082934365367e-01,4.000000000000000192e-04
2.460003134722222108e+06,1.000084675867566331e+00,4.000000000000000192e-04
2.460003135416666511e+06,1.000007901494975648e+00,4.000000000000000192e-04
2.460003136111110914e+06,1.000221358465846144e+00,4.000000000000000192e-04
2.460003136805555318e+06,9.992906896436161146e-01,4.000000000000000192e-04
2.460003137499999721e+06,1.000964223040768930e+00,4.000000000000000192e-04
2.460003138194444124e+06,9.996406431629510925e-01,4.000000000000000192e-04
2.460003138888888992e+06,9.998189755491908581e-01,4.000000000000000192e-04
2.460003139583333395e+06,9.993432314535337646e-01,4.000000000000000192e-04
2.460003140277777798e+06,1.000162911580390057e+00,4.000000000000000192e-04
2.460003140972222202e+06,1.000187415740509511e+00,4.000000000000000192e-04
2.460003141666666605e+06,9.999813106135584384e-01,4.000000000000000192e-04
2.460003142361111008e+06,1.000543171751831384e+00,4.000000000000000192e-04
2.460003143055555411e+06,9.993693361078650472e-01,4.000000000000000192e-04
2.460003143749999814e+06,9.996056973936972012e-01,4.000000000000000192e-04
2.460003144444444217e+06,9.996928242183057423e-01,4.000000000000000192e-04
2.460003145138888620e+06,1.000116546055210831e+00,4.000000000000000192e-04
2.460003145833333023e+06,9.999165748940455067e-01,4.000000000000000192e-04
2.460003146527777892e+06,9.997518401148099976e-01,4.000000000000000192e-04
2.460003147222222295e+06,9.998225890179891495e-01,4.000000000000000192e-04
2.460003147916666698e+06,9.997774766895343168e-01,4.000000000000000192e-04
2.460003148611111101e+06,1.000000456593526987e+00,4.000000000000000192e-04
2.460003149305555504e+06,1.000032545271632545e+00,4.000000000000000192e-04
2.460003149999999907e+06,1.000144200491594582e+00,4.000000000000000192e-04
2.460003150694444310e+06,1.000557772216133179e+00,4.000000000000000192e-04
2.460003151388888713e+06,1.000062479311573993e+00,4.000000000000000192e-04
2.460003152083333116e+06,9.997618357787669829e-01,4.000000000000000192e-04
2.460003152777777519e+06,9.998373440009713509e-01,4.000000000000000192e-04
2.460003153472221922e+06,9.993253374395839606e-01,4.000000000000000192e-04
2.460003154166666791e+06,1.000509702358386876e+00,4.000000000000000192e-04
2.460003154861111194e+06,9.999948358545625027e-01,4.000000000000000192e-04
2.460003155555555597e+06,1.000155610513843163e+00,4.000000000000000192e-04
2.460003156250000000e+06,9.992768101026537897e-01,4.000000000000000192e-04
2.460003156944444403e+06,9.996573218298763219e-01,4.000000000000000192e-04
2.460003157638888806e+06,9.997468049577953320e-01,4.000000000000000192e-04
2.460003158333333209e+06,1.000413090099910640e+00,4.000000000000000192e-04
2.460003159027777612e+06,9.996909898844769105e-01,4.000000000000000192e-04
2.460003159722222015e+06,9.993184489432346274e-01,4.000000000000000192e-04
2.460003160416666418e+06,9.995323893494324485e-01,4.000000000000000192e-04
2.460003161111110821e+06,9.998319965560851230e-01,4.000000000000000192e-04
2.460003161805555690e+06,1.000419431032702589e+00,4.000000000000000192e-04
2.460003162500000093e+06,9.998372798416893525e-01,4.000000000000000192e-04
2.460003163194444496e+06,1.000347834668255276e+00,4.000000000000000192e-04
2.460003163888888899e+06,1.000128927260768741e+00,4.000000000000000192e-04
2.460003164583333302e+06,1.000459121603033408e+00,4.000000000000000192e-04
2.460003165277777705e+06,1.000248225794782231e+00,4.000000000000000192e-04
2.460003165972222108e+06,9.996202614671113595e-01,4.000000000000000192e-04
2.460003166666666511e+06,9.998546437032074241e-01,4.000000000000000192e-04
2.460003167361110914e+06,1.000105308621491274e+00,4.000000000000000192e-04
2.460003168055555318e+06,1.000601994138440531e+00,4.000000000000000192e-04
2.460003168749999721e+06,9.995827622372662757e-01,4.000000000000000192e-04
2.460003169444444124e+06,9.999603169989275120e-01,4.000000000000000192e-04
2.460003170138888992e+06,1.000095502254061408e+00,4.000000000000000192e-04
2.460003170833333395e+06,9.994634830525459535e-01,4.000000000000000192e-04
2.460003171527777798e+06,9.995019376554876711e-01,4.000000000000000192e-04
2.460003172222222202e+06,9.990013367345984552e-01,4.000000000000000192e-04
2.460003172916666605e+06,1.000434394575826724e+00,4.000000000000000192e-04
2.460003173611111008e+06,1.000477691589202855e+00,4.000000000000000192e-04
2.460003174305555411e+06,1.000445267130974036e+00,4.000000000000000192e-04
2.460003174999999814e+06,9.994309346059253585e-01,4.000000000000000192e-04
2.460003175694444217e+06,1.000136801605721049e+00,4.000000000000000192e-04
2.460003176388888620e+06,9.997033925862189863e-01,4.000000000000000192e-04
2.460003177083333023e+06,1.000477661066216717e+00,4.000000000000000192e-04
2.460003177777777892e+06,9.996710435921166704e-01,4.000000000000000192e-04
2.460003178472222295e+06,9.995340994344521501e-01,4.000000000000000192e-04
2.460003179166666698e+06,9.992767103092141667e-01,4.000000000000000192e-04
2.460003179861111101e+06,1.000536809716086051e+00,4.000000000000000192e-04
2.460003180555555504e+06,9.999883867276309068e-01,4.000000000000000192e-04
2.460003181249999907e+06,1.000383613188413401e+00,4.000000000000000192e-04
2.460003181944444310e+06,1.001009516972350966e+00,4.000000000000000192e-04
2.460003182638888713e+06,9.998796275590905447e-01,4.000000000000000192e-04
2.460003183333333116e+06,1.000359092409341066e+00,4.000000000000000192e-04
2.460003184027777519e+06,1.000451204818100903e+00,4.000000000000000192e-04
2.460003184722221922e+06,9.997826218303059731e-01,4.000000000000000192e-04
2.460003185416666791e+06,9.995959239480051162e-01,4.000000000000000192e-04
2.460003186111111194e+06,9.997950368418482281e-01,4.000000000000000192e-04
2.460003186805555597e+06,1.000132482675926138e+00,4.000000000000000192e-04
2.460003187500000000e+06,1.000156595607511134e+00,4.000000000000000192e-04
2.460003188194444403e+06,9.999363035365543828e-01,4.000000000000000192e-04
2.460003188888888806e+06,1.000403427966933378e+00,4.000000000000000192e-04
2.460003189583333209e+06,9.997638023256714135e-01,4.000000000000000192e-04
2.460003190277777612e+06,1.000090464816549840e+00,4.000000000000000192e-04
2.460003190972222015e+06,1.000300008186626455e+00,4.000000000000000192e-04
2.460003191666666418e+06,9.999213260945291060e-01,4.000000000000000192e-04
2.460003192361110821e+06,9.994861637866854220e-01,4.000000000000000192e-04
2.460003193055555690e+06,1.000542438588474026e+00,4.000000000000000192e-04
2.460003193750000093e+06,1.000354359667311899e+00,4.000000000000000192e-04
2.460003194444444496e+06,9.992878193931890030e-01,4.000000000000000192e-04
2.460003195138888899e+06,1.000461490154151090e+00,4.000000000000000192e-04
2.460003195833333302e+06,1.000366594548542265e+00,4.000000000000000192e-04
2.460003196527777705e+06,9.994836725432356683e-01,4.000000000000000192e-04
2.460003197222222108e+06,1.000178987091953742e+00,4.000000000000000192e-04
2.460003197916666511e+06,9.993084380019341406e-01,4.000000000000000192e-04
2.460003198611110914e+06,1.000145329272842609e+00,4.000000000000000192e-04
2.460003199305555318e+06,9.990875274535175876e-01,4.000000000000000192e-04
2.460003199999999721e+06,1.000187783807329422e+00,4.000000000000000192e-04
2.460003200694444124e+06,9.992606449136592905e-01,4.000000000000000192e-04
2.460003201388888992e+06,9.993646802051668887e-01,4.000000000000000192e-04
2.460003202083333395e+06,9.998956499851900936e-01,4.000000000000000192e-04
2.460003202777777798e+06,1.000724670755038792e+00,4.000000000000000192e-04
2.460003203472222202e+06,9.997513096424759382e-01,4.000000000000000192e-04
2.460003204166666605e+06,9.998176237779001774e-01,4.000000000000000192e-04
2.460003204861111008e+06,9.998807804836868929e-01,4.000000000000000192e-04
2.460003205555555411e+06,1.000010678939640130e+00,4.000000000000000192e-04
2.460003206249999814e+06,1.000296670813880517e+00,4.000000000000000192e-04
2.460003206944444217e+06,9.999119706114478756e-01,4.000000000000000192e-04
2.460003207638888620e+06,1.000239721992823849e+00,4.000000000000000192e-04
2.460003208333333023e+06,9.995838429761507715e-01,4.000000000000000192e-04
2.460003209027777892e+06,1.000561739499711944e+00,4.000000000000000192e-04
2.460003209722222295e+06,9.998232736784982144e-01,4.000000000000000192e-04
2.460003210416666698e+06,9.998570662093467787e-01,4.000000000000000192e-04
2.460003211111111101e+06,1.001245558145065218e+00,4.000000000000000192e-04
2.460003211805555504e+06,9.996435957145213269e-01,4.000000000000000192e-04
2.460003212499999907e+06,9.998659597751595740e-01,4.000000000000000192e-04
2.460003213194444310e+06,9.996983314625751404e-01,4.000000000000000192e-04
2.460003213888888713e+06,9.998023002478578780e-01,4.000000000000000192e-04
2.460003214583333116e+06,1.000117825477995437e+00,4.000000000000000192e-04
2.460003215277777519e+06,1.000356637575482210e+00,4.000000000000000192e-04
2.460003215972221922e+06,9.996428050268408860e-01,4.000000000000000192e-04
2.460003216666666791e+06,9.995857341666245510e-01,4.000000000000000192e-04
2.460003217361111194e+06,1.000079373274939121e+00,4.000000000000000192e-04
2.460003218055555597e+06,1.000310404411039800e+00,4.000000000000000192e-04
2.460003218750000000e+06,9.997572662192236725e-01,4.000000000000000192e-04
2.460003219444444403e+06,1.000309208275858452e+00,4.000000000000000192e-04
2.460003220138888806e+06,9.994829742809632211e-01,4.000000000000000192e-04
2.460003220833333209e+06,9.998106275361331452e-01,4.000000000000000192e-04
2.460003221527777612e+06,1.000521632171931019e+00,4.000000000000000192e-04
2.460003222222222015e+06,9.997934277665635472e-01,4.000000000000000192e-04
2.460003222916666418e+06,9.998863705425381498e-01,4.000000000000000192e-04
2.460003223611110821e+06,9.994427234270517602e-01,4.000000000000000192e-04
2.460003224305555690e+06,1.000033908024140272e+00,4.000000000000000192e-04
2.460003225000000093e+06,9.993936524890992823e-01,4.000000000000000192e-04
2.460003225694444496e+06,9.999232509959559145e-01,4.000000000000000192e-04
2.460003226388888899e+06,1.000064189533466763e+00,4.000000000000000192e-04
2.460003227083333302e+06,9.996581739456794624e-01,4.000000000000000192e-04
2.460003227777777705e+06,1.000326931242965678e+00,4.000000000000000192e-04
2.460003228472222108e+06,9.999393072346847156e-01,4.000000000000000192e-04
2.460003229166666511e+06,1.000546891194578070e+00,4.000000000000000192e-04
2.460003229861110914e+06,9.992793909031018051e-01,4.000000000000000192e-04
2.460003230555555318e+06,9.997821447036114861e-01,4.000000000000000192e-04
2.460003231249999721e+06,1.000465615497506455e+00,4.000000000000000192e-04
2.460003231944444124e+06,1.000262752021921164e+00,4.000000000000000192e-04
2.460003232638888992e+06,1.000056303509204048e+00,4.000000000000000192e-04
2.460003233333333395e+06,1.000926920615681670e+00,4.000000000000000192e-04
2.460003234027777798e+06,1.000037731961876286e+00,4.000000000000000192e-04
2.460003234722222202e+06,1.000904928968086915e+00,4.000000000000000192e-04
2.460003235416666605e+06,9.999796998823341498e-01,4.000000000000000192e-04
2.460003236111111008e+06,9.999267760310411868e-01,4.000000000000000192e-04
2.460003236805555411e+06,1.000216515111752136e+00,4.000000000000000192e-04
2.460003237499999814e+06,1.000387927971225333e+00,4.000000000000000192e-04
2.460003238194444217e+06,1.000633255661726118e+00,4.000000000000000192e-04
2.460003238888888620e+06,9.999086976372516533e-01,4.000000000000000192e-04
2.460003239583333023e+06,9.992744725983985221e-01,4.000000000000000192e-04
2.460003240277777892e+06,9.998412793513988817e-01,4.000000000000000192e-04
2.460003240972222295e+06,1.000306254863192912e+00,4.000000000000000192e-04
2.460003241666666698e+06,1.000102808266632115e+00,4.000000000000000192e-04
2.460003242361111101e+06,9.996337379582390659e-01,4.000000000000000192e-04
2.460003243055555504e+06,1.000028460409285058e+00,4.000000000000000192e-04
2.460003243749999907e+06,1.000103918766279465e+00,4.000000000000000192e-04
2.460003244444444310e+06,1.000454996453083778e+00,4.000000000000000192e-04
2.460003245138888713e+06,1.000420504162256474e+00,4.000000000000000192e-04
2.460003245833333116e+06,1.000261966059271757e+00,4.000000000000000192e-04
2.460003246527777519e+06,9.996846950557646272e-01,4.000000000000000192e-04
2.460003247222221922e+06,9.995179323015744854e-01,4.000000000000000192e-04
2.460003247916666791e+06,1.000000431046397908e+00,4.000000000000000192e-04
2.460003248611111194e+06,1.000267912982434559e+00,4.000000000000000192e-04
2.460003249305555597e+06,9.999548160087566862e-01,4.000000000000000192e-04
2.460003250000000000e+06,9.999049167815411421e-01,4.000000000000000192e-04
2.460003250694444403e+06,1.000662842635295924e+00,4.000000000000000192e-04
2.460003251388888806e+06,1.000071966895366149e+00,4.000000000000000192e-04
2.460003252083333209e+06,9.998815318011835540e-01,4.000000000000000192e-04
2.460003252777777612e+06,1.000487896569563828e+00,4.000000000000000192e-04
2.460003253472222015e+06,1.000052898932528134e+00,4.000000000000000192e-04
2.460003254166666418e+06,9.997173103303379493e-01,4.000000000000000192e-04
2.460003254861110821e+06,1.000488749390037846e+00,4.000000000000000192e-04
2.460003255555555690e+06,9.991857480420948123e-01,4.000000000000000192e-04
2.460003256250000093e+06,9.999038133410951268e-01,4.000000000000000192e-04
2.460003256944444496e+06,9.997952315415724600e-01,4.000000000000000192e-04
2.460003257638888899e+06,9.999757546196135216e-01,4.000000000000000192e-04
2.460003258333333302e+06,1.000363117185500528e+00,4.000000000000000192e-04
2.460003259027777705e+06,1.000281374471925444e+00,4.000000000000000192e-04
2.460003259722222108e+06,1.000163629553143529e+00,4.000000000000000192e-04
2.460003260416666511e+06,9.996586215962487421e-01,4.000000000000000192e-04
2.460003261111110914e+06,9.995464735739552076e-01,4.000000000000000192e-04
2.460003261805555318e+06,1.000351911788849302e+00,4.000000000000000192e-04
2.460003262499999721e+06,1.000294947289691150e+00,4.000000000000000192e-04
2.460003263194444124e+06,9.999505346740410472e-01,4.000000000000000192e-04
2.460003263888888992e+06,9.997787951650296545e-01,4.000000000000000192e-04
2.460003264583333395e+06,1.000512037144804856e+00,4.000000000000000192e-04
2.460003265277777798e+06,1.000150478158952971e+00,4.000000000000000192e-04
2.460003265972222202e+06,9.996230342278163983e-01,4.000000000000000192e-04
2.460003266666666605e+06,1.000008986664176369e+00,4.000000000000000192e-04
2.460003267361111008e+06,1.000023053107489623e+00,4.000000000000000192e-04
2.460003268055555411e+06,1.000509248388363748e+00,4.000000000000000192e-04
2.460003268749999814e+06,9.997205511932200084e-01,4.000000000000000192e-04
2.460003269444444217e+06,9.995544360011839879e-01,4.000000000000000192e-04
2.460003270138888620e+06,1.000258847280894869e+00,4.000000000000000192e-04
2.460003270833333023e+06,1.000149730285555094e+00,4.000000000000000192e-04
2.460003271527777892e+06,9.998077525527375720e-01,4.000000000000000192e-04
2.460003272222222295e+06,1.000341705335704434e+00,4.000000000000000192e-04
2.460003272916666698e+06,1.000314392124084018e+00,4.000000000000000192e-04
2.460003273611111101e+06,1.000026760547244153e+00,4.000000000000000192e-04
2.460003274305555504e+06,1.000063513546099125e+00,4.000000000000000192e-04
2.460003274999999907e+06,1.000250173926324315e+00,4.000000000000000192e-04
2.460003275694444310e+06,1.000359537786167818e+00,4.000000000000000192e-04
2.460003276388888713e+06,9.998065305268787339e-01,4.000000000000000192e-04
2.460003277083333116e+06,9.997765004002473477e-01,4.000000000000000192e-04
2.460003277777777519e+06,1.000395041849216238e+00,4.000000000000000192e-04
2.460003278472221922e+06,1.000067586276492282e+00,4.000000000000000192e-04
2.460003279166666791e+06,9.997013471044632338e-01,4.000000000000000192e-04
2.460003279861111194e+06,9.997106207842529901e-01,4.000000000000000192e-04
2.460003280555555597e+06,1.000255110329505870e+00,4.000000000000000192e-04
2.460003281250000000e+06,9.989939286362228277e-01,4.000000000000000192e-04
2.460003281944444403e+06,9.998729919364173213e-01,4.000000000000000192e-04
2.460003282638888806e+06,1.000632210114472675e+00,4.000000000000000192e-04
2.460003283333333209e+06,9.997847259449326174e-01,4.000000000000000192e-04
2.460003284027777612e+06,9.999070933363672919e-01,4.000000000000000192e-04
2.460003284722222015e+06,1.000399427084017745e+00,4.000000000000000192e-04
2.460003285416666418e+06,9.996856392241242339e-01,4.000000000000000192e-04
2.460003286111110821e+06,1.000434753571734392e+00,4.000000000000000192e-04
2.460003286805555690e+06,1.000934805914580839e+00,4.000000000000000192e-04
2.460003287500000093e+06,1.000978384783417496e+00,4.000000000000000192e-04
2.460003288194444496e+06,9.998629833219606633e-01,4.000000000000000192e-04
2.460003288888888899e+06,1.000526828114879807e+00,4.000000000000000192e-04
2.460003289583333302e+06,1.000352577181244040e+00,4.000000000000000192e-04
2.460003290277777705e+06,9.999335982606377682e-01,4.000000000000000192e-04
2.460003290972222108e+06,9.994902404918107885e-01,4.000000000000000192e-04
2.460003291666666511e+06,1.000173404370984453e+00,4.000000000000000192e-04
2.460003292361110914e+06,9.996106303776279844e-01,4.000000000000000192e-04
2.460003293055555318e+06,1.000485886014940595e+00,4.000000000000000192e-04
2.460003293749999721e+06,1.000049793031073442e+00,4.000000000000000192e-04
2.460003294444444124e+06,1.000104823693152678e+00,4.000000000000000192e-04
2.460003295138888992e+06,1.000353656054192797e+00,4.000000000000000192e-04
2.460003295833333395e+06,9.998219035062720916e-01,4.000000000000000192e-04
2.460003296527777798e+06,1.000114806211267027e+00,4.000000000000000192e-04
2.460003297222222202e+06,9.998570402640309940e-01,4.000000000000000192e-04
2.460003297916666605e+06,9.999972941436041651e-01,4.000000000000000192e-04
2.460003298611111008e+06,9.997119514405365948e-01,4.000000000000000192e-04
2.460003299305555411e+06,1.000308756651352216e+00,4.000000000000000192e-04
2.460003299999999814e+06,9.996455125417005316e-01,4.000000000000000192e-04
2.460003300694444217e+06,1.000136231514650920e+00,4.000000000000000192e-04
2.460003301388888620e+06,9.995619844647992691e-01,4.000000000000000192e-04
2.460003302083333023e+06,1.000524574833801861e+00,4.000000000000000192e-04
2.460003302777777892e+06,1.000531424725268348e+00,4.000000000000000192e-04
2.460003303472222295e+06,9.999763392338079093e-01,4.000000000000000192e-04
2.460003304166666698e+06,1.000521939633338242e+00,4.000000000000000192e-04
2.460003304861111101e+06,1.000292018581891540e+00,4.000000000000000192e-04
2.460003305555555504e+06,1.000399502363349180e+00,4.000000000000000192e-04
2.460003306249999907e+06,1.000260821325602345e+00,4.000000000000000192e-04
2.460003306944444310e+06,1.000096876946763302e+00,4.000000000000000192e-04
2.460003307638888713e+06,1.000220299494360532e+00,4.000000000000000192e-04
2.460003308333333116e+06,1.000017867283232276e+00,4.000000000000000192e-04
2.460003309027777519e+06,9.997370036082091627e-01,4.000000000000000192e-04
2.460003309722221922e+06,1.000275800240844282e+00,4.000000000000000192e-04
2.460003310416666791e+06,1.000106653113207456e+00,4.000000000000000192e-04
2.460003311111111194e+06,9.999208484440905709e-01,4.000000000000000192e-04
2.460003311805555597e+06,9.989684597657959575e-01,4.000000000000000192e-04
2.460003312500000000e+06,1.000369193446837279e+00,4.000000000000000192e-04
2.460003313194444403e+06,1.000298374263407286e+00,4.000000000000000192e-04
2.460003313888888806e+06,1.000023111465417225e+00,4.000000000000000192e-04
2.460003314583333209e+06,9.999977387411093099e-01,4.000000000000000192e-04
2.460003315277777612e+06,9.999320074695626781e-01,4.000000000000000192e-04
2.460003315972222015e+06,1.000254839179101518e+00,4.000000000000000192e-04
2.460003316666666418e+06,1.000155190225331614e+00,4.000000000000000192e-04
2.460003317361110821e+06,9.998042520074389428e-01,4.000000000000000192e-04
2.460003318055555690e+06,9.996769170462552756e-01,4.000000000000000192e-04
2.460003318750000093e+06,9.997307513710185223e-01,4.000000000000000192e-04
2.460003319444444496e+06,9.992808058053718190e-01,4.000000000000000192e-04
2.460003320138888899e+06,9.998872350886101046e-01,4.000000000000000192e-04
2.460003320833333302e+06,9.995165172400906073e-01,4.000000000000000192e-04
2.460003321527777705e+06,1.000135860457301629e+00,4.000000000000000192e-04
2.460003322222222108e+06,9.995678177205422621e-01,4.000000000000000192e-04
2.460003322916666511e+06,1.000373877659782806e+00,4.000000000000000192e-04
2.460003323611110914e+06,1.000207857836215686e+00,4.000000000000000192e-04
2.460003324305555318e+06,1.000178554023821498e+00,4.000000000000000192e-04
2.460003324999999721e+06,1.000072553750466442e+00,4.000000000000000192e-04
2.460003325694444124e+06,1.000679997840246971e+00,4.000000000000000192e-04
2.460003326388888992e+06,9.996035394588407286e-01,4.000000000000000192e-04
2.460003327083333395e+06,9.999199838202130763e-01,4.000000000000000192e-04
2.460003327777777798e+06,9.995315314728340228e-01,4.000000000000000192e-04
2.460003328472222202e+06,9.997250059894134955e-01,4.000000000000000192e-04
2.460003329166666605e+06,1.000637530907178441e+00,4.000000000000000192e-04
2.460003329861111008e+06,1.000491285906038419e+00,4.000000000000000192e-04
2.460003330555555411e+06,9.999206225741829046e-01,4.000000000000000192e-04
2.460003331249999814e+06,1.000212517813009461e+00,4.000000000000000192e-04
2.460003331944444217e+06,1.000350997981074741e+00,4.000000000000000192e-04
2.460003332638888620e+06,1.000266645949450695e+00,4.000000000000000192e-04
2.460003333333333023e+06,9.997200185668797534e-01,4.000000000000000192e-04
2.460003334027777892e+06,9.997638531861571254e-01,4.000000000000000192e-04
2.460003334722222295e+06,1.000073613101340131e+00,4.000000000000000192e-04
2.460003335416666698e+06,1.000207805125383764e+00,4.000000000000000192e-04
2.460003336111111101e+06,9.998258967451624235e-01,4.000000000000000192e-04
2.460003336805555504e+06,1.000017111180321772e+00,4.000000000000000192e-04
2.460003337499999907e+06,1.000219222972214883e+00,4.000000000000000192e-04
2.460003338194444310e+06,9.997174293459145655e-01,4.000000000000000192e-04
2.460003338888888713e+06,9.998538732186080802e-01,4.000000000000000192e-04
2.460003339583333116e+06,1.000764321159052450e+00,4.000000000000000192e-04
2.460003340277777519e+06,1.000667951334857975e+00,4.000000000000000192e-04
2.460003340972221922e+06,9.996008829833610276e-01,4.000000000000000192e-04
2.460003341666666791e+06,1.000310641959460511e+00,4.000000000000000192e-04
2.460003342361111194e+06,1.000567669210853383e+00,4.000000000000000192e-04
2.460003343055555597e+06,9.997872120345351332e-01,4.000000000000000192e-04
2.460003343750000000e+06,9.999556885408638074e-01,4.000000000000000192e-04
2.460003344444444403e+06,9.996275306286770412e-01,4.000000000000000192e-04
2.460003345138888806e+06,9.998154941389930661e-01,4.000000000000000192e-04
2.460003345833333209e+06,1.000145412126122624e+00,4.000000000000000192e-04
2.460003346527777612e+06,1.000297845063465418e+00,4.000000000000000192e-04
2.460003347222222015e+06,1.000338853304393094e+00,4.000000000000000192e-04
2.460003347916666418e+06,1.000399633499453156e+00,4.000000000000000192e-04
2.460003348611110821e+06,1.000126629447601889e+00,4.000000000000000192e-04
2.460003349305555690e+06,1.000431664756898931e+00,4.000000000000000192e-04
2.460003350000000093e+06,1.000309155310128206e+00,4.000000000000000192e-04
2.460003350694444496e+06,9.999730610235580963e-01,4.000000000000000192e-04
2.460003351388888899e+06,9.992304269493008650e-01,4.000000000000000192e-04
2.460003352083333302e+06,1.000373493331049080e+00,4.000000000000000192e-04
2.460003352777777705e+06,1.000317080608537301e+00,4.000000000000000192e-04
2.460003353472222108e+06,9.999240303633132321e-01,4.000000000000000192e-04
2.460003354166666511e+06,1.000413607759372825e+00,4.000000000000000192e-04
2.460003354861110914e+06,1.000187973417989040e+00,4.000000000000000192e-04
2.460003355555555318e+06,1.000204557358780777e+00,4.000000000000000192e-04
2.460003356249999721e+06,9.997848178501291816e-01,4.000000000000000192e-04
2.460003356944444124e+06,1.000482778647281634e+00,4.000000000000000192e-04
2.460003357638888992e+06,1.000013953172176340e+00,4.000000000000000192e-04
2.460003358333333395e+06,1.000086556715383823e+00,4.000000000000000192e-04
2.460003359027777798e+06,1.000326267763585131e+00,4.000000000000000192e-04
2.460003359722222202e+06,9.995058477206066883e-01,4.000000000000000192e-04
2.460003360416666605e+06,1.000093154198993917e+00,4.000000000000000192e-04
2.460003361111111008e+06,9.993829367725514112e-01,4.000000000000000192e-04
2.460003361805555411e+06,1.000410094215376411e+00,4.000000000000000192e-04
2.460003362499999814e+06,1.000081606012255486e+00,4.000000000000000192e-04
2.460003363194444217e+06,9.995035347601795017e-01,4.000000000000000192e-04
2.460003363888888620e+06,1.000250263621597746e+00,4.000000000000000192e-04
2.460003364583333023e+06,9.997877326761213101e-01,4.000000000000000192e-04
2.460003365277777892e+06,1.000293533427300652e+00,4.000000000000000192e-04
2.460003365972222295e+06,1.000269296370664973e+00,4.000000000000000192e-04
2.460003366666666698e+06,1.000276947703272690e+00,4.000000000000000192e-04
2.460003367361111101e+06,1.000344418696645254e+00,4.000000000000000192e-04
2.460003368055555504e+06,9.998550200109292962e-01,4.000000000000000192e-04
2.460003368749999907e+06,9.997668902790791678e-01,4.000000000000000192e-04
2.460003369444444310e+06,1.000722000827082736e+00,4.000000000000000192e-04
2.460003370138888713e+06,1.000426392883866589e+00,4.000000000000000192e-04
2.460003370833333116e+06,9.988989826626923918e-01,4.000000000000000192e-04
2.460003371527777519e+06,1.000117663205851049e+00,4.000000000000000192e-04
2.460003372222221922e+06,9.996946722079863568e-01,4.000000000000000192e-04
2.460003372916666791e+06,9.997860774966056407e-01,4.000000000000000192e-04
2.460003373611111194e+06,9.998576608144267297e-01,4.000000000000000192e-04
2.460003374305555597e+06,9.995931373656080643e-01,4.000000000000000192e-04
2.460003375000000000e+06,9.994148245739152836e-01,4.000000000000000192e-04
2.460003375694444403e+06,9.997698015586242715e-01,4.000000000000000192e-04
2.460003376388888806e+06,1.000867975776942975e+00,4.000000000000000192e-04
2.460003377083333209e+06,1.000598781210453092e+00,4.000000000000000192e-04
2.460003377777777612e+06,9.997455524682042904e-01,4.000000000000000192e-04
2.460003378472222015e+06,9.999198557936770371e-01,4.000000000000000192e-04
2.460003379166666418e+06,1.000487068258636869e+00,4.000000000000000192e-04
2.460003379861110821e+06,1.000471388447302434e+00,4.000000000000000192e-04
2.460003380555555690e+06,1.000411331465332232e+00,4.000000000000000192e-04
2.460003381250000093e+06,1.000023055852458098e+00,4.000000000000000192e-04
2.460003381944444496e+06,1.000620362192006896e+00,4.000000000000000192e-04
2.460003382638888899e+06,1.000125962626426723e+00,4.000000000000000192e-04
2.460003383333333302e+06,9.991158370640649267e-01,4.000000000000000192e-04
2.460003384027777705e+06,9.996101323411568096e-01,4.000000000000000192e-04
2.460003384722222108e+06,9.993572788870072054e-01,4.000000000000000192e-04
2.460003385416666511e+06,1.000502099598879369e+00,4.000000000000000192e-04
2.460003386111110914e+06,9.997076508482345414e-01,4.000000000000000192e-04
2.460003386805555318e+06,1.000490598238675144e+00,4.000000000000000192e-04
2.460003387499999721e+06,1.000945993355252472e+00,4.000000000000000192e-04
2.460003388194444124e+06,9.992858234961704555e-01,4.000000000000000192e-04
2.460003388888888992e+06,9.998348695273323594e-01,4.000000000000000192e-04
2.460003389583333395e+06,1.000814055138903758e+00,4.000000000000000192e-04
2.460003390277777798e+06,9.993664641856554454e-01,4.000000000000000192e-04
2.460003390972222202e+06,9.998851670321059482e-01,4.000000000000000192e-04
2.460003391666666605e+06,9.998458451282150605e-01,4.000000000000000192e-04
2.460003392361111008e+06,9.992816111990404648e-01,4.000000000000000192e-04
2.460003393055555411e+06,1.000246359126836460e+00,4.000000000000000192e-04
2.460003393749999814e+06,1.000049546180258986e+00,4.000000000000000192e-04
2.460003394444444217e+06,9.994566717497405106e-01,4.000000000000000192e-04
2.460003395138888620e+06,1.000318119025322305e+00,4.000000000000000192e-04
2.460003395833333023e+06,9.994265446803405339e-01,4.000000000000000192e-04
2.460003396527777892e+06,9.999160999698949448e-01,4.000000000000000192e-04
2.460003397222222295e+06,9.999788463813534811e-01,4.000000000000000192e-04
2.460003397916666698e+06,1.000246344252434527e+00,4.000000000000000192e-04
2.460003398611111101e+06,1.000506412032503567e+00,4.000000000000000192e-04
2.460003399305555504e+06,9.997448481734557690e-01,4.000000000000000192e-04
2.460003399999999907e+06,9.996427007009970334e-01,4.000000000000000192e-04
2.460003400694444310e+06,1.000351720714346193e+00,4.000000000000000192e-04
2.460003401388888713e+06,1.000309941646813972e+00,4.000000000000000192e-04
2.460003402083333116e+06,9.998045183960558857e-01,4.000000000000000192e-04
2.460003402777777519e+06,9.997592776502932654e-01,4.000000000000000192e-04
2.460003403472221922e+06,1.000129491076498400e+00,4.000000000000000192e-04
2.460003404166666791e+06,9.999490302271073494e-01,4.000000000000000192e-04
2.460003404861111194e+06,9.997609443041357569e-01,4.000000000000000192e-04
2.460003405555555597e+06,9.998401505029951286e-01,4.000000000000000192e-04
2.460003406250000000e+06,1.001043849304316113e+00,4.000000000000000192e-04
2.460003406944444403e+06,1.000120948666639586e+00,4.000000000000000192e-04
2.460003407638888806e+06,1.000193300343106051e+00,4.000000000000000192e-04
2.460003408333333209e+06,1.000510686063822652e+00,4.000000000000000192e-04
2.460003409027777612e+06,9.995763765882507146e-01,4.000000000000000192e-04
2.460003409722222015e+06,1.000150201501839087e+00,4.000000000000000192e-04
2.460003410416666418e+06,1.000233427816663134e+00,4.000000000000000192e-04
2.460003411111110821e+06,1.000536336599675780e+00,4.000000000000000192e-04
2.460003411805555690e+06,9.998118328159208978e-01,4.000000000000000192e-04
2.460003412500000093e+06,1.000092546677818994e+00,4.000000000000000192e-04
2.460003413194444496e+06,1.000584589422688353e+00,4.000000000000000192e-04
2.460003413888888899e+06,1.000241379485909521e+00,4.000000000000000192e-04
2.460003414583333302e+06,1.000156290628388733e+00,4.000000000000000192e-04
2.460003415277777705e+06,1.000412168275606195e+00,4.000000000000000192e-04
2.460003415972222108e+06,1.000497670506432568e+00,4.000000000000000192e-04
2.460003416666666511e+06,1.000896793260211082e+00,4.000000000000000192e-04
2.460003417361110914e+06,1.000304750767578410e+00,4.000000000000000192e-04
2.460003418055555318e+06,1.000217026735746195e+00,4.000000000000000192e-04
2.460003418749999721e+06,9.999158150704066106e-01,4.000000000000000192e-04
2.460003419444444124e+06,1.000225684189312902e+00,4.000000000000000192e-04
2.460003420138888992e+06,1.000218429149742683e+00,4.000000000000000192e-04
2.460003420833333395e+06,9.998846472778626371e-01,4.000000000000000192e-04
2.460003421527777798e+06,1.000976441778553827e+00,4.000000000000000192e-04
2.460003422222222202e+06,9.998850232704890040e-01,4.000000000000000192e-04
2.460003422916666605e+06,9.995998732021300626e-01,4.000000000000000192e-04
2.460003423611111008e+06,9.997918098110958329e-01,4.000000000000000192e-04
2.460003424305555411e+06,9.997030900500197825e-01,4.000000000000000192e-04
2.460003424999999814e+06,9.997798615751033457e-01,4.000000000000000192e-04
2.460003425694444217e+06,9.997256093615973782e-01,4.000000000000000192e-04
2.460003426388888620e+06,1.000009979692122464e+00,4.000000000000000192e-04
2.460003427083333023e+06,1.000273423300685804e+00,4.000000000000000192e-04
2.460003427777777892e+06,9.994818587997199577e-01,4.000000000000000192e-04
2.460003428472222295e+06,1.000344126045052739e+00,4.000000000000000192e-04
2.460003429166666698e+06,9.996839010814447812e-01,4.000000000000000192e-04
2.460003429861111101e+06,1.000061592266064947e+00,4.000000000000000192e-04
2.460003430555555504e+06,9.996664366800944723e-01,4.000000000000000192e-04
2.460003431249999907e+06,9.994334595480481864e-01,4.000000000000000192e-04
2.460003431944444310e+06,9.996732236554095596e-01,4.000000000000000192e-04
2.460003432638888713e+06,1.000044686453133380e+00,4.000000000000000192e-04
2.460003433333333116e+06,9.993494701662147817e-01,4.000000000000000192e-04
2.460003434027777519e+06,1.000007797428281053e+00,4.000000000000000192e-04
2.460003434722221922e+06,1.000117053640966480e+00,4.000000000000000192e-04
2.460003435416666791e+06,1.000349591315717879e+00,4.000000000000000192e-04
2.460003436111111194e+06,9.997541751718760361e-01,4.000000000000000192e-04
2.460003436805555597e+06,1.000195365531378000e+00,4.000000000000000192e-04
2.460003437500000000e+06,1.000185984307403464e+00,4.000000000000000192e-04
2.460003438194444403e+06,1.000076853523497844e+00,4.000000000000000192e-04
2.460003438888888806e+06,9.997712816359586308e-01,4.000000000000000192e-04
2.460003439583333209e+06,9.996612366767497759e-01,4.000000000000000192e-04
2.460003440277777612e+06,9.998325712151040490e-01,4.000000000000000192e-04
2.460003440972222015e+06,9.996390573212117214e-01,4.000000000000000192e-04
2.460003441666666418e+06,9.999955310361007266e-01,4.000000000000000192e-04
2.460003442361110821e+06,9.996016018090908561e-01,4.000000000000000192e-04
2.460003443055555690e+06,1.000014641094365775e+00,4.000000000000000192e-04
2.460003443750000093e+06,1.000305659939642489e+00,4.000000000000000192e-04
2.460003444444444496e+06,1.000492452633620077e+00,4.000000000000000192e-04
2.460003445138888899e+06,9.998532703234848107e-01,4.000000000000000192e-04
2.460003445833333302e+06,9.995722852829319605e-01,4.000000000000000192e-04
2.460003446527777705e+06,1.000155125970573211e+00,4.000000000000000192e-04
2.460003447222222108e+06,9.998483431985439873e-01,4.000000000000000192e-04
2.460003447916666511e+06,1.000304162106365968e+00,4.000000000000000192e-04
2.460003448611110914e+06,1.000621241223810021e+00,4.000000000000000192e-04
2.460003449305555318e+06,1.000521486116357828e+00,4.000000000000000192e-04
2.460003449999999721e+06,9.995738697911104031e-01,4.000000000000000192e-04
2.460003450694444124e+06,1.000150912325226793e+00,4.000000000000000192e-04
2.460003451388888992e+06,9.998260729006455128e-01,4.000000000000000192e-04
2.460003452083333395e+06,1.000459240953971207e+00,4.000000000000000192e-04
2.460003452777777798e+06,9.995835305097708900e-01,4.000000000000000192e-04
2.460003453472222202e+06,9.996795640925791870e-01,4.000000000000000192e-04
2.460003454166666605e+06,1.000376915282238155e+00,4.000000000000000192e-04
2.460003454861111008e+06,9.998824992369206299e-01,4.000000000000000192e-04
2.460003455555555411e+06,1.000295533360578526e+00,4.000000000000000192e-04
2.460003456249999814e+06,9.998293992767847138e-01,4.000000000000000192e-04
2.460003456944444217e+06,9.995234146268766606e-01,4.000000000000000192e-04
2.460003457638888620e+06,1.000058528131884783e+00,4.000000000000000192e-04
2.460003458333333023e+06,9.994412753003134586e-01,4.000000000000000192e-04
2.460003459027777892e+06,1.000174532566796559e+00,4.000000000000000192e-04
2.460003459722222295e+06,9.995910813302288922e-01,4.000000000000000192e-04
2.460003460416666698e+06,9.993345503251688244e-01,4.000000000000000192e-04
2.460003461111111101e+06,9.992115809407849936e-01,4.000000000000000192e-04
2.460003461805555504e+06,9.996863704328495803e-01,4.000000000000000192e-04
2.460003462499999907e+06,1.000097222616698200e+00,4.000000000000000192e-04
2.460003463194444310e+06,9.993490116929512057e-01,4.000000000000000192e-04
2.460003463888888713e+06,9.999259291923922044e-01,4.000000000000000192e-04
2.460003464583333116e+06,1.000164206551290125e+00,4.000000000000000192e-04
2.460003465277777519e+06,9.997173884087349194e-01,4.000000000000000192e-04
2.460003465972221922e+06,1.000186055577455324e+00,4.000000000000000192e-04
2.460003466666666791e+06,1.000363701154354246e+00,4.000000000000000192e-04
2.460003467361111194e+06,1.000023529749421991e+00,4.000000000000000192e-04
2.460003468055555597e+06,9.997687969813653375e-01,4.000000000000000192e-04
2.460003468750000000e+06,1.000273313422803678e+00,4.000000000000000192e-04
2.460003469444444403e+06,1.000078991408513973e+00,4.000000000000000192e-04
2.460003470138888806e+06,9.995720065673396881e-01,4.000000000000000192e-04
2.460003470833333209e+06,1.000406667471086086e+00,4.000000000000000192e-04
2.460003471527777612e+06,9.996985190160604384e-01,4.000000000000000192e-04
2.460003472222222015e+06,1.000381818925498267e+00,4.000000000000000192e-04
2.460003472916666418e+06,9.996621407879023868e-01,4.000000000000000192e-04
2.460003473611110821e+06,1.000042511704198667e+00,4.000000000000000192e-04
2.460003474305555690e+06,1.000599086214769562e+00,4.000000000000000192e-04
2.460003475000000093e+06,1.000214040221085510e+00,4.000000000000000192e-04
2.460003475694444496e+06,1.000091072735745934e+00,4.000000000000000192e-04
2.460003476388888899e+06,9.996232301215920435e-01,4.000000000000000192e-04
2.460003477083333302e+06,9.991612680617019127e-01,4.000000000000000192e-04
2.460003477777777705e+06,9.999665658210398211e-01,4.000000000000000192e-04
2.460003478472222108e+06,9.993395327909704307e-01,4.000000000000000192e-04
2.460003479166666511e+06,1.000262163111934166e+00,4.000000000000000192e-04
2.460003479861110914e+06,1.000101981468209944e+00,4.000000000000000192e-04
2.460003480555555318e+06,9.995983670408987720e-01,4.000000000000000192e-04
2.460003481249999721e+06,9.996728610535391413e-01,4.000000000000000192e-04
2.460003481944444124e+06,1.000351172481898088e+00,4.000000000000000192e-04
2.460003482638888992e+06,9.997625229183894069e-01,4.000000000000000192e-04
2.460003483333333395e+06,1.000478771347587781e+00,4.000000000000000192e-04
2.460003484027777798e+06,9.998867277449023927e-01,4.000000000000000192e-04
2.460003484722222202e+06,1.000149496614203493e+00,4.000000000000000192e-04
2.460003485416666605e+06,9.996768344667941175e-01,4.000000000000000192e-04
2.460003486111111008e+06,9.998485732730612030e-01,4.000000000000000192e-04
2.460003486805555411e+06,1.000070516888931005e+00,4.000000000000000192e-04
2.460003487499999814e+06,1.000809567174803183e+00,4.000000000000000192e-04
2.460003488194444217e+06,9.998220271636321099e-01,4.000000000000000192e-04
2.460003488888888620e+06,1.000304161547487247e+00,4.000000000000000192e-04
2.460003489583333023e+06,1.000278756107864764e+00,4.000000000000000192e-04
2.460003490277777892e+06,1.000809188906478520e+00,4.000000000000000192e-04
2.460003490972222295e+06,1.000521923395346624e+00,4.000000000000000192e-04
2.460003491666666698e+06,1.000308685762788530e+00,4.000000000000000192e-04
2.460003492361111101e+06,9.996729960243572188e-01,4.000000000000000192e-04
2.460003493055555504e+06,9.997669316703137188e-01,4.000000000000000192e-04
2.460003493749999907e+06,1.000086100675624978e+00,4.000000000000000192e-04
2.460003494444444310e+06,9.998025802122850747e-01,4.000000000000000192e-04
2.460003495138888713e+06,9.999733261342296231e-01,4.000000000000000192e-04
2.460003495833333116e+06,9.995051077599943490e-01,4.000000000000000192e-04
2.460003496527777519e+06,1.000165103667477018e+00,4.000000000000000192e-04
2.460003497222221922e+06,9.999511223957213701e-01,4.000000000000000192e-04
2.460003497916666791e+06,1.000628079544462867e+00,4.000000000000000192e-04
2.460003498611111194e+06,9.997546657450420149e-01,4.000000000000000192e-04
2.460003499305555597e+06,9.998856634318163961e-01,4.000000000000000192e-04
2.460003500000000000e+06,1.000180636644932841e+00,4.000000000000000192e-04
2.460003500694444403e+06,9.998672231789150766e-01,4.000000000000000192e-04
2.460003501388888806e+06,1.000263028724729608e+00,4.000000000000000192e-04
2.460003502083333209e+06,1.000004841902298214e+00,4.000000000000000192e-04
2.460003502777777612e+06,9.995345502349890499e-01,4.000000000000000192e-04
2.460003503472222015e+06,1.000022217560819326e+00,4.000000000000000192e-04
2.460003504166666418e+06,1.000141252656215674e+00,4.000000000000000192e-04
2.460003504861110821e+06,9.998775705923533819e-01,4.000000000000000192e-04
2.460003505555555690e+06,9.995798999226074288e-01,4.000000000000000192e-04
2.460003506250000093e+06,9.998289303199994205e-01,4.000000000000000192e-04
2.460003506944444496e+06,9.995161529948729529e-01,4.000000000000000192e-04
2.460003507638888899e+06,1.000448692653670202e+00,4.000000000000000192e-04
2.460003508333333302e+06,1.000693992936819932e+00,4.000000000000000192e-04
2.460003509027777705e+06,9.994489487911459857e-01,4.000000000000000192e-04
2.460003509722222108e+06,9.997976587766029821e-01,4.000000000000000192e-04
2.460003510416666511e+06,9.994778497728781241e-01,4.000000000000000192e-04
2.460003511111110914e+06,9.994777085575382580e-01,4.000000000000000192e-04
2.460003511805555318e+06,9.999795706801694051e-01,4.000000000000000192e-04
2.460003512499999721e+06,9.995148203558621436e-01,4.000000000000000192e-04
2.460003513194444124e+06,9.990483515637069711e-01,4.000000000000000192e-04
2.460003513888888992e+06,1.000089939475032663e+00,4.000000000000000192e-04
2.460003514583333395e+06,1.000316934136218583e+00,4.000000000000000192e-04
2.460003515277777798e+06,1.000213467205738782e+00,4.000000000000000192e-04
2.460003515972222202e+06,9.998484890427357108e-01,4.000000000000000192e-04
2.460003516666666605e+06,9.999662266269609967e-01,4.000000000000000192e-04
2.460003517361111008e+06,9.994716175830680172e-01,4.000000000000000192e-04
2.460003518055555411e+06,9.998626932529725009e-01,4.000000000000000192e-04
2.460003518749999814e+06,1.000470884621330159e+00,4.000000000000000192e-04
2.460003519444444217e+06,9.994351227666705695e-01,4.000000000000000192e-04
2.460003520138888620e+06,1.000083074267332339e+00,4.000000000000000192e-04
2.460003520833333023e+06,1.000343816322327051e+00,4.000000000000000192e-04
2.460003521527777892e+06,9.997645408510673626e-01,4.000000000000000192e-04
2.460003522222222295e+06,9.998653216532537025e-01,4.000000000000000192e-04
2.460003522916666698e+06,1.000562230717474632e+00,4.000000000000000192e-04
2.460003523611111101e+06,9.998419700040626079e-01,4.000000000000000192e-04
2.460003524305555504e+06,9.996963026043920175e-01,4.000000000000000192e-04
2.460003524999999907e+06,1.000227341425551586e+00,4.000000000000000192e-04
2.460003525694444310e+06,9.994564645001333680e-01,4.000000000000000192e-04
2.460003526388888713e+06,9.996579258852137384e-01,4.000000000000000192e-04
2.460003527083333116e+06,1.000495026507625784e+00,4.000000000000000192e-04
2.460003527777777519e+06,9.997047484814818308e-01,4.000000000000000192e-04
2.460003528472221922e+06,9.999524921613641704e-01,4.000000000000000192e-04
2.460003529166666791e+06,9.999599379633266061e-01,4.000000000000000192e-04
2.460003529861111194e+06,1.000141969625426563e+00,4.000000000000000192e-04
2.460003530555555597e+06,9.999967488205594446e-01,4.000000000000000192e-04
2.460003531250000000e+06,1.000622269421678867e+00,4.000000000000000192e-04
2.460003531944444403e+06,9.997409570618169816e-01,4.000000000000000192e-04
2.460003532638888806e+06,1.000511601467598988e+00,4.000000000000000192e-04
2.460003533333333209e+06,9.997987337450714440e-01,4.000000000000000192e-04
2.460003534027777612e+06,1.000153195424962504e+00,4.000000000000000192e-04
2.460003534722222015e+06,9.997592056401086724e-01,4.000000000000000192e-04
2.460003535416666418e+06,9.999334704304029264e-01,4.000000000000000192e-04
2.460003536111110821e+06,1.000187049408953754e+00,4.000000000000000192e-04
2.460003536805555690e+06,9.984668426533365171e-01,4.000000000000000192e-04
2.460003537500000093e+06,9.999329658091427042e-01,4.000000000000000192e-04
2.460003538194444496e+06,9.998786433170238075e-01,4.000000000000000192e-04
2.460003538888888899e+06,1.000550310952242228e+00,4.000000000000000192e-04
2.460003539583333302e+06,9.998931059711806402e-01,4.000000000000000192e-04
2.460003540277777705e+06,9.997568601005937250e-01,4.000000000000000192e-04
2.460003540972222108e+06,1.000492246970209109e+00,4.000000000000000192e-04
2.460003541666666511e+06,1.000324291548249311e+00,4.000000000000000192e-04
2.460003542361110914e+06,1.000176500340982155e+00,4.000000000000000192e-04
2.460003543055555318e+06,1.000230821775758949e+00,4.000000000000000192e-04
2.460003543749999721e+06,1.000049722832571097e+00,4.000000000000000192e-04
2.460003544444444124e+06,9.994906547459274648e-01,4.000000000000000192e-04
2.460003545138888992e+06,9.996878298155444931e-01,4.000000000000000192e-04
2.460003545833333395e+06,9.996323121167414172e-01,4.000000000000000192e-04
2.460003546527777798e+06,9.993363769529562957e-01,4.000000000000000192e-04
2.460003547222222202e+06,1.000098637132546209e+00,4.000000000000000192e-04
2.460003547916666605e+06,1.000024515580518303e+00,4.000000000000000192e-04
2.460003548611111008e+06,1.000190974761939744e+00,4.000000000000000192e-04
2.460003549305555411e+06,9.999239686288459161e-01,4.000000000000000192e-04
2.460003549999999814e+06,9.998414907048873701e-01,4.000000000000000192e-04
2.460003550694444217e+06,1.000255300139997416e+00,4.000000000000000192e-04
2.460003551388888620e+06,1.000428839048354890e+00,4.000000000000000192e-04
2.460003552083333023e+06,9.998523921756721222e-01,4.000000000000000192e-04
2.460003552777777892e+06,1.000614723463822298e+00,4.000000000000000192e-04
2.460003553472222295e+06,9.997882359718556211e-01,4.000000000000000192e-04
2.460003554166666698e+06,9.998081934160651940e-01,4.000000000000000192e-04
2.460003554861111101e+06,9.999539889426091177e-01,4.000000000000000192e-04
2.460003555555555504e+06,1.000574176995226550e+00,4.000000000000000192e-04
2.460003556249999907e+06,9.999946596767109730e-01,4.000000000000000192e-04
2.460003556944444310e+06,9.999746871080998911e-01,4.000000000000000192e-04
2.460003557638888713e+06,1.000024597704300522e+00,4.000000000000000192e-04
2.460003558333333116e+06,9.997943757164833301e-01,4.000000000000000192e-04
2.460003559027777519e+06,9.994133253908182857e-01,4.000000000000000192e-04
2.460003559722221922e+06,9.991808698771305064e-01,4.000000000000000192e-04
2.460003560416666791e+06,9.999025033355847247e-01,4.000000000000000192e-04
2.460003561111111194e+06,9.993788638667113755e-01,4.000000000000000192e-04
2.460003561805555597e+06,1.000072153480579651e+00,4.000000000000000192e-04
2.460003562500000000e+06,1.000697145032826363e+00,4.000000000000000192e-04
2.460003563194444403e+06,1.000430294262064423e+00,4.000000000000000192e-04
2.460003563888888806e+06,9.998469362566291263e-01,4.000000000000000192e-04
2.460003564583333209e+06,9.993008105890004433e-01,4.000000000000000192e-04
2.460003565277777612e+06,1.000205202943753591e+00,4.000000000000000192e-04
2.460003565972222015e+06,9.999119163401369859e-01,4.000000000000000192e-04
2.460003566666666418e+06,1.000531293382965536e+00,4.000000000000000192e-04
2.460003567361110821e+06,1.000668751934060685e+00,4.000000000000000192e-04
2.460003568055555690e+06,1.000458435633091447e+00,4.000000000000000192e-04
2.460003568750000093e+06,9.999409087960169362e-01,4.000000000000000192e-04
2.460003569444444496e+06,9.999537936742658450e-01,4.000000000000000192e-04
2.460003570138888899e+06,9.994157216323480419e-01,4.000000000000000192e-04
2.460003570833333302e+06,9.999802081214921312e-01,4.000000000000000192e-04
2.460003571527777705e+06,1.000399818246885397e+00,4.000000000000000192e-04
2.460003572222222108e+06,9.992328150194766945e-01,4.000000000000000192e-04
2.460003572916666511e+06,9.993725246067890478e-01,4.000000000000000192e-04
2.460003573611110914e+06,1.000451673174358014e+00,4.000000000000000192e-04
2.460003574305555318e+06,9.996000561607103485e-01,4.000000000000000192e-04
2.460003574999999721e+06,9.993314471015583011e-01,4.000000000000000192e-04
2.460003575694444124e+06,9.999396438413966637e-01,4.000000000000000192e-04
2.460003576388888992e+06,1.000621188397315064e+00,4.000000000000000192e-04
2.460003577083333395e+06,1.000065676002903414e+00,4.000000000000000192e-04
2.460003577777777798e+06,9.998892169298454480e-01,4.000000000000000192e-04
2.460003578472222202e+06,9.991408890334979587e-01,4.000000000000000192e-04
2.460003579166666605e+06,1.000960536284357882e+00,4.000000000000000192e-04
2.460003579861111008e+06,9.998997946782233193e-01,4.000000000000000192e-04
2.460003580555555411e+06,1.000459552779557448e+00,4.000000000000000192e-04
2.460003581249999814e+06,1.000191607495348523e+00,4.000000000000000192e-04
2.460003581944444217e+06,1.000094814831553380e+00,4.000000000000000192e-04
2.460003582638888620e+06,1.000146375328712534e+00,4.000000000000000192e-04
2.460003583333333023e+06,1.000148335520035792e+00,4.000000000000000192e-04
2.460003584027777892e+06,1.000251994303244851e+00,4.000000000000000192e-04
2.460003584722222295e+06,1.000704912502549782e+00,4.000000000000000192e-04
2.460003585416666698e+06,1.000240121029150719e+00,4.000000000000000192e-04
2.460003586111111101e+06,9.993549703640370874e-01,4.000000000000000192e-04
2.460003586805555504e+06,9.993388481167756465e-01,4.000000000000000192e-04
2.460003587499999907e+06,1.000328959493127279e+00,4.000000000000000192e-04
2.460003588194444310e+06,1.000090114277236264e+00,4.000000000000000192e-04
2.460003588888888713e+06,9.998852597325041947e-01,4.000000000000000192e-04
2.460003589583333116e+06,1.000035645077617108e+00,4.000000000000000192e-04
2.460003590277777519e+06,1.000047326812503412e+00,4.000000000000000192e-04
2.460003590972221922e+06,9.994969438886506241e-01,4.000000000000000192e-04
2.460003591666666791e+06,9.999197345036743290e-01,4.000000000000000192e-04
2.460003592361111194e+06,1.000176231554200434e+00,4.000000000000000192e-04
2.460003593055555597e+06,1.000108674381144036e+00,4.000000000000000192e-04
2.460003593750000000e+06,1.000535288438247683e+00,4.000000000000000192e-04
2.460003594444444403e+06,1.000196731889652968e+00,4.000000000000000192e-04
2.460003595138888806e+06,9.999977657544850684e-01,4.000000000000000192e-04
2.460003595833333209e+06,1.000170808206485518e+00,4.000000000000000192e-04
2.460003596527777612e+06,9.999074074304857840e-01,4.000000000000000192e-04
2.460003597222222015e+06,1.000403760970600242e+00,4.000000000000000192e-04
2.460003597916666418e+06,1.000049063187541387e+00,4.000000000000000192e-04
2.460003598611110821e+06,9.993872870491061766e-01,4.000000000000000192e-04
2.460003599305555690e+06,1.000349892218728831e+00,4.000000000000000192e-04
2.460003600000000093e+06,9.997068597279058499e-01,4.000000000000000192e-04
2.460003600694444496e+06,9.996728471045158715e-01,4.000000000000000192e-04
2.460003601388888899e+06,9.999525972284627473e-01,4.000000000000000192e-04
2.460003602083333302e+06,9.994568043616148811e-01,4.000000000000000192e-04
2.460003602777777705e+06,9.997664714327113566e-01,4.000000000000000192e-04
2.460003603472222108e+06,1.000556097236455555e+00,4.000000000000000192e-04
2.460003604166666511e+06,9.996004063339711809e-01,4.000000000000000192e-04
2.460003604861110914e+06,1.000101748494954812e+00,4.000000000000000192e-04
2.460003605555555318e+06,1.000096901202160549e+00,4.000000000000000192e-04
2.460003606249999721e+06,9.995989927576105494e-01,4.000000000000000192e-04
2.460003606944444124e+06,1.000595227010192545e+00,4.000000000000000192e-04
2.460003607638888992e+06,1.000591229965025253e+00,4.000000000000000192e-04
2.460003608333333395e+06,1.000066981856907455e+00,4.000000000000000192e-04
2.460003609027777798e+06,1.000019739630676252e+00,4.000000000000000192e-04
2.460003609722222202e+06,1.000247079681358953e+00,4.000000000000000192e-04
2.460003610416666605e+06,1.000332882113195376e+00,4.000000000000000192e-04
2.460003611111111008e+06,9.997543812481627379e-01,4.000000000000000192e-04
2.460003611805555411e+06,9.998502070325405722e-01,4.000000000000000192e-04
2.460003612499999814e+06,9.997765409438260642e-01,4.000000000000000192e-04
2.460003613194444217e+06,9.994878938976091698e-01,4.000000000000000192e-04
2.460003613888888620e+06,1.000519651381881481e+00,4.000000000000000192e-04
2.460003614583333023e+06,1.000108158155930127e+00,4.000000000000000192e-04
2.460003615277777892e+06,9.997334754908894228e-01,4.000000000000000192e-04
2.460003615972222295e+06,1.000200769549039137e+00,4.000000000000000192e-04
2.460003616666666698e+06,9.995519838421524916e-01,4.000000000000000192e-04
2.460003617361111101e+06,9.996998136921608769e-01,4.000000000000000192e-04
2.460003618055555504e+06,1.000218974280667528e+00,4.000000000000000192e-04
2.460003618749999907e+06,1.000600469489784539e+00,4.000000000000000192e-04
2.460003619444444310e+06,9.997536644619851032e-01,4.000000000000000192e-04
2.460003620138888713e+06,9.995746489522229217e-01,4.000000000000000192e-04
2.460003620833333116e+06,9.996425102037391763e-01,4.000000000000000192e-04
2.460003621527777519e+06,9.995947596563734550e-01,4.000000000000000192e-04
2.460003622222221922e+06,9.997867611080227812e-01,4.000000000000000192e-04
2.460003622916666791e+06,9.996096168300941942e-01,4.000000000000000192e-04
2.460003623611111194e+06,9.998596893106243000e-01,4.000000000000000192e-04
2.460003624305555597e+06,1.000695678381176457e+00,4.000000000000000192e-04
2.460003625000000000e+06,9.997980890412384580e-01,4.000000000000000192e-04
2.460003625694444403e+06,1.000942903104306447e+00,4.000000000000000192e-04
2.460003626388888806e+06,1.000300164165889960e+00,4.000000000000000192e-04
2.460003627083333209e+06,1.000564747710037228e+00,4.000000000000000192e-04
2.460003627777777612e+06,1.000705298184318526e+00,4.000000000000000192e-04
2.460003628472222015e+06,1.000450355163134741e+00,4.000000000000000192e-04
2.460003629166666418e+06,1.000035822526658125e+00,4.000000000000000192e-04
2.460003629861110821e+06,9.997402539786515163e-01,4.000000000000000192e-04
2.460003630555555690e+06,1.000056846953802703e+00,4.000000000000000192e-04
2.460003631250000093e+06,1.000298407183609406e+00,4.000000000000000192e-04
2.460003631944444496e+06,9.995453189944055739e-01,4.000000000000000192e-04
2.460003632638888899e+06,9.998792252045090034e-01,4.000000000000000192e-04
2.460003633333333302e+06,9.995287207627467918e-01,4.000000000000000192e-04
2.460003634027777705e+06,9.999493303640859532e-01,4.000000000000000192e-04
2.460003634722222108e+06,1.000122989413280372e+00,4.000000000000000192e-04
2.460003635416666511e+06,9.997889522917817740e-01,4.000000000000000192e-04
2.460003636111110914e+06,9.998830125407582869e-01,4.000000000000000192e-04
2.460003636805555318e+06,9.997457349328449094e-01,4.000000000000000192e-04
2.460003637499999721e+06,9.992143456109529032e-01,4.000000000000000192e-04
2.460003638194444124e+06,9.995427892172538131e-01,4.000000000000000192e-04
2.460003638888888992e+06,1.000202743364884128e+00,4.000000000000000192e-04
2.460003639583333395e+06,9.989907222501122064e-01,4.000000000000000192e-04
2.460003640277777798e+06,9.992981444423665316e-01,4.000000000000000192e-04
2.460003640972222202e+06,9.999793301982902172e-01,4.000000000000000192e-04
2.460003641666666605e+06,1.000301041150382986e+00,4.000000000000000192e-04
2.460003642361111008e+06,1.000190848807731570e+00,4.000000000000000192e-04
2.460003643055555411e+06,1.000599248575964051e+00,4.000000000000000192e-04
2.460003643749999814e+06,1.000176721431831783e+00,4.000000000000000192e-04
2.460003644444444217e+06,9.999658351822361402e-01,4.000000000000000192e-04
2.460003645138888620e+06,9.997916523270025113e-01,4.000000000000000192e-04
2.460003645833333023e+06,1.000018387130358732e+00,4.000000000000000192e-04
2.460003646527777892e+06,9.995878981370676097e-01,4.000000000000000192e-04
2.460003647222222295e+06,9.994667408221358240e-01,4.000000000000000192e-04
2.460003647916666698e+06,1.000064429731100990e+00,4.000000000000000192e-04
2.460003648611111101e+06,1.000668222620533898e+00,4.000000000000000192e-04
2.460003649305555504e+06,1.000397241114503677e+00,4.000000000000000192e-04
2.460003649999999907e+06,9.998178984781399548e-01,4.000000000000000192e-04
2.460003650694444310e+06,9.995359428248664635e-01,4.000000000000000192e-04
2.460003651388888713e+06,1.000008931067455809e+00,4.000000000000000192e-04
2.460003652083333116e+06,9.997983707460015301e-01,4.000000000000000192e-04
2.460003652777777519e+06,1.000178348849410259e+00,4.000000000000000192e-04
2.460003653472221922e+06,1.000277121654843393e+00,4.000000000000000192e-04
2.460003654166666791e+06,9.998606706074394390e-01,4.000000000000000192e-04
2.460003654861111194e+06,9.995951266156268833e-01,4.000000000000000192e-04
2.460003655555555597e+06,1.000051989207946690e+00,4.000000000000000192e-04
2.460003656250000000e+06,1.000549083929275884e+00,4.000000000000000192e-04
2.460003656944444403e+06,1.000050953752644523e+00,4.000000000000000192e-04
2.460003657638888806e+06,9.993896994141497903e-01,4.000000000000000192e-04
2.460003658333333209e+06,1.000327047270710423e+00,4.000000000000000192e-04
2.460003659027777612e+06,9.994529570759522752e-01,4.000000000000000192e-04
2.460003659722222015e+06,1.000026011741663945e+00,4.000000000000000192e-04
2.460003660416666418e+06,9.999430992338759205e-01,4.000000000000000192e-04
2.460003661111110821e+06,1.000137366041582210e+00,4.000000000000000192e-04
2.460003661805555690e+06,9.999030139480714618e-01,4.000000000000000192e-04
2.460003662500000093e+06,1.000361257927477210e+00,4.000000000000000192e-04
2.460003663194444496e+06,9.997489264076760973e-01,4.000000000000000192e-04
2.460003663888888899e+06,1.000442784864721046e+00,4.000000000000000192e-04
2.460003664583333302e+06,9.998598040030638456e-01,4.000000000000000192e-04
2.460003665277777705e+06,1.000107100270026583e+00,4.000000000000000192e-04
2.460003665972222108e+06,1.000127384026739508e+00,4.000000000000000192e-04
2.460003666666666511e+06,1.000845751479674695e+00,4.000000000000000192e-04
2.460003667361110914e+06,1.000200002315615455e+00,4.000000000000000192e-04
2.460003668055555318e+06,1.000481365351613139e+00,4.000000000000000192e-04
2.460003668749999721e+06,1.000438429668559115e+00,4.000000000000000192e-04
2.460003669444444124e+06,9.995661430971759520e-01,4.000000000000000192e-04
2.460003670138888992e+06,9.991057462935645228e-01,4.000000000000000192e-04
2.460003670833333395e+06,9.997470475404759416e-01,4.000000000000000192e-04
2.460003671527777798e+06,1.000471579914259168e+00,4.000000000000000192e-04
2.460003672222222202e+06,1.000161213235199131e+00,4.000000000000000192e-04
2.460003672916666605e+06,1.000012905293004017e+00,4.000000000000000192e-04
2.460003673611111008e+06,9.995857272634741664e-01,4.000000000000000192e-04
2.460003674305555411e+06,9.991499555996108395e-01,4.000000000000000192e-04
2.460003674999999814e+06,9.997635877945414418e-01,4.000000000000000192e-04
2.460003675694444217e+06,9.994164298842534988e-01,4.000000000000000192e-04
2.460003676388888620e+06,1.000031313317625292e+00,4.000000000000000192e-04
2.460003677083333023e+06,1.000011030041783266e+00,4.000000000000000192e-04
2.460003677777777892e+06,9.996524580098014034e-01,4.000000000000000192e-04
2.460003678472222295e+06,9.994220967669503741e-01,4.000000000000000192e-04
2.460003679166666698e+06,9.996709746032064192e-01,4.000000000000000192e-04
2.460003679861111101e+06,9.998272114792254861e-01,4.000000000000000192e-04
2.460003680555555504e+06,1.000596415000105210e+00,4.000000000000000192e-04
2.460003681249999907e+06,9.991776965408571964e-01,4.000000000000000192e-04
2.460003681944444310e+06,9.994844685327428646e-01,4.000000000000000192e-04
2.460003682638888713e+06,9.996954263776640648e-01,4.000000000000000192e-04
2.460003683333333116e+06,1.000581289628333259e+00,4.000000000000000192e-04
2.460003684027777519e+06,1.000462699282517187e+00,4.000000000000000192e-04
2.460003684722221922e+06,9.992148204607990136e-01,4.000000000000000192e-04
2.460003685416666791e+06,9.998200073188706627e-01,4.000000000000000192e-04
2.460003686111111194e+06,1.000160955747351199e+00,4.000000000000000192e-04
2.460003686805555597e+06,9.992845584915083235e-01,4.000000000000000192e-04
2.460003687500000000e+06,9.999904227971194715e-01,4.000000000000000192e-04
2.460003688194444403e+06,9.992845663075700102e-01,4.000000000000000192e-04
2.460003688888888806e+06,9.999921854155361389e-01,4.000000000000000192e-04
2.460003689583333209e+06,9.998222470021820296e-01,4.000000000000000192e-04
2.460003690277777612e+06,9.998190865645003589e-01,4.000000000000000192e-04
2.460003690972222015e+06,9.998539574583856782e-01,4.000000000000000192e-04
2.460003691666666418e+06,1.000380061272918564e+00,4.000000000000000192e-04
2.460003692361110821e+06,9.996281005509978224e-01,4.000000000000000192e-04
2.460003693055555690e+06,1.000703101354762925e+00,4.000000000000000192e-04
2.460003693750000093e+06,9.999290567801831786e-01,4.000000000000000192e-04
2.460003694444444496e+06,1.000713943198804579e+00,4.000000000000000192e-04
2.460003695138888899e+06,9.996669147422516666e-01,4.000000000000000192e-04
2.460003695833333302e+06,1.000517226940357496e+00,4.000000000000000192e-04
2.460003696527777705e+06,1.000405727037876114e+00,4.000000000000000192e-04
2.460003697222222108e+06,1.000026137061964748e+00,4.000000000000000192e-04
2.460003697916666511e+06,1.000709506199880083e+00,4.000000000000000192e-04
2.460003698611110914e+06,1.000173654768467202e+00,4.000000000000000192e-04
2.460003699305555318e+06,9.999854141239548078e-01,4.000000000000000192e-04
2.460003699999999721e+06,1.000542768168103391e+00,4.000000000000000192e-04
2.460003700694444124e+06,1.000003048521692639e+00,4.000000000000000192e-04
2.460003701388888992e+06,1.000109818311177845e+00,4.000000000000000192e-04
2.460003702083333395e+06,9.999359290323198701e-01,4.000000000000000192e-04
2.460003702777777798e+06,9.994447834682079757e-01,4.000000000000000192e-04
2.460003703472222202e+06,1.000509325217245005e+00,4.000000000000000192e-04
2.460003704166666605e+06,9.998111377747492812e-01,4.000000000000000192e-04
2.460003704861111008e+06,1.001027114533693085e+00,4.000000000000000192e-04
2.460003705555555411e+06,9.994626313056321765e-01,4.000000000000000192e-04
2.460003706249999814e+06,9.995374419434936986e-01,4.000000000000000192e-04
2.460003706944444217e+06,1.000044300470622982e+00,4.000000000000000192e-04
2.460003707638888620e+06,1.000610593406721316e+00,4.000000000000000192e-04
2.460003708333333023e+06,9.996644795013509555e-01,4.000000000000000192e-04
2.460003709027777892e+06,1.000307232615919029e+00,4.000000000000000192e-04
2.460003709722222295e+06,1.000109292476947465e+00,4.000000000000000192e-04
2.460003710416666698e+06,1.000306237515966146e+00,4.000000000000000192e-04
2.460003711111111101e+06,1.000844955304118100e+00,4.000000000000000192e-04
2.460003711805555504e+06,9.999672554295079285e-01,4.000000000000000192e-04
2.460003712499999907e+06,1.000410088458141500e+00,4.000000000000000192e-04
2.460003713194444310e+06,1.000432804132411979e+00,4.000000000000000192e-04
2.460003713888888713e+06,1.000572085153926594e+00,4.000000000000000192e-04
2.460003714583333116e+06,1.000984747709089184e+00,4.000000000000000192e-04
2.460003715277777519e+06,1.000078395344207172e+00,4.000000000000000192e-04
2.460003715972221922e+06,1.000063242271386654e+00,4.000000000000000192e-04
2.460003716666666791e+06,9.993127835451672825e-01,4.000000000000000192e-04
2.460003717361111194e+06,9.995736139723117031e-01,4.000000000000000192e-04
2.460003718055555597e+06,1.000246813428054882e+00,4.000000000000000192e-04
2.460003718750000000e+06,1.000418349541080554e+00,4.000000000000000192e-04
2.460003719444444403e+06,1.000219453741629572e+00,4.000000000000000192e-04
2.460003720138888806e+06,1.000099343715593170e+00,4.000000000000000192e-04
2.460003720833333209e+06,1.000563754898323721e+00,4.000000000000000192e-04
2.460003721527777612e+06,1.000286296003618292e+00,4.000000000000000192e-04
2.460003722222222015e+06,1.000584802861607336e+00,4.000000000000000192e-04
2.460003722916666418e+06,9.998510268350573327e-01,4.000000000000000192e-04
2.460003723611110821e+06,1.000146928797197798e+00,4.000000000000000192e-04
2.460003724305555690e+06,9.999955115867906752e-01,4.000000000000000192e-04
2.460003725000000093e+06,1.000176356896795626e+00,4.000000000000000192e-04
2.460003725694444496e+06,1.000450884294788123e+00,4.000000000000000192e-04
2.460003726388888899e+06,9.993100946510152793e-01,4.000000000000000192e-04
2.460003727083333302e+06,1.001110138331768651e+00,4.000000000000000192e-04
2.460003727777777705e+06,9.995426015608287473e-01,4.000000000000000192e-04
2.460003728472222108e+06,1.000203600075728172e+00,4.000000000000000192e-04
2.460003729166666511e+06,9.998932043693397054e-01,4.000000000000000192e-04
2.460003729861110914e+06,1.000125941350299641e+00,4.000000000000000192e-04
2.460003730555555318e+06,1.000613744056967125e+00,4.000000000000000192e-04
2.460003731249999721e+06,1.000264369986280322e+00,4.000000000000000192e-04
2.460003731944444124e+06,1.000114769817853633e+00,4.000000000000000192e-04
2.460003732638888992e+06,9.998083015541009422e-01,4.000000000000000192e-04
2.460003733333333395e+06,9.993454031380530900e-01,4.000000000000000192e-04
2.460003734027777798e+06,9.999630900673804890e-01,4.000000000000000192e-04
2.460003734722222202e+06,1.000849826588770419e+00,4.000000000000000192e-04
2.460003735416666605e+06,1.000412812492651238e+00,4.000000000000000192e-04
2.460003736111111008e+06,1.000578723428300343e+00,4.000000000000000192e-04
2.460003736805555411e+06,9.997523194457141882e-01,4.000000000000000192e-04
2.460003737499999814e+06,9.995260416897613354e-01,4.000000000000000192e-04
2.460003738194444217e+06,1.000611921077485311e+00,4.000000000000000192e-04
2.460003738888888620e+06,9.996002059057282896e-01,4.000000000000000192e-04
2.460003739583333023e+06,9.999849724380031057e-01,4.000000000000000192e-04
2.460003740277777892e+06,1.000591999172961932e+00,4.000000000000000192e-04
2.460003740972222295e+06,1.000649406797573748e+00,4.000000000000000192e-04
2.460003741666666698e+06,9.998204008797718645e-01,4.000000000000000192e-04
2.460003742361111101e+06,9.997964680025076545e-01,4.000000000000000192e-04
2.460003743055555504e+06,9.995448353310101286e-01,4.000000000000000192e-04
2.460003743749999907e+06,9.999371891000781165e-01,4.000000000000000192e-04
2.460003744444444310e+06,1.000308787979957703e+00,4.000000000000000192e-04
2.460003745138888713e+06,1.000568576967335366e+00,4.000000000000000192e-04
2.460003745833333116e+06,9.999931973074334124e-01,4.000000000000000192e-04
2.460003746527777519e+06,9.999409208577134667e-01,4.000000000000000192e-04
2.460003747222221922e+06,1.000290280856567238e+00,4.000000000000000192e-04
2.460003747916666791e+06,9.998077448822655366e-01,4.000000000000000192e-04
2.460003748611111194e+06,9.990103615062313480e-01,4.000000000000000192e-04
2.460003749305555597e+06,9.995809152700921851e-01,4.000000000000000192e-04
2.460003750000000000e+06,1.000542850351443525e+00,4.000000000000000192e-04
2.460003750694444403e+06,1.000207134305152623e+00,4.000000000000000192e-04
2.460003751388888806e+06,1.000046045411756790e+00,4.000000000000000192e-04
2.460003752083333209e+06,9.996532609780648393e-01,4.000000000000000192e-04
2.460003752777777612e+06,1.000135524216430039e+00,4.000000000000000192e-04
2.460003753472222015e+06,1.000161801719271049e+00,4.000000000000000192e-04
2.460003754166666418e+06,9.998507649282344367e-01,4.000000000000000192e-04
2.460003754861110821e+06,1.000204662830530333e+00,4.000000000000000192e-04
2.460003755555555690e+06,9.996220264393353983e-01,4.000000000000000192e-04
2.460003756250000093e+06,9.993444986699241417e-01,4.000000000000000192e-04
2.460003756944444496e+06,1.000172285770727143e+00,4.000000000000000192e-04
2.460003757638888899e+06,9.999923693075462028e-01,4.000000000000000192e-04
2.460003758333333302e+06,9.996303384969627004e-01,4.000000000000000192e-04
2.460003759027777705e+06,9.998681190901941296e-01,4.000000000000000192e-04
2.460003759722222108e+06,9.996161298937962236e-01,4.000000000000000192e-04
2.460003760416666511e+06,9.998170711086356022e-01,4.000000000000000192e-04
2.460003761111110914e+06,9.997775353086671979e-01,4.000000000000000192e-04
2.460003761805555318e+06,1.000062221235493265e+00,4.000000000000000192e-04
2.460003762499999721e+06,1.000512562193454746e+00,4.000000000000000192e-04
2.460003763194444124e+06,9.998697156085454285e-01,4.000000000000000192e-04
2.460003763888888992e+06,1.000581830374054126e+00,4.000000000000000192e-04
2.460003764583333395e+06,9.997985583364832340e-01,4.000000000000000192e-04
2.460003765277777798e+06,9.997784010282848577e-01,4.000000000000000192e-04
2.460003765972222202e+06,9.999522303560416381e-01,4.000000000000000192e-04
2.460003766666666605e+06,1.000819995503786641e+00,4.000000000000000192e-04
2.460003767361111008e+06,9.998738224841442479e-01,4.000000000000000192e-04
2.460003768055555411e+06,9.998702653700716203e-01,4.000000000000000192e-04
2.460003768749999814e+06,9.997561055411374742e-01,4.000000000000000192e-04
2.460003769444444217e+06,1.000269306321970753e+00,4.000000000000000192e-04
2.460003770138888620e+06,9.991599723284657619e-01,4.000000000000000192e-04
2.460003770833333023e+06,1.000238583294760897e+00,4.000000000000000192e-04
2.460003771527777892e+06,1.000486532432539377e+00,4.000000000000000192e-04
2.460003772222222295e+06,1.000061914908773719e+00,4.000000000000000192e-04
2.460003772916666698e+06,9.998084654290468887e-01,4.000000000000000192e-04
2.460003773611111101e+06,1.000340223483098256e+00,4.000000000000000192e-04
2.460003774305555504e+06,1.000055019864628969e+00,4.000000000000000192e-04
2.460003774999999907e+06,9.995651257650102206e-01,4.000000000000000192e-04
2.460003775694444310e+06,1.000176179886155037e+00,4.000000000000000192e-04
2.460003776388888713e+06,1.000549467513930590e+00,4.000000000000000192e-04
2.460003777083333116e+06,9.999843264322147984e-01,4.000000000000000192e-04
2.460003777777777519e+06,1.000828704831268290e+00,4.000000000000000192e-04
2.460003778472221922e+06,9.993533133292102910e-01,4.000000000000000192e-04
2.460003779166666791e+06,1.000177127558815382e+00,4.000000000000000192e-04
2.460003779861111194e+06,9.998176288158179270e-01,4.000000000000000192e-04
2.460003780555555597e+06,9.994944674886906411e-01,4.000000000000000192e-04
2.460003781250000000e+06,9.993910154229653786e-01,4.000000000000000192e-04
2.460003781944444403e+06,9.997784866105741131e-01,4.000000000000000192e-04
2.460003782638888806e+06,1.000286707525237073e+00,4.000000000000000192e-04
2.460003783333333209e+06,9.991743790493459176e-01,4.000000000000000192e-04
2.460003784027777612e+06,9.998083135457885851e-01,4.000000000000000192e-04
2.460003784722222015e+06,1.000468189969566213e+00,4.000000000000000192e-04
2.460003785416666418e+06,1.000230683566833978e+00,4.000000000000000192e-04
2.460003786111110821e+06,9.996781808014278958e-01,4.000000000000000192e-04
2.460003786805555690e+06,1.000448628876699830e+00,4.000000000000000192e-04
2.460003787500000093e+06,9.997173353542166963e-01,4.000000000000000192e-04
2.460003788194444496e+06,1.000171266223669031e+00,4.000000000000000192e-04
2.460003788888888899e+06,9.996011783117032534e-01,4.000000000000000192e-04
2.460003789583333302e+06,9.996944376395232590e-01,4.000000000000000192e-04
2.460003790277777705e+06,9.999619093152420923e-01,4.000000000000000192e-04
2.460003790972222108e+06,9.996546746506875802e-01,4.000000000000000192e-04
2.460003791666666511e+06,1.000177015007230441e+00,4.000000000000000192e-04
2.460003792361110914e+06,1.000363884454799956e+00,4.000000000000000192e-04
2.460003793055555318e+06,1.000295002908383246e+00,4.000000000000000192e-04
2.460003793749999721e+06,9.991757296598043903e-01,4.000000000000000192e-04
2.460003794444444124e+06,1.000156635886338519e+00,4.000000000000000192e-04
2.460003795138888992e+06,9.996335169677963428e-01,4.000000000000000192e-04
2.460003795833333395e+06,1.000428531441343916e+00,4.000000000000000192e-04
2.460003796527777798e+06,9.993685825521617661e-01,4.000000000000000192e-04
2.460003797222222202e+06,9.998760769600093523e-01,4.000000000000000192e-04
2.460003797916666605e+06,1.000439725232110888e+00,4.000000000000000192e-04
2.460003798611111008e+06,1.000100617053687246e+00,4.000000000000000192e-04
2.460003799305555411e+06,9.996922019289450345e-01,4.000000000000000192e-04
2.460003799999999814e+06,1.000264861295465879e+00,4.000000000000000192e-04
2.460003800694444217e+06,9.998023024426654359e-01,4.000000000000000192e-04
2.460003801388888620e+06,1.000187037504641552e+00,4.000000000000000192e-04
2.460003802083333023e+06,9.995554090805883751e-01,4.000000000000000192e-04
2.460003802777777892e+06,9.999881390194894637e-01,4.000000000000000192e-04
2.460003803472222295e+06,1.000144460880522779e+00,4.000000000000000192e-04
2.460003804166666698e+06,1.000480937348119603e+00,4.000000000000000192e-04
2.460003804861111101e+06,9.998061025814658498e-01,4.000000000000000192e-04
2.460003805555555504e+06,9.995954605056559528e-01,4.000000000000000192e-04
2.460003806249999907e+06,1.000815001191019737e+00,4.000000000000000192e-04
2.460003806944444310e+06,1.000966529739904409e+00,4.000000000000000192e-04
2.460003807638888713e+06,9.999080874762551474e-01,4.000000000000000192e-04
2.460003808333333116e+06,1.000125543428476593e+00,4.000000000000000192e-04
2.460003809027777519e+06,9.997154568145619757e-01,4.000000000000000192e-04
2.460003809722221922e+06,1.000060132585269823e+00,4.000000000000000192e-04
2.460003810416666791e+06,1.000203608896709229e+00,4.000000000000000192e-04
2.460003811111111194e+06,1.000311545107523736e+00,4.000000000000000192e-04
2.460003811805555597e+06,9.997465966900229706e-01,4.000000000000000192e-04
2.460003812500000000e+06,9.999605608186807881e-01,4.000000000000000192e-04
2.460003813194444403e+06,1.000012466835110692e+00,4.000000000000000192e-04
2.460003813888888806e+06,1.000213252828375365e+00,4.000000000000000192e-04
2.460003814583333209e+06,9.995952097810484327e-01,4.000000000000000192e-04
2.460003815277777612e+06,9.997095354447083082e-01,4.000000000000000192e-04
2.460003815972222015e+06,1.000142344490081436e+00,4.000000000000000192e-04
2.460003816666666418e+06,9.997653787735244491e-01,4.000000000000000192e-04
2.460003817361110821e+06,9.997718667156648698e-01,4.000000000000000192e-04
2.460003818055555690e+06,1.000385909832507414e+00,4.000000000000000192e-04
2.460003818750000093e+06,1.000107805065862721e+00,4.000000000000000192e-04
2.460003819444444496e+06,9.994311995366171875e-01,4.000000000000000192e-04
2.460003820138888899e+06,9.995795562228952935e-01,4.000000000000000192e-04
2.460003820833333302e+06,1.000299431355734070e+00,4.000000000000000192e-04
2.460003821527777705e+06,9.994657225379461885e-01,4.000000000000000192e-04
2.460003822222222108e+06,1.000148303310724573e+00,4.000000000000000192e-04
2.460003822916666511e+06,1.000007787622007482e+00,4.000000000000000192e-04
2.460003823611110914e+06,9.997116845736272461e-01,4.000000000000000192e-04
2.460003824305555318e+06,9.993867661950502912e-01,4.000000000000000192e-04
2.460003824999999721e+06,1.000092654654850310e+00,4.000000000000000192e-04
2.460003825694444124e+06,1.000297794572124754e+00,4.000000000000000192e-04
2.460003826388888992e+06,9.999305698671334675e-01,4.000000000000000192e-04
2.460003827083333395e+06,1.000652603605877156e+00,4.000000000000000192e-04
2.460003827777777798e+06,9.996498786102866463e-01,4.000000000000000192e-04
2.460003828472222202e+06,9.997077386921146003e-01,4.000000000000000192e-04
2.460003829166666605e+06,9.995002657670080115e-01,4.000000000000000192e-04
2.460003829861111008e+06,9.994002697090027532e-01,4.000000000000000192e-04
2.460003830555555411e+06,1.000022915092329212e+00,4.000000000000000192e-04
2.460003831249999814e+06,9.998865755170898151e-01,4.000000000000000192e-04
2.460003831944444217e+06,1.000135100203155991e+00,4.000000000000000192e-04
2.460003832638888620e+06,9.987720298729788615e-01,4.000000000000000192e-04
2.460003833333333023e+06,9.997627524098984253e-01,4.000000000000000192e-04
2.460003834027777892e+06,1.000109611756521133e+00,4.000000000000000192e-04
2.460003834722222295e+06,9.998048754415984618e-01,4.000000000000000192e-04
2.460003835416666698e+06,9.998416089987350874e-01,4.000000000000000192e-04
2.460003836111111101e+06,1.000501919605713441e+00,4.000000000000000192e-04
2.460003836805555504e+06,1.000871493099161569e+00,4.000000000000000192e-04
2.460003837499999907e+06,9.998826455772122923e-01,4.000000000000000192e-04
2.460003838194444310e+06,1.000173186207911957e+00,4.000000000000000192e-04
2.460003838888888713e+06,1.000179481741032106e+00,4.000000000000000192e-04
2.460003839583333116e+06,9.994787268437307359e-01,4.000000000000000192e-04
2.460003840277777519e+06,1.000084226430385526e+00,4.000000000000000192e-04
2.460003840972221922e+06,1.000326435589457441e+00,4.000000000000000192e-04
2.460003841666666791e+06,9.995312516759777832e-01,4.000000000000000192e-04
2.460003842361111194e+06,1.000019192928334411e+00,4.000000000000000192e-04
2.460003843055555597e+06,1.000117158276342400e+00,4.000000000000000192e-04
2.460003843750000000e+06,1.000409282864714422e+00,4.000000000000000192e-04
2.460003844444444403e+06,9.994586700865785156e-01,4.000000000000000192e-04
2.460003845138888806e+06,9.997184925633402219e-01,4.000000000000000192e-04
2.460003845833333209e+06,9.996987532244920871e-01,4.000000000000000192e-04
2.460003846527777612e+06,1.000387153808649066e+00,4.000000000000000192e-04
2.460003847222222015e+06,1.000244234218493622e+00,4.000000000000000192e-04
2.460003847916666418e+06,1.000191697291908488e+00,4.000000000000000192e-04
2.460003848611110821e+06,9.996921452063524116e-01,4.000000000000000192e-04
2.460003849305555690e+06,1.000751353063395577e+00,4.000000000000000192e-04
2.460003850000000093e+06,9.999777509930457553e-01,4.000000000000000192e-04
2.460003850694444496e+06,9.991648826995486177e-01,4.000000000000000192e-04
2.460003851388888899e+06,1.000474620790443803e+00,4.000000000000000192e-04
2.460003852083333302e+06,1.000068528157171288e+00,4.000000000000000192e-04
2.460003852777777705e+06,9.993207908660508565e-01,4.000000000000000192e-04
2.460003853472222108e+06,9.999008155526275532e-01,4.000000000000000192e-04
2.460003854166666511e+06,9.999945118896994556e-01,4.000000000000000192e-04
2.460003854861110914e+06,9.999631180632998495e-01,4.000000000000000192e-04
2.460003855555555318e+06,9.994350403944159966e-01,4.000000000000000192e-04
2.460003856249999721e+06,1.000299945324187645e+00,4.000000000000000192e-04
2.460003856944444124e+06,1.000127441156204000e+00,4.000000000000000192e-04
2.460003857638888992e+06,9.998954593270322766e-01,4.000000000000000192e-04
2.460003858333333395e+06,1.000537567586770260e+00,4.000000000000000192e-04
2.460003859027777798e+06,9.999982050674820488e-01,4.000000000000000192e-04
2.460003859722222202e+06,9.996762233870264414e-01,4.000000000000000192e-04
2.460003860416666605e+06,9.998612236798712916e-01,4.000000000000000192e-04
2.460003861111111008e+06,1.000440577066368686e+00,4.000000000000000192e-04
2.460003861805555411e+06,1.000011895032790976e+00,4.000000000000000192e-04
2.460003862499999814e+06,1.000159787664909095e+00,4.000000000000000192e-04
2.460003863194444217e+06,9.998887562538454343e-01,4.000000000000000192e-04
2.460003863888888620e+06,9.999074787013446652e-01,4.000000000000000192e-04
2.460003864583333023e+06,9.998611057831133797e-01,4.000000000000000192e-04
2.460003865277777892e+06,9.993802084495704285e-01,4.000000000000000192e-04
2.460003865972222295e+06,1.000222126124770572e+00,4.000000000000000192e-04
2.460003866666666698e+06,9.994245981042569893e-01,4.000000000000000192e-04
2.460003867361111101e+06,1.000382692802488593e+00,4.000000000000000192e-04
2.460003868055555504e+06,1.000214184132230733e+00,4.000000000000000192e-04
2.460003868749999907e+06,1.000357091748266924e+00,4.000000000000000192e-04
2.460003869444444310e+06,1.000027229499140136e+00,4.000000000000000192e-04
2.460003870138888713e+06,1.000052721661031763e+00,4.000000000000000192e-04
2.460003870833333116e+06,1.000394192615475131e+00,4.000000000000000192e-04
2.460003871527777519e+06,9.994117438786559449e-01,4.000000000000000192e-04
2.460003872222221922e+06,9.998249348329912856e-01,4.000000000000000192e-04
2.460003872916666791e+06,9.994694585742699422e-01,4.000000000000000192e-04
2.460003873611111194e+06,1.000016998004478852e+00,4.000000000000000192e-04
2.460003874305555597e+06,9.996129015741607171e-01,4.000000000000000192e-04
2.460003875000000000e+06,1.000257828085389988e+00,4.000000000000000192e-04
2.460003875694444403e+06,1.000258193153186426e+00,4.000000000000000192e-04
2.460003876388888806e+06,9.999095021740750378e-01,4.000000000000000192e-04
2.460003877083333209e+06,9.998907713328134550e-01,4.000000000000000192e-04
2.460003877777777612e+06,9.996251718030134681e-01,4.000000000000000192e-04
2.460003878472222015e+06,1.000305097189277737e+00,4.000000000000000192e-04
2.460003879166666418e+06,9.998958423823939290e-01,4.000000000000000192e-04
2.460003879861110821e+06,9.997841033522627541e-01,4.000000000000000192e-04
2.460003880555555690e+06,1.000532553947846015e+00,4.000000000000000192e-04
2.460003881250000093e+06,9.996361843915183565e-01,4.000000000000000192e-04
2.460003881944444496e+06,1.000139766655606444e+00,4.000000000000000192e-04
2.460003882638888899e+06,1.000383514585797995e+00,4.000000000000000192e-04
2.460003883333333302e+06,1.000258763621473257e+00,4.000000000000000192e-04
2.460003884027777705e+06,9.996102251240845948e-01,4.000000000000000192e-04
2.460003884722222108e+06,9.998033692863093069e-01,4.000000000000000192e-04
2.460003885416666511e+06,9.997074436045079171e-01,4.000000000000000192e-04
2.460003886111110914e+06,1.000203263895475869e+00,4.000000000000000192e-04
2.460003886805555318e+06,9.994993192192507259e-01,4.000000000000000192e-04
2.460003887499999721e+06,1.000414754471133705e+00,4.000000000000000192e-04
2.460003888194444124e+06,1.000387605289907000e+00,4.000000000000000192e-04
2.460003888888888992e+06,9.988410911581527829e-01,4.000000000000000192e-04
2.460003889583333395e+06,9.994452989275167676e-01,4.000000000000000192e-04
2.460003890277777798e+06,1.000325534129214322e+00,4.000000000000000192e-04
2.460003890972222202e+06,9.997495608155639868e-01,4.000000000000000192e-04
2.460003891666666605e+06,9.997741601167323688e-01,4.000000000000000192e-04
2.460003892361111008e+06,1.000265087696816435e+00,4.000000000000000192e-04
2.460003893055555411e+06,9.998618514500178245e-01,4.000000000000000192e-04
2.460003893749999814e+06,1.000249583349093196e+00,4.000000000000000192e-04
2.460003894444444217e+06,1.000173531629108048e+00,4.000000000000000192e-04
2.460003895138888620e+06,9.994699908027570023e-01,4.000000000000000192e-04
2.460003895833333023e+06,9.999610818763412512e-01,4.000000000000000192e-04
2.460003896527777892e+06,1.000774095774995764e+00,4.000000000000000192e-04
2.460003897222222295e+06,9.998092478363153068e-01,4.000000000000000192e-04
2.460003897916666698e+06,9.999286858046185777e-01,4.000000000000000192e-04
2.460003898611111101e+06,1.000143858230176486e+00,4.000000000000000192e-04
2.460003899305555504e+06,9.997881605570347885e-01,4.000000000000000192e-04
2.460003899999999907e+06,1.000396682917654712e+00,4.000000000000000192e-04
