time,flux,flux_err
2458564.9287202875,0.9988214441958427,0.001239738309813382
2458564.9495535246,0.9943278127070235,0.001239738309813382
2458564.9703867612,0.9903041635938653,0.001239738309813382
2458564.991219997,0.9864000099996251,0.001239738309813382
2458565.0120532326,0.9901124707823458,0.001239738309813382
2458565.0328864683,0.9890776095896405,0.001239738309813382
2458565.053719703,0.9901563691361575,0.001239738309813382
2458565.0745529374,0.9875230678849545,0.001239738309813382
2458565.0953861717,0.9848389685386799,0.001239738309813382
2458565.116219405,0.9881016861867681,0.001239738309813382
2458565.1370526385,0.9889257152856769,0.001239738309813382
2458565.1578858714,0.9880948464432584,0.001239738309813382
2458565.178719104,0.9874319313025762,0.001239738309813382
2458565.199552336,0.9881686436758622,0.001239738309813382
2458565.2203855673,0.9914680199492519,0.001239738309813382
2458565.2412187983,0.9962201817431847,0.001239738309813382
2458565.2620520294,0.9978138319813008,0.001239738309813382
2458565.2828852595,0.9991354324212843,0.001239738309813382
