nr,tt,tt_err
1,2460695.5346,0.00458
2,2460736.6349,0.00458
3,2460859.2275,0.00458
4,2460900.06,0.00458
5,2460940.82,0.033
6,2460981.71,0.01
