target,eclipser,nr,tt,tt_err,target,sector,author,exptime,index,t1,t4,t0,t5,n0,n1,n2,n3,lower,upper,comment
TIC349972412,TOI4504c,30,2460886.2720,0.00458,TIC349972412,95,,,1,2460886.14,2460886.42,2460886.05,2460886.50,2460881.08,2460886.08,2460886.48,2460891.48,0.00,2.00,
TIC349972412,TOI4504c,31,2460970.0865,0.00600,TIC349972412,97,SPOC,120,,2460969.96,2460970.23,2460969.86,2460970.31,2460964.90,2460969.90,2460970.29,2460975.29,0.00,2.00,