time,flux,flux_err
2.460001899999999907e+06,9.997471804231975456e-01,4.000000000000000192e-04
2.460001900694444310e+06,9.998739272269128175e-01,4.000000000000000192e-04
2.460001901388888713e+06,9.997035611178733960e-01,4.000000000000000192e-04
2.460001902083333116e+06,1.000238107780857533e+00,4.000000000000000192e-04
2.460001902777777519e+06,9.993852529162632337e-01,4.000000000000000192e-04
2.460001903472221922e+06,1.000497429550012196e+00,4.000000000000000192e-04
2.460001904166666791e+06,9.993221988191384186e-01,4.000000000000000192e-04
2.460001904861111194e+06,1.000383716309431570e+00,4.000000000000000192e-04
2.460001905555555597e+06,1.000519956898171525e+00,4.000000000000000192e-04
2.460001906250000000e+06,1.000653408050075077e+00,4.000000000000000192e-04
2.460001906944444403e+06,9.997086904931297147e-01,4.000000000000000192e-04
2.460001907638888806e+06,1.000489952170325658e+00,4.000000000000000192e-04
2.460001908333333209e+06,9.997899471813563865e-01,4.000000000000000192e-04
2.460001909027777612e+06,9.995895898684493686e-01,4.000000000000000192e-04
2.460001909722222015e+06,1.000072544044595668e+00,4.000000000000000192e-04
2.460001910416666418e+06,1.000378827684425209e+00,4.000000000000000192e-04
2.460001911111110821e+06,1.000681884225575136e+00,4.000000000000000192e-04
2.460001911805555690e+06,1.000029020626143073e+00,4.000000000000000192e-04
2.460001912500000093e+06,1.000163877057577366e+00,4.000000000000000192e-04
2.460001913194444496e+06,9.992728052563224495e-01,4.000000000000000192e-04
2.460001913888888899e+06,1.000405852347047153e+00,4.000000000000000192e-04
2.460001914583333302e+06,1.000443892920210853e+00,4.000000000000000192e-04
2.460001915277777705e+06,9.999464667809445650e-01,4.000000000000000192e-04
2.460001915972222108e+06,9.998360717990412150e-01,4.000000000000000192e-04
2.460001916666666511e+06,1.000475914881908901e+00,4.000000000000000192e-04
2.460001917361110914e+06,9.996767057979657478e-01,4.000000000000000192e-04
2.460001918055555318e+06,9.996529996537707463e-01,4.000000000000000192e-04
2.460001918749999721e+06,9.998803805761030672e-01,4.000000000000000192e-04
2.460001919444444124e+06,9.992863792697520564e-01,4.000000000000000192e-04
2.460001920138888992e+06,1.000252499531290251e+00,4.000000000000000192e-04
2.460001920833333395e+06,1.000370364356476305e+00,4.000000000000000192e-04
2.460001921527777798e+06,1.000036595356801339e+00,4.000000000000000192e-04
2.460001922222222202e+06,9.997426551782371273e-01,4.000000000000000192e-04
2.460001922916666605e+06,9.996830955086575266e-01,4.000000000000000192e-04
2.460001923611111008e+06,9.998820675715403006e-01,4.000000000000000192e-04
2.460001924305555411e+06,1.000199589446729043e+00,4.000000000000000192e-04
2.460001924999999814e+06,9.994207118398731327e-01,4.000000000000000192e-04
2.460001925694444217e+06,9.999529227669822218e-01,4.000000000000000192e-04
2.460001926388888620e+06,9.996849819199759013e-01,4.000000000000000192e-04
2.460001927083333023e+06,9.997271419866784470e-01,4.000000000000000192e-04
2.460001927777777892e+06,1.000296544972719692e+00,4.000000000000000192e-04
2.460001928472222295e+06,9.998648585704278391e-01,4.000000000000000192e-04
2.460001929166666698e+06,9.999000836151903382e-01,4.000000000000000192e-04
2.460001929861111101e+06,1.000062274407865548e+00,4.000000000000000192e-04
2.460001930555555504e+06,9.996899416690776530e-01,4.000000000000000192e-04
2.460001931249999907e+06,1.000038587703342197e+00,4.000000000000000192e-04
2.460001931944444310e+06,9.995419497371540452e-01,4.000000000000000192e-04
2.460001932638888713e+06,1.000545617996142722e+00,4.000000000000000192e-04
2.460001933333333116e+06,9.990908727053756655e-01,4.000000000000000192e-04
2.460001934027777519e+06,1.000424425185765465e+00,4.000000000000000192e-04
2.460001934722221922e+06,1.000089973386776965e+00,4.000000000000000192e-04
2.460001935416666791e+06,1.000130918705154359e+00,4.000000000000000192e-04
2.460001936111111194e+06,9.997294182143402486e-01,4.000000000000000192e-04
2.460001936805555597e+06,9.998387259136917171e-01,4.000000000000000192e-04
2.460001937500000000e+06,1.000351004946768985e+00,4.000000000000000192e-04
2.460001938194444403e+06,9.997831827936319860e-01,4.000000000000000192e-04
2.460001938888888806e+06,9.999387130470136498e-01,4.000000000000000192e-04
2.460001939583333209e+06,9.996453749465130656e-01,4.000000000000000192e-04
2.460001940277777612e+06,1.000989568750492387e+00,4.000000000000000192e-04
2.460001940972222015e+06,1.000493658982698708e+00,4.000000000000000192e-04
2.460001941666666418e+06,9.998012001745584243e-01,4.000000000000000192e-04
2.460001942361110821e+06,9.993839155394035334e-01,4.000000000000000192e-04
2.460001943055555690e+06,1.000586899012266162e+00,4.000000000000000192e-04
2.460001943750000093e+06,1.000498809933684008e+00,4.000000000000000192e-04
2.460001944444444496e+06,1.000216407528721874e+00,4.000000000000000192e-04
2.460001945138888899e+06,9.997596013559971739e-01,4.000000000000000192e-04
2.460001945833333302e+06,9.998732362347428904e-01,4.000000000000000192e-04
2.460001946527777705e+06,9.997088123284678662e-01,4.000000000000000192e-04
2.460001947222222108e+06,9.997284232080659860e-01,4.000000000000000192e-04
2.460001947916666511e+06,1.000190953276934636e+00,4.000000000000000192e-04
2.460001948611110914e+06,9.998858588654725432e-01,4.000000000000000192e-04
2.460001949305555318e+06,1.000323748608585417e+00,4.000000000000000192e-04
2.460001949999999721e+06,1.000382733757837039e+00,4.000000000000000192e-04
2.460001950694444124e+06,9.992659520408043727e-01,4.000000000000000192e-04
2.460001951388888992e+06,1.000255949257219168e+00,4.000000000000000192e-04
2.460001952083333395e+06,1.000366414859888087e+00,4.000000000000000192e-04
2.460001952777777798e+06,9.997882011749383846e-01,4.000000000000000192e-04
2.460001953472222202e+06,1.000359559961250699e+00,4.000000000000000192e-04
2.460001954166666605e+06,9.999274930704488140e-01,4.000000000000000192e-04
2.460001954861111008e+06,9.996668407339591722e-01,4.000000000000000192e-04
2.460001955555555411e+06,1.000653058482247060e+00,4.000000000000000192e-04
2.460001956249999814e+06,9.996648238523879737e-01,4.000000000000000192e-04
2.460001956944444217e+06,9.991145472569488151e-01,4.000000000000000192e-04
2.460001957638888620e+06,9.998231865757136738e-01,4.000000000000000192e-04
2.460001958333333023e+06,1.000114328560710364e+00,4.000000000000000192e-04
2.460001959027777892e+06,1.000116698686731143e+00,4.000000000000000192e-04
2.460001959722222295e+06,9.999482980330159920e-01,4.000000000000000192e-04
2.460001960416666698e+06,1.000349992017219414e+00,4.000000000000000192e-04
2.460001961111111101e+06,1.000345371702118680e+00,4.000000000000000192e-04
2.460001961805555504e+06,9.999168635801921612e-01,4.000000000000000192e-04
2.460001962499999907e+06,9.999119302530535824e-01,4.000000000000000192e-04
2.460001963194444310e+06,1.000313187724877872e+00,4.000000000000000192e-04
2.460001963888888713e+06,1.000120818562511893e+00,4.000000000000000192e-04
2.460001964583333116e+06,9.998388276858674040e-01,4.000000000000000192e-04
2.460001965277777519e+06,1.000864686431326200e+00,4.000000000000000192e-04
2.460001965972221922e+06,1.000497354686581186e+00,4.000000000000000192e-04
2.460001966666666791e+06,9.994898419668449829e-01,4.000000000000000192e-04
2.460001967361111194e+06,1.000192265945028636e+00,4.000000000000000192e-04
2.460001968055555597e+06,9.993738938732704691e-01,4.000000000000000192e-04
2.460001968750000000e+06,9.997218859290381010e-01,4.000000000000000192e-04
2.460001969444444403e+06,1.000048050393826937e+00,4.000000000000000192e-04
2.460001970138888806e+06,9.997074248970974075e-01,4.000000000000000192e-04
2.460001970833333209e+06,9.999687750164409916e-01,4.000000000000000192e-04
2.460001971527777612e+06,1.000571662922623339e+00,4.000000000000000192e-04
2.460001972222222015e+06,1.000425298694856302e+00,4.000000000000000192e-04
2.460001972916666418e+06,9.996010263126335893e-01,4.000000000000000192e-04
2.460001973611110821e+06,9.998287331231296982e-01,4.000000000000000192e-04
2.460001974305555690e+06,1.000050861423398496e+00,4.000000000000000192e-04
2.460001975000000093e+06,9.998765189600918868e-01,4.000000000000000192e-04
2.460001975694444496e+06,1.000029595008621985e+00,4.000000000000000192e-04
2.460001976388888899e+06,1.000031071944351924e+00,4.000000000000000192e-04
2.460001977083333302e+06,9.994525626046263378e-01,4.000000000000000192e-04
2.460001977777777705e+06,9.992652643930575174e-01,4.000000000000000192e-04
2.460001978472222108e+06,1.000317206080227894e+00,4.000000000000000192e-04
2.460001979166666511e+06,9.996905122169823521e-01,4.000000000000000192e-04
2.460001979861110914e+06,9.993591017002744215e-01,4.000000000000000192e-04
2.460001980555555318e+06,1.000169763494615394e+00,4.000000000000000192e-04
2.460001981249999721e+06,1.000539642641972593e+00,4.000000000000000192e-04
2.460001981944444124e+06,1.000697536729615811e+00,4.000000000000000192e-04
2.460001982638888992e+06,1.000930319781639044e+00,4.000000000000000192e-04
2.460001983333333395e+06,9.997033668767995040e-01,4.000000000000000192e-04
2.460001984027777798e+06,9.998581312128189680e-01,4.000000000000000192e-04
2.460001984722222202e+06,1.000129951269344453e+00,4.000000000000000192e-04
2.460001985416666605e+06,9.991131440414334763e-01,4.000000000000000192e-04
2.460001986111111008e+06,1.000260743982793743e+00,4.000000000000000192e-04
2.460001986805555411e+06,9.990914042765656200e-01,4.000000000000000192e-04
2.460001987499999814e+06,1.000125086996627610e+00,4.000000000000000192e-04
2.460001988194444217e+06,9.998131819185374081e-01,4.000000000000000192e-04
2.460001988888888620e+06,1.000209558371890628e+00,4.000000000000000192e-04
2.460001989583333023e+06,9.996289494109192875e-01,4.000000000000000192e-04
2.460001990277777892e+06,1.000378380791257182e+00,4.000000000000000192e-04
2.460001990972222295e+06,9.997074554067797436e-01,4.000000000000000192e-04
2.460001991666666698e+06,9.998913489972934832e-01,4.000000000000000192e-04
2.460001992361111101e+06,1.000238182899316985e+00,4.000000000000000192e-04
2.460001993055555504e+06,9.998472543826967263e-01,4.000000000000000192e-04
2.460001993749999907e+06,1.000072260234658339e+00,4.000000000000000192e-04
2.460001994444444310e+06,1.000662289824872930e+00,4.000000000000000192e-04
2.460001995138888713e+06,9.997499745268861870e-01,4.000000000000000192e-04
2.460001995833333116e+06,1.000062459570001838e+00,4.000000000000000192e-04
2.460001996527777519e+06,9.999310734527900868e-01,4.000000000000000192e-04
2.460001997222221922e+06,9.995673740330133228e-01,4.000000000000000192e-04
2.460001997916666791e+06,9.998645484389460103e-01,4.000000000000000192e-04
2.460001998611111194e+06,9.997309928051084649e-01,4.000000000000000192e-04
2.460001999305555597e+06,9.999379879372721769e-01,4.000000000000000192e-04
2.460002000000000000e+06,9.999133023411100885e-01,4.000000000000000192e-04
2.460002000694444403e+06,1.000034089973524054e+00,4.000000000000000192e-04
2.460002001388888806e+06,9.994225237517329052e-01,4.000000000000000192e-04
2.460002002083333209e+06,1.000338668299452838e+00,4.000000000000000192e-04
2.460002002777777612e+06,1.000356280800121400e+00,4.000000000000000192e-04
2.460002003472222015e+06,9.997123179566889117e-01,4.000000000000000192e-04
2.460002004166666418e+06,9.993465988728773564e-01,4.000000000000000192e-04
2.460002004861110821e+06,1.000662042807627605e+00,4.000000000000000192e-04
2.460002005555555690e+06,9.991058403845032299e-01,4.000000000000000192e-04
2.460002006250000093e+06,1.000088057749317638e+00,4.000000000000000192e-04
2.460002006944444496e+06,9.990576339178031118e-01,4.000000000000000192e-04
2.460002007638888899e+06,1.000891644355188292e+00,4.000000000000000192e-04
2.460002008333333302e+06,1.000098175887303542e+00,4.000000000000000192e-04
2.460002009027777705e+06,1.000098758761219342e+00,4.000000000000000192e-04
2.460002009722222108e+06,9.995993503721929407e-01,4.000000000000000192e-04
2.460002010416666511e+06,1.000282728874052340e+00,4.000000000000000192e-04
2.460002011111110914e+06,1.000577397689351500e+00,4.000000000000000192e-04
2.460002011805555318e+06,1.001032458758305488e+00,4.000000000000000192e-04
2.460002012499999721e+06,1.000789936096689203e+00,4.000000000000000192e-04
2.460002013194444124e+06,1.000051842939710056e+00,4.000000000000000192e-04
2.460002013888888992e+06,1.000613514694349782e+00,4.000000000000000192e-04
2.460002014583333395e+06,1.000040447366906227e+00,4.000000000000000192e-04
2.460002015277777798e+06,1.000244112372142169e+00,4.000000000000000192e-04
2.460002015972222202e+06,1.000254515837960545e+00,4.000000000000000192e-04
2.460002016666666605e+06,9.996526246922889936e-01,4.000000000000000192e-04
2.460002017361111008e+06,9.997737075715771304e-01,4.000000000000000192e-04
2.460002018055555411e+06,1.000179799099057076e+00,4.000000000000000192e-04
2.460002018749999814e+06,9.995204796748359266e-01,4.000000000000000192e-04
2.460002019444444217e+06,1.000398017414171337e+00,4.000000000000000192e-04
2.460002020138888620e+06,1.000149349171985280e+00,4.000000000000000192e-04
2.460002020833333023e+06,9.993527398635677628e-01,4.000000000000000192e-04
2.460002021527777892e+06,1.000362634746656543e+00,4.000000000000000192e-04
2.460002022222222295e+06,9.998695073889138918e-01,4.000000000000000192e-04
2.460002022916666698e+06,9.996108760836155405e-01,4.000000000000000192e-04
2.460002023611111101e+06,9.998536216257326581e-01,4.000000000000000192e-04
2.460002024305555504e+06,1.000309781103474460e+00,4.000000000000000192e-04
2.460002024999999907e+06,1.000675299229339066e+00,4.000000000000000192e-04
2.460002025694444310e+06,9.997802131152221383e-01,4.000000000000000192e-04
2.460002026388888713e+06,1.000604729663759240e+00,4.000000000000000192e-04
2.460002027083333116e+06,1.000213221494242966e+00,4.000000000000000192e-04
2.460002027777777519e+06,9.999727348664410043e-01,4.000000000000000192e-04
2.460002028472221922e+06,9.999457373099208679e-01,4.000000000000000192e-04
2.460002029166666791e+06,1.000595290970135443e+00,4.000000000000000192e-04
2.460002029861111194e+06,9.994895687119655925e-01,4.000000000000000192e-04
2.460002030555555597e+06,1.000053808387726395e+00,4.000000000000000192e-04
2.460002031250000000e+06,1.000870313209081042e+00,4.000000000000000192e-04
2.460002031944444403e+06,9.997816583666069290e-01,4.000000000000000192e-04
2.460002032638888806e+06,9.994949156418219127e-01,4.000000000000000192e-04
2.460002033333333209e+06,1.000125469261736288e+00,4.000000000000000192e-04
2.460002034027777612e+06,1.000918402401187457e+00,4.000000000000000192e-04
2.460002034722222015e+06,9.993598136079060446e-01,4.000000000000000192e-04
2.460002035416666418e+06,1.000476714886832985e+00,4.000000000000000192e-04
2.460002036111110821e+06,9.996598283310690336e-01,4.000000000000000192e-04
2.460002036805555690e+06,9.999620927781640578e-01,4.000000000000000192e-04
2.460002037500000093e+06,1.001142628865895556e+00,4.000000000000000192e-04
2.460002038194444496e+06,1.000239418697856708e+00,4.000000000000000192e-04
2.460002038888888899e+06,1.000238956815321822e+00,4.000000000000000192e-04
2.460002039583333302e+06,1.000655617696742494e+00,4.000000000000000192e-04
2.460002040277777705e+06,9.995610963764424151e-01,4.000000000000000192e-04
2.460002040972222108e+06,9.999144313478963708e-01,4.000000000000000192e-04
2.460002041666666511e+06,9.997673790497664248e-01,4.000000000000000192e-04
2.460002042361110914e+06,1.000290948078691233e+00,4.000000000000000192e-04
2.460002043055555318e+06,1.000553164028761932e+00,4.000000000000000192e-04
2.460002043749999721e+06,9.995024078831673542e-01,4.000000000000000192e-04
2.460002044444444124e+06,9.996029805478271468e-01,4.000000000000000192e-04
2.460002045138888992e+06,1.000334597637910106e+00,4.000000000000000192e-04
2.460002045833333395e+06,9.998065765970090002e-01,4.000000000000000192e-04
2.460002046527777798e+06,1.000118981200696755e+00,4.000000000000000192e-04
2.460002047222222202e+06,9.994742902478180868e-01,4.000000000000000192e-04
2.460002047916666605e+06,1.000400288221358291e+00,4.000000000000000192e-04
2.460002048611111008e+06,1.000058772475352686e+00,4.000000000000000192e-04
2.460002049305555411e+06,1.000254497300221201e+00,4.000000000000000192e-04
2.460002049999999814e+06,9.999822951461426745e-01,4.000000000000000192e-04
2.460002050694444217e+06,9.992737242318077140e-01,4.000000000000000192e-04
2.460002051388888620e+06,9.996867594898823928e-01,4.000000000000000192e-04
2.460002052083333023e+06,9.993708151340617851e-01,4.000000000000000192e-04
2.460002052777777892e+06,9.999069231272094127e-01,4.000000000000000192e-04
2.460002053472222295e+06,1.000237126779979890e+00,4.000000000000000192e-04
2.460002054166666698e+06,1.000525492077932066e+00,4.000000000000000192e-04
2.460002054861111101e+06,1.000502958079804161e+00,4.000000000000000192e-04
2.460002055555555504e+06,1.000162910541738892e+00,4.000000000000000192e-04
2.460002056249999907e+06,1.000504503517239518e+00,4.000000000000000192e-04
2.460002056944444310e+06,9.996594799334267423e-01,4.000000000000000192e-04
2.460002057638888713e+06,9.994923854429373922e-01,4.000000000000000192e-04
2.460002058333333116e+06,9.997938366187895110e-01,4.000000000000000192e-04
2.460002059027777519e+06,9.997019800438046166e-01,4.000000000000000192e-04
2.460002059722221922e+06,1.000178297209924461e+00,4.000000000000000192e-04
2.460002060416666791e+06,1.000445479541165250e+00,4.000000000000000192e-04
2.460002061111111194e+06,9.996455053382180544e-01,4.000000000000000192e-04
2.460002061805555597e+06,1.000555421559115699e+00,4.000000000000000192e-04
2.460002062500000000e+06,9.999632642571211205e-01,4.000000000000000192e-04
2.460002063194444403e+06,9.995797365693587233e-01,4.000000000000000192e-04
2.460002063888888806e+06,1.000107226031300423e+00,4.000000000000000192e-04
2.460002064583333209e+06,1.000351072343902636e+00,4.000000000000000192e-04
2.460002065277777612e+06,9.997945168412075700e-01,4.000000000000000192e-04
2.460002065972222015e+06,1.000010600875151701e+00,4.000000000000000192e-04
2.460002066666666418e+06,1.000510863366990133e+00,4.000000000000000192e-04
2.460002067361110821e+06,1.000091290586302861e+00,4.000000000000000192e-04
2.460002068055555690e+06,1.000130451128357967e+00,4.000000000000000192e-04
2.460002068750000093e+06,1.000083561962700651e+00,4.000000000000000192e-04
2.460002069444444496e+06,9.999222239744277596e-01,4.000000000000000192e-04
2.460002070138888899e+06,9.995389854707869004e-01,4.000000000000000192e-04
2.460002070833333302e+06,9.999261798033024506e-01,4.000000000000000192e-04
2.460002071527777705e+06,9.998134800877233053e-01,4.000000000000000192e-04
2.460002072222222108e+06,9.995979444926573754e-01,4.000000000000000192e-04
2.460002072916666511e+06,9.996031461026778642e-01,4.000000000000000192e-04
2.460002073611110914e+06,1.000344240740219437e+00,4.000000000000000192e-04
2.460002074305555318e+06,1.000039714576741456e+00,4.000000000000000192e-04
2.460002074999999721e+06,1.000188003684639337e+00,4.000000000000000192e-04
2.460002075694444124e+06,9.996921123277648924e-01,4.000000000000000192e-04
2.460002076388888992e+06,9.995798690057476898e-01,4.000000000000000192e-04
2.460002077083333395e+06,9.999683415452625956e-01,4.000000000000000192e-04
2.460002077777777798e+06,1.000038442203881939e+00,4.000000000000000192e-04
2.460002078472222202e+06,1.000131481575865511e+00,4.000000000000000192e-04
2.460002079166666605e+06,9.995575246467967023e-01,4.000000000000000192e-04
2.460002079861111008e+06,1.000142212783113216e+00,4.000000000000000192e-04
2.460002080555555411e+06,1.000545301213586757e+00,4.000000000000000192e-04
2.460002081249999814e+06,1.000323204847816116e+00,4.000000000000000192e-04
2.460002081944444217e+06,1.000093405394126389e+00,4.000000000000000192e-04
2.460002082638888620e+06,9.996783428816073958e-01,4.000000000000000192e-04
2.460002083333333023e+06,1.000221705031706154e+00,4.000000000000000192e-04
2.460002084027777892e+06,9.996132712049985436e-01,4.000000000000000192e-04
2.460002084722222295e+06,9.995280519632129268e-01,4.000000000000000192e-04
2.460002085416666698e+06,1.000157348443392102e+00,4.000000000000000192e-04
2.460002086111111101e+06,9.995715184894555794e-01,4.000000000000000192e-04
2.460002086805555504e+06,9.995338888457041548e-01,4.000000000000000192e-04
2.460002087499999907e+06,9.992937983306503513e-01,4.000000000000000192e-04
2.460002088194444310e+06,9.996759295536939982e-01,4.000000000000000192e-04
2.460002088888888713e+06,1.000608059108835102e+00,4.000000000000000192e-04
2.460002089583333116e+06,1.000942187729700672e+00,4.000000000000000192e-04
2.460002090277777519e+06,9.997921950113013434e-01,4.000000000000000192e-04
2.460002090972221922e+06,9.994307473802662711e-01,4.000000000000000192e-04
2.460002091666666791e+06,1.000338044016003680e+00,4.000000000000000192e-04
2.460002092361111194e+06,9.995633904632126310e-01,4.000000000000000192e-04
2.460002093055555597e+06,9.992860835942107833e-01,4.000000000000000192e-04
2.460002093750000000e+06,9.995251067491035535e-01,4.000000000000000192e-04
2.460002094444444403e+06,1.000001616830587192e+00,4.000000000000000192e-04
2.460002095138888806e+06,1.000018621616804992e+00,4.000000000000000192e-04
2.460002095833333209e+06,1.000434516963548237e+00,4.000000000000000192e-04
2.460002096527777612e+06,9.998360958161305323e-01,4.000000000000000192e-04
2.460002097222222015e+06,1.000833574679017568e+00,4.000000000000000192e-04
2.460002097916666418e+06,9.993761031565436825e-01,4.000000000000000192e-04
2.460002098611110821e+06,1.000368317053098144e+00,4.000000000000000192e-04
2.460002099305555690e+06,1.000750693500684685e+00,4.000000000000000192e-04
2.460002100000000093e+06,9.996325228078906111e-01,4.000000000000000192e-04
2.460002100694444496e+06,1.000241088415938284e+00,4.000000000000000192e-04
2.460002101388888899e+06,1.000280882557354811e+00,4.000000000000000192e-04
2.460002102083333302e+06,9.998514843537886776e-01,4.000000000000000192e-04
2.460002102777777705e+06,9.995797552656420226e-01,4.000000000000000192e-04
2.460002103472222108e+06,9.999499401964299095e-01,4.000000000000000192e-04
2.460002104166666511e+06,9.996776445141060119e-01,4.000000000000000192e-04
2.460002104861110914e+06,1.000350620939978175e+00,4.000000000000000192e-04
2.460002105555555318e+06,1.000056084086746955e+00,4.000000000000000192e-04
2.460002106249999721e+06,1.000291784927168415e+00,4.000000000000000192e-04
2.460002106944444124e+06,1.000035990122355889e+00,4.000000000000000192e-04
2.460002107638888992e+06,1.000021215061051016e+00,4.000000000000000192e-04
2.460002108333333395e+06,9.997638193636362303e-01,4.000000000000000192e-04
2.460002109027777798e+06,1.000467777810745584e+00,4.000000000000000192e-04
2.460002109722222202e+06,9.999387372792454265e-01,4.000000000000000192e-04
2.460002110416666605e+06,1.000260400175480457e+00,4.000000000000000192e-04
2.460002111111111008e+06,1.000044228079167707e+00,4.000000000000000192e-04
2.460002111805555411e+06,1.000436763980723676e+00,4.000000000000000192e-04
2.460002112499999814e+06,1.000004721612120839e+00,4.000000000000000192e-04
2.460002113194444217e+06,9.992517645343532706e-01,4.000000000000000192e-04
2.460002113888888620e+06,1.000099799536944944e+00,4.000000000000000192e-04
2.460002114583333023e+06,1.000031513190199783e+00,4.000000000000000192e-04
2.460002115277777892e+06,9.999278529999930942e-01,4.000000000000000192e-04
2.460002115972222295e+06,9.997234843959472705e-01,4.000000000000000192e-04
2.460002116666666698e+06,1.000129573714979569e+00,4.000000000000000192e-04
2.460002117361111101e+06,9.995775370675058502e-01,4.000000000000000192e-04
2.460002118055555504e+06,1.000637531377751577e+00,4.000000000000000192e-04
2.460002118749999907e+06,1.000141867630960357e+00,4.000000000000000192e-04
2.460002119444444310e+06,9.993013305376753364e-01,4.000000000000000192e-04
2.460002120138888713e+06,9.992317772551722044e-01,4.000000000000000192e-04
2.460002120833333116e+06,1.000654779352958990e+00,4.000000000000000192e-04
2.460002121527777519e+06,9.999802397439376822e-01,4.000000000000000192e-04
2.460002122222221922e+06,1.000698546752848639e+00,4.000000000000000192e-04
2.460002122916666791e+06,1.000247146176835189e+00,4.000000000000000192e-04
2.460002123611111194e+06,9.994549697982020309e-01,4.000000000000000192e-04
2.460002124305555597e+06,1.000897299999804924e+00,4.000000000000000192e-04
2.460002125000000000e+06,9.997439031793864395e-01,4.000000000000000192e-04
2.460002125694444403e+06,9.999036503360375638e-01,4.000000000000000192e-04
2.460002126388888806e+06,1.000303882919442611e+00,4.000000000000000192e-04
2.460002127083333209e+06,1.000186546185329872e+00,4.000000000000000192e-04
2.460002127777777612e+06,9.996287359566784492e-01,4.000000000000000192e-04
2.460002128472222015e+06,1.000303900888129593e+00,4.000000000000000192e-04
2.460002129166666418e+06,9.992372398387656673e-01,4.000000000000000192e-04
2.460002129861110821e+06,9.999419230897316213e-01,4.000000000000000192e-04
2.460002130555555690e+06,9.995710120464065263e-01,4.000000000000000192e-04
2.460002131250000093e+06,9.998583174807461615e-01,4.000000000000000192e-04
2.460002131944444496e+06,1.000014820911200752e+00,4.000000000000000192e-04
2.460002132638888899e+06,9.994815474069378425e-01,4.000000000000000192e-04
2.460002133333333302e+06,9.998647175615950067e-01,4.000000000000000192e-04
2.460002134027777705e+06,9.995392532862489299e-01,4.000000000000000192e-04
2.460002134722222108e+06,9.997804505864336111e-01,4.000000000000000192e-04
2.460002135416666511e+06,9.995291919461555263e-01,4.000000000000000192e-04
2.460002136111110914e+06,1.000008538363474919e+00,4.000000000000000192e-04
2.460002136805555318e+06,1.000105233069558341e+00,4.000000000000000192e-04
2.460002137499999721e+06,1.000487099007589364e+00,4.000000000000000192e-04
2.460002138194444124e+06,9.996513637571280420e-01,4.000000000000000192e-04
2.460002138888888992e+06,9.999419285533127644e-01,4.000000000000000192e-04
2.460002139583333395e+06,9.997719938638968129e-01,4.000000000000000192e-04
2.460002140277777798e+06,9.998498469260601595e-01,4.000000000000000192e-04
2.460002140972222202e+06,9.998580918880097812e-01,4.000000000000000192e-04
2.460002141666666605e+06,9.998358746221104321e-01,4.000000000000000192e-04
2.460002142361111008e+06,9.996790040151615209e-01,4.000000000000000192e-04
2.460002143055555411e+06,1.000297305358187394e+00,4.000000000000000192e-04
2.460002143749999814e+06,9.996330753910214195e-01,4.000000000000000192e-04
2.460002144444444217e+06,9.998990541305056157e-01,4.000000000000000192e-04
2.460002145138888620e+06,9.999593058641045307e-01,4.000000000000000192e-04
2.460002145833333023e+06,1.000560907708075487e+00,4.000000000000000192e-04
2.460002146527777892e+06,1.000396181624371827e+00,4.000000000000000192e-04
2.460002147222222295e+06,1.000413175192972126e+00,4.000000000000000192e-04
2.460002147916666698e+06,9.997739396331976058e-01,4.000000000000000192e-04
2.460002148611111101e+06,9.998460108365341270e-01,4.000000000000000192e-04
2.460002149305555504e+06,9.997945498241148643e-01,4.000000000000000192e-04
2.460002149999999907e+06,1.001136445659784435e+00,4.000000000000000192e-04
2.460002150694444310e+06,1.000528148231947467e+00,4.000000000000000192e-04
2.460002151388888713e+06,9.997254254811706042e-01,4.000000000000000192e-04
2.460002152083333116e+06,1.000444178546935348e+00,4.000000000000000192e-04
2.460002152777777519e+06,9.995786866276429317e-01,4.000000000000000192e-04
2.460002153472221922e+06,1.000075865942030129e+00,4.000000000000000192e-04
2.460002154166666791e+06,9.995412716193099456e-01,4.000000000000000192e-04
2.460002154861111194e+06,1.000094944795359542e+00,4.000000000000000192e-04
2.460002155555555597e+06,1.000228085187964799e+00,4.000000000000000192e-04
2.460002156250000000e+06,1.000071042652081355e+00,4.000000000000000192e-04
2.460002156944444403e+06,9.997336975405225479e-01,4.000000000000000192e-04
2.460002157638888806e+06,9.998216838554584429e-01,4.000000000000000192e-04
2.460002158333333209e+06,9.993535522391223669e-01,4.000000000000000192e-04
2.460002159027777612e+06,1.000242044844929623e+00,4.000000000000000192e-04
2.460002159722222015e+06,1.000301535093233163e+00,4.000000000000000192e-04
2.460002160416666418e+06,1.000610296200598937e+00,4.000000000000000192e-04
2.460002161111110821e+06,1.000121626434352651e+00,4.000000000000000192e-04
2.460002161805555690e+06,1.000693217126673362e+00,4.000000000000000192e-04
2.460002162500000093e+06,1.000493128890690642e+00,4.000000000000000192e-04
2.460002163194444496e+06,1.000366389624542052e+00,4.000000000000000192e-04
2.460002163888888899e+06,1.000897467395833074e+00,4.000000000000000192e-04
2.460002164583333302e+06,1.000526004212284992e+00,4.000000000000000192e-04
2.460002165277777705e+06,1.000279326156581883e+00,4.000000000000000192e-04
2.460002165972222108e+06,9.993213188844407568e-01,4.000000000000000192e-04
2.460002166666666511e+06,9.999507196160352107e-01,4.000000000000000192e-04
2.460002167361110914e+06,1.000661303150481185e+00,4.000000000000000192e-04
2.460002168055555318e+06,9.995752308613684578e-01,4.000000000000000192e-04
2.460002168749999721e+06,9.997516802821242443e-01,4.000000000000000192e-04
2.460002169444444124e+06,1.000201920982202175e+00,4.000000000000000192e-04
2.460002170138888992e+06,9.996643224605219480e-01,4.000000000000000192e-04
2.460002170833333395e+06,9.994407670749185790e-01,4.000000000000000192e-04
2.460002171527777798e+06,9.997362973499570593e-01,4.000000000000000192e-04
2.460002172222222202e+06,1.000206314019552289e+00,4.000000000000000192e-04
2.460002172916666605e+06,1.000465432850307979e+00,4.000000000000000192e-04
2.460002173611111008e+06,1.000118458752732753e+00,4.000000000000000192e-04
2.460002174305555411e+06,1.000274344118734282e+00,4.000000000000000192e-04
2.460002174999999814e+06,1.000323988223234428e+00,4.000000000000000192e-04
2.460002175694444217e+06,9.995092133170064841e-01,4.000000000000000192e-04
2.460002176388888620e+06,9.997459568112659900e-01,4.000000000000000192e-04
2.460002177083333023e+06,1.000399101288928394e+00,4.000000000000000192e-04
2.460002177777777892e+06,9.995656714250824582e-01,4.000000000000000192e-04
2.460002178472222295e+06,9.999268139217203366e-01,4.000000000000000192e-04
2.460002179166666698e+06,1.000327511752403309e+00,4.000000000000000192e-04
2.460002179861111101e+06,9.990602928031354635e-01,4.000000000000000192e-04
2.460002180555555504e+06,1.000049354504391586e+00,4.000000000000000192e-04
2.460002181249999907e+06,9.998570113296458839e-01,4.000000000000000192e-04
2.460002181944444310e+06,1.000036336923120661e+00,4.000000000000000192e-04
2.460002182638888713e+06,1.000252611407693060e+00,4.000000000000000192e-04
2.460002183333333116e+06,1.000403400493078188e+00,4.000000000000000192e-04
2.460002184027777519e+06,1.000333987836429683e+00,4.000000000000000192e-04
2.460002184722221922e+06,9.996385036685936365e-01,4.000000000000000192e-04
2.460002185416666791e+06,1.000408627487301638e+00,4.000000000000000192e-04
2.460002186111111194e+06,9.996227247129554350e-01,4.000000000000000192e-04
2.460002186805555597e+06,1.000238433799051974e+00,4.000000000000000192e-04
2.460002187500000000e+06,9.998039821083513079e-01,4.000000000000000192e-04
2.460002188194444403e+06,9.999000085146788619e-01,4.000000000000000192e-04
2.460002188888888806e+06,1.000160908049593234e+00,4.000000000000000192e-04
2.460002189583333209e+06,9.998399829627230284e-01,4.000000000000000192e-04
2.460002190277777612e+06,9.995831022041330449e-01,4.000000000000000192e-04
2.460002190972222015e+06,9.997740776686515618e-01,4.000000000000000192e-04
2.460002191666666418e+06,1.000071793534899944e+00,4.000000000000000192e-04
2.460002192361110821e+06,9.996739619164551893e-01,4.000000000000000192e-04
2.460002193055555690e+06,9.994683987166347316e-01,4.000000000000000192e-04
2.460002193750000093e+06,9.995894638863771497e-01,4.000000000000000192e-04
2.460002194444444496e+06,9.996158197058516715e-01,4.000000000000000192e-04
2.460002195138888899e+06,1.000030485521473445e+00,4.000000000000000192e-04
2.460002195833333302e+06,9.999498367558143919e-01,4.000000000000000192e-04
2.460002196527777705e+06,1.000440003540540745e+00,4.000000000000000192e-04
2.460002197222222108e+06,1.000220972958036025e+00,4.000000000000000192e-04
2.460002197916666511e+06,1.000495840186503838e+00,4.000000000000000192e-04
2.460002198611110914e+06,1.000219768397138553e+00,4.000000000000000192e-04
2.460002199305555318e+06,9.994238976562360710e-01,4.000000000000000192e-04
2.460002199999999721e+06,9.990564650291622328e-01,4.000000000000000192e-04
2.460002200694444124e+06,1.000722807227736322e+00,4.000000000000000192e-04
2.460002201388888992e+06,1.000704182454557944e+00,4.000000000000000192e-04
2.460002202083333395e+06,1.000273347437252713e+00,4.000000000000000192e-04
2.460002202777777798e+06,9.998749182986874651e-01,4.000000000000000192e-04
2.460002203472222202e+06,1.000260619922912930e+00,4.000000000000000192e-04
2.460002204166666605e+06,1.000087148931737335e+00,4.000000000000000192e-04
2.460002204861111008e+06,1.000684014967003543e+00,4.000000000000000192e-04
2.460002205555555411e+06,9.996233832909585670e-01,4.000000000000000192e-04
2.460002206249999814e+06,1.000651360235486509e+00,4.000000000000000192e-04
2.460002206944444217e+06,1.000267131017568589e+00,4.000000000000000192e-04
2.460002207638888620e+06,1.000019784470153050e+00,4.000000000000000192e-04
2.460002208333333023e+06,1.000160926139349815e+00,4.000000000000000192e-04
2.460002209027777892e+06,9.997957730538048482e-01,4.000000000000000192e-04
2.460002209722222295e+06,9.995494837462556292e-01,4.000000000000000192e-04
2.460002210416666698e+06,9.990784308343654274e-01,4.000000000000000192e-04
2.460002211111111101e+06,1.000096010644204725e+00,4.000000000000000192e-04
2.460002211805555504e+06,9.999104859127088130e-01,4.000000000000000192e-04
2.460002212499999907e+06,9.996727805210177120e-01,4.000000000000000192e-04
2.460002213194444310e+06,9.992802933873276006e-01,4.000000000000000192e-04
2.460002213888888713e+06,1.000689828042068630e+00,4.000000000000000192e-04
2.460002214583333116e+06,1.000006257203272630e+00,4.000000000000000192e-04
2.460002215277777519e+06,1.000173787456226204e+00,4.000000000000000192e-04
2.460002215972221922e+06,1.000858526318368247e+00,4.000000000000000192e-04
2.460002216666666791e+06,1.000433963059795150e+00,4.000000000000000192e-04
2.460002217361111194e+06,1.000634729056647299e+00,4.000000000000000192e-04
2.460002218055555597e+06,1.000239991067209289e+00,4.000000000000000192e-04
2.460002218750000000e+06,9.997556852536516603e-01,4.000000000000000192e-04
2.460002219444444403e+06,1.000360132043404349e+00,4.000000000000000192e-04
2.460002220138888806e+06,9.996631916627842784e-01,4.000000000000000192e-04
2.460002220833333209e+06,9.994094393645955865e-01,4.000000000000000192e-04
2.460002221527777612e+06,9.996309656037898339e-01,4.000000000000000192e-04
2.460002222222222015e+06,9.998240752192960601e-01,4.000000000000000192e-04
2.460002222916666418e+06,1.000147564046140802e+00,4.000000000000000192e-04
2.460002223611110821e+06,9.998193270892762330e-01,4.000000000000000192e-04
2.460002224305555690e+06,9.996609527445605714e-01,4.000000000000000192e-04
2.460002225000000093e+06,9.994203024065458907e-01,4.000000000000000192e-04
2.460002225694444496e+06,1.000579325913594886e+00,4.000000000000000192e-04
2.460002226388888899e+06,9.994341974145454222e-01,4.000000000000000192e-04
2.460002227083333302e+06,9.995903494255761190e-01,4.000000000000000192e-04
2.460002227777777705e+06,9.997159231485213127e-01,4.000000000000000192e-04
2.460002228472222108e+06,9.998202832177970345e-01,4.000000000000000192e-04
2.460002229166666511e+06,9.995449795069805132e-01,4.000000000000000192e-04
2.460002229861110914e+06,9.997643307165643423e-01,4.000000000000000192e-04
2.460002230555555318e+06,9.992545823596734600e-01,4.000000000000000192e-04
2.460002231249999721e+06,1.000176799128382532e+00,4.000000000000000192e-04
2.460002231944444124e+06,9.992682668664295553e-01,4.000000000000000192e-04
2.460002232638888992e+06,1.000289526381411109e+00,4.000000000000000192e-04
2.460002233333333395e+06,1.000392623282211790e+00,4.000000000000000192e-04
2.460002234027777798e+06,1.000247204047774785e+00,4.000000000000000192e-04
2.460002234722222202e+06,1.000270877999494656e+00,4.000000000000000192e-04
2.460002235416666605e+06,1.000619481750523398e+00,4.000000000000000192e-04
2.460002236111111008e+06,1.000338530257970593e+00,4.000000000000000192e-04
2.460002236805555411e+06,9.993333925302760878e-01,4.000000000000000192e-04
2.460002237499999814e+06,9.997558369705072945e-01,4.000000000000000192e-04
2.460002238194444217e+06,9.992976847519431383e-01,4.000000000000000192e-04
2.460002238888888620e+06,1.000445925928810542e+00,4.000000000000000192e-04
2.460002239583333023e+06,1.000258764895634922e+00,4.000000000000000192e-04
2.460002240277777892e+06,9.996979636704517169e-01,4.000000000000000192e-04
2.460002240972222295e+06,9.999302302915773488e-01,4.000000000000000192e-04
2.460002241666666698e+06,9.998072437860777706e-01,4.000000000000000192e-04
2.460002242361111101e+06,9.999049602878715692e-01,4.000000000000000192e-04
2.460002243055555504e+06,1.000120018146039458e+00,4.000000000000000192e-04
2.460002243749999907e+06,9.999970201227008637e-01,4.000000000000000192e-04
2.460002244444444310e+06,1.000666503778469218e+00,4.000000000000000192e-04
2.460002245138888713e+06,1.000407526644411904e+00,4.000000000000000192e-04
2.460002245833333116e+06,9.999615917966054868e-01,4.000000000000000192e-04
2.460002246527777519e+06,1.000269740781842609e+00,4.000000000000000192e-04
2.460002247222221922e+06,1.000268121793326026e+00,4.000000000000000192e-04
2.460002247916666791e+06,1.000478722674870591e+00,4.000000000000000192e-04
2.460002248611111194e+06,1.000003211158121852e+00,4.000000000000000192e-04
2.460002249305555597e+06,9.998270672167293149e-01,4.000000000000000192e-04
2.460002250000000000e+06,1.000151643746921559e+00,4.000000000000000192e-04
2.460002250694444403e+06,9.998191435108972902e-01,4.000000000000000192e-04
2.460002251388888806e+06,1.000102832209458503e+00,4.000000000000000192e-04
2.460002252083333209e+06,9.997746264528348803e-01,4.000000000000000192e-04
2.460002252777777612e+06,9.998125373051410802e-01,4.000000000000000192e-04
2.460002253472222015e+06,9.998752100395922326e-01,4.000000000000000192e-04
2.460002254166666418e+06,9.996293413806667250e-01,4.000000000000000192e-04
2.460002254861110821e+06,9.997657841876830265e-01,4.000000000000000192e-04
2.460002255555555690e+06,9.996122464573976574e-01,4.000000000000000192e-04
2.460002256250000093e+06,1.000191399759833288e+00,4.000000000000000192e-04
2.460002256944444496e+06,9.998131621734631658e-01,4.000000000000000192e-04
2.460002257638888899e+06,1.000578469543391247e+00,4.000000000000000192e-04
2.460002258333333302e+06,9.994870198419217866e-01,4.000000000000000192e-04
2.460002259027777705e+06,9.991688622634170569e-01,4.000000000000000192e-04
2.460002259722222108e+06,9.996652363716779233e-01,4.000000000000000192e-04
2.460002260416666511e+06,1.000505552044348212e+00,4.000000000000000192e-04
2.460002261111110914e+06,9.999283925902180403e-01,4.000000000000000192e-04
2.460002261805555318e+06,9.999143084561907813e-01,4.000000000000000192e-04
2.460002262499999721e+06,9.998532649082617629e-01,4.000000000000000192e-04
2.460002263194444124e+06,1.000071788144919704e+00,4.000000000000000192e-04
2.460002263888888992e+06,9.991667930021179700e-01,4.000000000000000192e-04
2.460002264583333395e+06,1.000387160575822998e+00,4.000000000000000192e-04
2.460002265277777798e+06,9.996811667041037852e-01,4.000000000000000192e-04
2.460002265972222202e+06,9.997557128545947469e-01,4.000000000000000192e-04
2.460002266666666605e+06,9.991745957935868061e-01,4.000000000000000192e-04
2.460002267361111008e+06,9.996799657556123542e-01,4.000000000000000192e-04
2.460002268055555411e+06,9.997238838456787846e-01,4.000000000000000192e-04
2.460002268749999814e+06,1.000137668445097772e+00,4.000000000000000192e-04
2.460002269444444217e+06,9.992308283365065602e-01,4.000000000000000192e-04
2.460002270138888620e+06,9.997654899711744259e-01,4.000000000000000192e-04
2.460002270833333023e+06,1.000140105845966243e+00,4.000000000000000192e-04
2.460002271527777892e+06,9.999794097646734770e-01,4.000000000000000192e-04
2.460002272222222295e+06,1.000264877002756014e+00,4.000000000000000192e-04
2.460002272916666698e+06,1.000166315291747043e+00,4.000000000000000192e-04
2.460002273611111101e+06,9.999694889886365790e-01,4.000000000000000192e-04
2.460002274305555504e+06,1.000238496791955312e+00,4.000000000000000192e-04
2.460002274999999907e+06,9.995568101010177120e-01,4.000000000000000192e-04
2.460002275694444310e+06,1.000205590487667662e+00,4.000000000000000192e-04
2.460002276388888713e+06,9.999910652712349357e-01,4.000000000000000192e-04
2.460002277083333116e+06,9.997440049451675748e-01,4.000000000000000192e-04
2.460002277777777519e+06,1.000912892924055386e+00,4.000000000000000192e-04
2.460002278472221922e+06,1.000152431321934099e+00,4.000000000000000192e-04
2.460002279166666791e+06,1.000235713967340123e+00,4.000000000000000192e-04
2.460002279861111194e+06,9.996697584544406157e-01,4.000000000000000192e-04
2.460002280555555597e+06,9.994550284760542747e-01,4.000000000000000192e-04
2.460002281250000000e+06,9.997265653822980935e-01,4.000000000000000192e-04
2.460002281944444403e+06,9.997419116416574880e-01,4.000000000000000192e-04
2.460002282638888806e+06,1.000188436846464857e+00,4.000000000000000192e-04
2.460002283333333209e+06,1.000251537320828721e+00,4.000000000000000192e-04
2.460002284027777612e+06,9.997170214383077624e-01,4.000000000000000192e-04
2.460002284722222015e+06,1.000273285714793348e+00,4.000000000000000192e-04
2.460002285416666418e+06,9.993775635946251512e-01,4.000000000000000192e-04
2.460002286111110821e+06,1.000594214524454406e+00,4.000000000000000192e-04
2.460002286805555690e+06,1.000424177889356114e+00,4.000000000000000192e-04
2.460002287500000093e+06,1.000839687244678311e+00,4.000000000000000192e-04
2.460002288194444496e+06,1.000332347485477280e+00,4.000000000000000192e-04
2.460002288888888899e+06,1.000057914642287438e+00,4.000000000000000192e-04
2.460002289583333302e+06,9.997189998643637443e-01,4.000000000000000192e-04
2.460002290277777705e+06,1.000064688112662692e+00,4.000000000000000192e-04
2.460002290972222108e+06,1.000543190637555258e+00,4.000000000000000192e-04
2.460002291666666511e+06,1.000237112573116427e+00,4.000000000000000192e-04
2.460002292361110914e+06,1.000006156667798685e+00,4.000000000000000192e-04
2.460002293055555318e+06,9.996029353634789949e-01,4.000000000000000192e-04
2.460002293749999721e+06,9.994467635008660311e-01,4.000000000000000192e-04
2.460002294444444124e+06,9.999674627027400620e-01,4.000000000000000192e-04
2.460002295138888992e+06,1.000704809477280577e+00,4.000000000000000192e-04
2.460002295833333395e+06,1.000488383516698443e+00,4.000000000000000192e-04
2.460002296527777798e+06,1.000746559069216390e+00,4.000000000000000192e-04
2.460002297222222202e+06,9.997805567675688287e-01,4.000000000000000192e-04
2.460002297916666605e+06,9.996120675787609766e-01,4.000000000000000192e-04
2.460002298611111008e+06,9.993278609485231057e-01,4.000000000000000192e-04
2.460002299305555411e+06,1.000150721674823995e+00,4.000000000000000192e-04
2.460002299999999814e+06,9.994906378377702572e-01,4.000000000000000192e-04
2.460002300694444217e+06,9.996859810761355991e-01,4.000000000000000192e-04
2.460002301388888620e+06,9.995801772702876953e-01,4.000000000000000192e-04
2.460002302083333023e+06,1.000634177595743690e+00,4.000000000000000192e-04
2.460002302777777892e+06,9.999102629182007318e-01,4.000000000000000192e-04
2.460002303472222295e+06,1.000181229701882835e+00,4.000000000000000192e-04
2.460002304166666698e+06,9.995633787372143475e-01,4.000000000000000192e-04
2.460002304861111101e+06,9.995338359548946450e-01,4.000000000000000192e-04
2.460002305555555504e+06,1.000778248413987548e+00,4.000000000000000192e-04
2.460002306249999907e+06,1.000233132465313979e+00,4.000000000000000192e-04
2.460002306944444310e+06,9.998740411049342747e-01,4.000000000000000192e-04
2.460002307638888713e+06,1.000408114480302091e+00,4.000000000000000192e-04
2.460002308333333116e+06,1.000012798396884950e+00,4.000000000000000192e-04
2.460002309027777519e+06,1.000053489632363402e+00,4.000000000000000192e-04
2.460002309722221922e+06,9.997592762698513935e-01,4.000000000000000192e-04
2.460002310416666791e+06,9.997475339392691840e-01,4.000000000000000192e-04
2.460002311111111194e+06,9.999683710937662395e-01,4.000000000000000192e-04
2.460002311805555597e+06,9.995610514450242734e-01,4.000000000000000192e-04
2.460002312500000000e+06,1.000395477688964085e+00,4.000000000000000192e-04
2.460002313194444403e+06,9.998975924575062013e-01,4.000000000000000192e-04
2.460002313888888806e+06,9.996523610083641875e-01,4.000000000000000192e-04
2.460002314583333209e+06,1.000465348663986731e+00,4.000000000000000192e-04
2.460002315277777612e+06,9.995541454580133545e-01,4.000000000000000192e-04
2.460002315972222015e+06,9.998914942749038692e-01,4.000000000000000192e-04
2.460002316666666418e+06,9.996027956491106981e-01,4.000000000000000192e-04
2.460002317361110821e+06,1.000001477963662344e+00,4.000000000000000192e-04
2.460002318055555690e+06,9.998699688175851641e-01,4.000000000000000192e-04
2.460002318750000093e+06,9.996500177828142597e-01,4.000000000000000192e-04
2.460002319444444496e+06,1.000063231103918371e+00,4.000000000000000192e-04
2.460002320138888899e+06,9.998950845736880311e-01,4.000000000000000192e-04
2.460002320833333302e+06,1.000018454816217650e+00,4.000000000000000192e-04
2.460002321527777705e+06,1.000157914773912582e+00,4.000000000000000192e-04
2.460002322222222108e+06,9.998288170092606286e-01,4.000000000000000192e-04
2.460002322916666511e+06,9.999676847849351402e-01,4.000000000000000192e-04
2.460002323611110914e+06,9.998490165473818969e-01,4.000000000000000192e-04
2.460002324305555318e+06,9.996905022797945017e-01,4.000000000000000192e-04
2.460002324999999721e+06,1.000588026357064120e+00,4.000000000000000192e-04
2.460002325694444124e+06,9.999767115755553437e-01,4.000000000000000192e-04
2.460002326388888992e+06,9.996784330869551427e-01,4.000000000000000192e-04
2.460002327083333395e+06,9.993916130998291569e-01,4.000000000000000192e-04
2.460002327777777798e+06,1.000013857393477812e+00,4.000000000000000192e-04
2.460002328472222202e+06,1.000252709034654242e+00,4.000000000000000192e-04
2.460002329166666605e+06,1.000192366577501435e+00,4.000000000000000192e-04
2.460002329861111008e+06,9.998237928744594383e-01,4.000000000000000192e-04
2.460002330555555411e+06,9.994969776612684376e-01,4.000000000000000192e-04
2.460002331249999814e+06,9.996370121983596535e-01,4.000000000000000192e-04
2.460002331944444217e+06,9.992633695949576511e-01,4.000000000000000192e-04
2.460002332638888620e+06,1.000612271173724865e+00,4.000000000000000192e-04
2.460002333333333023e+06,9.996378431132970643e-01,4.000000000000000192e-04
2.460002334027777892e+06,9.999506617372598827e-01,4.000000000000000192e-04
2.460002334722222295e+06,9.995876296220199686e-01,4.000000000000000192e-04
2.460002335416666698e+06,1.000344100371817202e+00,4.000000000000000192e-04
2.460002336111111101e+06,9.997884003947046239e-01,4.000000000000000192e-04
2.460002336805555504e+06,9.998723007313751188e-01,4.000000000000000192e-04
2.460002337499999907e+06,9.994583435896995383e-01,4.000000000000000192e-04
2.460002338194444310e+06,9.999744052375247882e-01,4.000000000000000192e-04
2.460002338888888713e+06,1.000476400896677998e+00,4.000000000000000192e-04
2.460002339583333116e+06,1.000125669117930771e+00,4.000000000000000192e-04
2.460002340277777519e+06,1.000704197282501262e+00,4.000000000000000192e-04
2.460002340972221922e+06,9.998614067866674615e-01,4.000000000000000192e-04
2.460002341666666791e+06,9.994994949980001708e-01,4.000000000000000192e-04
2.460002342361111194e+06,9.998589200892811224e-01,4.000000000000000192e-04
2.460002343055555597e+06,1.000369165774351865e+00,4.000000000000000192e-04
2.460002343750000000e+06,1.000157500013752365e+00,4.000000000000000192e-04
2.460002344444444403e+06,1.000280829034684960e+00,4.000000000000000192e-04
2.460002345138888806e+06,9.998738243188185493e-01,4.000000000000000192e-04
2.460002345833333209e+06,1.000899530393842385e+00,4.000000000000000192e-04
2.460002346527777612e+06,9.996153316062306171e-01,4.000000000000000192e-04
2.460002347222222015e+06,9.994875638672149343e-01,4.000000000000000192e-04
2.460002347916666418e+06,1.000316021904954722e+00,4.000000000000000192e-04
2.460002348611110821e+06,1.000169615734057382e+00,4.000000000000000192e-04
2.460002349305555690e+06,9.995930254928347969e-01,4.000000000000000192e-04
2.460002350000000093e+06,1.000454557637830533e+00,4.000000000000000192e-04
2.460002350694444496e+06,9.996983467120210687e-01,4.000000000000000192e-04
2.460002351388888899e+06,9.998649509743107178e-01,4.000000000000000192e-04
2.460002352083333302e+06,9.993080927138267011e-01,4.000000000000000192e-04
2.460002352777777705e+06,1.000556291067840275e+00,4.000000000000000192e-04
2.460002353472222108e+06,9.996964237344898585e-01,4.000000000000000192e-04
2.460002354166666511e+06,1.000107666215234614e+00,4.000000000000000192e-04
2.460002354861110914e+06,9.998297788735123204e-01,4.000000000000000192e-04
2.460002355555555318e+06,9.997006782859394480e-01,4.000000000000000192e-04
2.460002356249999721e+06,9.990752422519204590e-01,4.000000000000000192e-04
2.460002356944444124e+06,1.000050555258495510e+00,4.000000000000000192e-04
2.460002357638888992e+06,9.993060238858941791e-01,4.000000000000000192e-04
2.460002358333333395e+06,1.000552209165765039e+00,4.000000000000000192e-04
2.460002359027777798e+06,1.000329602420193531e+00,4.000000000000000192e-04
2.460002359722222202e+06,1.000379181143716822e+00,4.000000000000000192e-04
2.460002360416666605e+06,1.000432934635674176e+00,4.000000000000000192e-04
2.460002361111111008e+06,1.000380593888633429e+00,4.000000000000000192e-04
2.460002361805555411e+06,9.998765283428310280e-01,4.000000000000000192e-04
2.460002362499999814e+06,1.000207285263464918e+00,4.000000000000000192e-04
2.460002363194444217e+06,1.000533118465128046e+00,4.000000000000000192e-04
2.460002363888888620e+06,1.000392160817130893e+00,4.000000000000000192e-04
2.460002364583333023e+06,9.995131803833832151e-01,4.000000000000000192e-04
2.460002365277777892e+06,9.996777728184798040e-01,4.000000000000000192e-04
2.460002365972222295e+06,9.997513559291598684e-01,4.000000000000000192e-04
2.460002366666666698e+06,1.000608190522915830e+00,4.000000000000000192e-04
2.460002367361111101e+06,1.000161596987283241e+00,4.000000000000000192e-04
2.460002368055555504e+06,9.995171010154421110e-01,4.000000000000000192e-04
2.460002368749999907e+06,9.994420235323302482e-01,4.000000000000000192e-04
2.460002369444444310e+06,1.000301856600334993e+00,4.000000000000000192e-04
2.460002370138888713e+06,1.000604965075208463e+00,4.000000000000000192e-04
2.460002370833333116e+06,1.000040968703006072e+00,4.000000000000000192e-04
2.460002371527777519e+06,1.000106342479665233e+00,4.000000000000000192e-04
2.460002372222221922e+06,1.000324224390843231e+00,4.000000000000000192e-04
2.460002372916666791e+06,9.992825807335166122e-01,4.000000000000000192e-04
2.460002373611111194e+06,1.000017293301344479e+00,4.000000000000000192e-04
2.460002374305555597e+06,1.000194722777221434e+00,4.000000000000000192e-04
2.460002375000000000e+06,1.000564663184713377e+00,4.000000000000000192e-04
2.460002375694444403e+06,1.001114560728505465e+00,4.000000000000000192e-04
2.460002376388888806e+06,9.998774548657495265e-01,4.000000000000000192e-04
2.460002377083333209e+06,1.000307144573472362e+00,4.000000000000000192e-04
2.460002377777777612e+06,9.991765549296353077e-01,4.000000000000000192e-04
2.460002378472222015e+06,9.998743461738770488e-01,4.000000000000000192e-04
2.460002379166666418e+06,9.990725113021799997e-01,4.000000000000000192e-04
2.460002379861110821e+06,1.000217109176204655e+00,4.000000000000000192e-04
2.460002380555555690e+06,9.996415559850890808e-01,4.000000000000000192e-04
2.460002381250000093e+06,1.000034006273662124e+00,4.000000000000000192e-04
2.460002381944444496e+06,9.992291656616131279e-01,4.000000000000000192e-04
2.460002382638888899e+06,1.000564813933097152e+00,4.000000000000000192e-04
2.460002383333333302e+06,9.996799781592554668e-01,4.000000000000000192e-04
2.460002384027777705e+06,1.000209740622222565e+00,4.000000000000000192e-04
2.460002384722222108e+06,1.000710921706111423e+00,4.000000000000000192e-04
2.460002385416666511e+06,1.000015853747163286e+00,4.000000000000000192e-04
2.460002386111110914e+06,1.000639827479641752e+00,4.000000000000000192e-04
2.460002386805555318e+06,1.000518506308293976e+00,4.000000000000000192e-04
2.460002387499999721e+06,9.996152375361251341e-01,4.000000000000000192e-04
2.460002388194444124e+06,9.994679658942734468e-01,4.000000000000000192e-04
2.460002388888888992e+06,9.998596418429526178e-01,4.000000000000000192e-04
2.460002389583333395e+06,9.997293085903617982e-01,4.000000000000000192e-04
2.460002390277777798e+06,1.000004664524739795e+00,4.000000000000000192e-04
2.460002390972222202e+06,9.992833198980551890e-01,4.000000000000000192e-04
2.460002391666666605e+06,1.000527128847757963e+00,4.000000000000000192e-04
2.460002392361111008e+06,9.996902744880008518e-01,4.000000000000000192e-04
2.460002393055555411e+06,1.000659772561645067e+00,4.000000000000000192e-04
2.460002393749999814e+06,1.000041943996412552e+00,4.000000000000000192e-04
2.460002394444444217e+06,1.000065405034461952e+00,4.000000000000000192e-04
2.460002395138888620e+06,1.000156345198604857e+00,4.000000000000000192e-04
2.460002395833333023e+06,1.000552033213572001e+00,4.000000000000000192e-04
2.460002396527777892e+06,1.000281475910467899e+00,4.000000000000000192e-04
2.460002397222222295e+06,1.000398624170345085e+00,4.000000000000000192e-04
2.460002397916666698e+06,1.000263271690646993e+00,4.000000000000000192e-04
2.460002398611111101e+06,1.000546154498936247e+00,4.000000000000000192e-04
2.460002399305555504e+06,9.997519423547110984e-01,4.000000000000000192e-04
2.460002399999999907e+06,9.999407568854481454e-01,4.000000000000000192e-04
2.460002400694444310e+06,1.000449809535097323e+00,4.000000000000000192e-04
2.460002401388888713e+06,9.993585715787545176e-01,4.000000000000000192e-04
2.460002402083333116e+06,9.992334355472664020e-01,4.000000000000000192e-04
2.460002402777777519e+06,1.000215622677908200e+00,4.000000000000000192e-04
2.460002403472221922e+06,9.996438237697475859e-01,4.000000000000000192e-04
2.460002404166666791e+06,9.998738641494211432e-01,4.000000000000000192e-04
2.460002404861111194e+06,1.000550024962443274e+00,4.000000000000000192e-04
2.460002405555555597e+06,9.999647654699034272e-01,4.000000000000000192e-04
2.460002406250000000e+06,9.995726897443496517e-01,4.000000000000000192e-04
2.460002406944444403e+06,9.997772451565111185e-01,4.000000000000000192e-04
2.460002407638888806e+06,1.000594169343326678e+00,4.000000000000000192e-04
2.460002408333333209e+06,9.995257705356648259e-01,4.000000000000000192e-04
2.460002409027777612e+06,1.000243281237399140e+00,4.000000000000000192e-04
2.460002409722222015e+06,1.000281123687108087e+00,4.000000000000000192e-04
2.460002410416666418e+06,9.995048695220191126e-01,4.000000000000000192e-04
2.460002411111110821e+06,1.000284304390623102e+00,4.000000000000000192e-04
2.460002411805555690e+06,1.000094703480973957e+00,4.000000000000000192e-04
2.460002412500000093e+06,9.998141705716568906e-01,4.000000000000000192e-04
2.460002413194444496e+06,9.995519278904753113e-01,4.000000000000000192e-04
2.460002413888888899e+06,1.000504732317352152e+00,4.000000000000000192e-04
2.460002414583333302e+06,1.000168038475875543e+00,4.000000000000000192e-04
2.460002415277777705e+06,9.997127609604856691e-01,4.000000000000000192e-04
2.460002415972222108e+06,9.993593667775081402e-01,4.000000000000000192e-04
2.460002416666666511e+06,9.999432855143066678e-01,4.000000000000000192e-04
2.460002417361110914e+06,1.000040990625409298e+00,4.000000000000000192e-04
2.460002418055555318e+06,1.000445323177405088e+00,4.000000000000000192e-04
2.460002418749999721e+06,1.000051043648288118e+00,4.000000000000000192e-04
2.460002419444444124e+06,9.999740507796890387e-01,4.000000000000000192e-04
2.460002420138888992e+06,9.998621831743376154e-01,4.000000000000000192e-04
2.460002420833333395e+06,1.000528065890782692e+00,4.000000000000000192e-04
2.460002421527777798e+06,1.000319207272446054e+00,4.000000000000000192e-04
2.460002422222222202e+06,9.995919267028919863e-01,4.000000000000000192e-04
2.460002422916666605e+06,9.998443186119273518e-01,4.000000000000000192e-04
2.460002423611111008e+06,1.000092870685181934e+00,4.000000000000000192e-04
2.460002424305555411e+06,9.995650931184367760e-01,4.000000000000000192e-04
2.460002424999999814e+06,1.000243187015158020e+00,4.000000000000000192e-04
2.460002425694444217e+06,9.999699450612570262e-01,4.000000000000000192e-04
2.460002426388888620e+06,9.996064559805716287e-01,4.000000000000000192e-04
2.460002427083333023e+06,1.000195209220863912e+00,4.000000000000000192e-04
2.460002427777777892e+06,9.991914010730630347e-01,4.000000000000000192e-04
2.460002428472222295e+06,1.000034244468527067e+00,4.000000000000000192e-04
2.460002429166666698e+06,1.000025490402149497e+00,4.000000000000000192e-04
2.460002429861111101e+06,1.000216023938418797e+00,4.000000000000000192e-04
2.460002430555555504e+06,1.000142369768740380e+00,4.000000000000000192e-04
2.460002431249999907e+06,9.999096473150358433e-01,4.000000000000000192e-04
2.460002431944444310e+06,1.000121010504102070e+00,4.000000000000000192e-04
2.460002432638888713e+06,9.994143114697063845e-01,4.000000000000000192e-04
2.460002433333333116e+06,9.999290641127334123e-01,4.000000000000000192e-04
2.460002434027777519e+06,9.994713770098426764e-01,4.000000000000000192e-04
2.460002434722221922e+06,1.000759565492780112e+00,4.000000000000000192e-04
2.460002435416666791e+06,1.000315485357763823e+00,4.000000000000000192e-04
2.460002436111111194e+06,1.000301331124297199e+00,4.000000000000000192e-04
2.460002436805555597e+06,1.000323434430111735e+00,4.000000000000000192e-04
2.460002437500000000e+06,9.996484758035713014e-01,4.000000000000000192e-04
2.460002438194444403e+06,1.000263531754602475e+00,4.000000000000000192e-04
2.460002438888888806e+06,1.000507506594025431e+00,4.000000000000000192e-04
2.460002439583333209e+06,9.998150253881959992e-01,4.000000000000000192e-04
2.460002440277777612e+06,1.000286283368850615e+00,4.000000000000000192e-04
2.460002440972222015e+06,1.000041978345148852e+00,4.000000000000000192e-04
2.460002441666666418e+06,1.000168281155938699e+00,4.000000000000000192e-04
2.460002442361110821e+06,1.000510849709618677e+00,4.000000000000000192e-04
2.460002443055555690e+06,1.000371322980432964e+00,4.000000000000000192e-04
2.460002443750000093e+06,9.997588713102606439e-01,4.000000000000000192e-04
2.460002444444444496e+06,9.997218624397850029e-01,4.000000000000000192e-04
2.460002445138888899e+06,1.000100994382653319e+00,4.000000000000000192e-04
2.460002445833333302e+06,1.000090737534458540e+00,4.000000000000000192e-04
2.460002446527777705e+06,1.000124273691913146e+00,4.000000000000000192e-04
2.460002447222222108e+06,9.999550267048460395e-01,4.000000000000000192e-04
2.460002447916666511e+06,1.000168352171653341e+00,4.000000000000000192e-04
2.460002448611110914e+06,1.000231236773836629e+00,4.000000000000000192e-04
2.460002449305555318e+06,9.994299150416403599e-01,4.000000000000000192e-04
2.460002449999999721e+06,1.000532249795888395e+00,4.000000000000000192e-04
2.460002450694444124e+06,1.000491328387938639e+00,4.000000000000000192e-04
2.460002451388888992e+06,9.996461121516625470e-01,4.000000000000000192e-04
2.460002452083333395e+06,9.996121074432098297e-01,4.000000000000000192e-04
2.460002452777777798e+06,9.997576179326087553e-01,4.000000000000000192e-04
2.460002453472222202e+06,1.000657826445389365e+00,4.000000000000000192e-04
2.460002454166666605e+06,1.000542589779768399e+00,4.000000000000000192e-04
2.460002454861111008e+06,9.990979145355555202e-01,4.000000000000000192e-04
2.460002455555555411e+06,1.000255576934043544e+00,4.000000000000000192e-04
2.460002456249999814e+06,1.000396508860836642e+00,4.000000000000000192e-04
2.460002456944444217e+06,9.996687848717434877e-01,4.000000000000000192e-04
2.460002457638888620e+06,1.000323771240114512e+00,4.000000000000000192e-04
2.460002458333333023e+06,1.000530470543420591e+00,4.000000000000000192e-04
2.460002459027777892e+06,1.000126329230072608e+00,4.000000000000000192e-04
2.460002459722222295e+06,9.998535680627016475e-01,4.000000000000000192e-04
2.460002460416666698e+06,1.000159545794538918e+00,4.000000000000000192e-04
2.460002461111111101e+06,1.001081693229161962e+00,4.000000000000000192e-04
2.460002461805555504e+06,1.000807292598336007e+00,4.000000000000000192e-04
2.460002462499999907e+06,1.000359019101883851e+00,4.000000000000000192e-04
2.460002463194444310e+06,1.000026334848822973e+00,4.000000000000000192e-04
2.460002463888888713e+06,1.000178651951808551e+00,4.000000000000000192e-04
2.460002464583333116e+06,1.000223857665173410e+00,4.000000000000000192e-04
2.460002465277777519e+06,1.000048571938092934e+00,4.000000000000000192e-04
2.460002465972221922e+06,9.997514898391579585e-01,4.000000000000000192e-04
2.460002466666666791e+06,9.999413403380802423e-01,4.000000000000000192e-04
2.460002467361111194e+06,1.000289467358508100e+00,4.000000000000000192e-04
2.460002468055555597e+06,1.000445022892177738e+00,4.000000000000000192e-04
2.460002468750000000e+06,9.996152080697081610e-01,4.000000000000000192e-04
2.460002469444444403e+06,9.998523205408853531e-01,4.000000000000000192e-04
2.460002470138888806e+06,1.000285103106185902e+00,4.000000000000000192e-04
2.460002470833333209e+06,1.000951049173037566e+00,4.000000000000000192e-04
2.460002471527777612e+06,9.998024163488676841e-01,4.000000000000000192e-04
2.460002472222222015e+06,9.999818435183955856e-01,4.000000000000000192e-04
2.460002472916666418e+06,9.998566745010520895e-01,4.000000000000000192e-04
2.460002473611110821e+06,9.999296293160705451e-01,4.000000000000000192e-04
2.460002474305555690e+06,1.000232069367180232e+00,4.000000000000000192e-04
2.460002475000000093e+06,1.000296207664785664e+00,4.000000000000000192e-04
2.460002475694444496e+06,1.000464746975056496e+00,4.000000000000000192e-04
2.460002476388888899e+06,9.998061907782180846e-01,4.000000000000000192e-04
2.460002477083333302e+06,9.998895580334863364e-01,4.000000000000000192e-04
2.460002477777777705e+06,1.000663851085580092e+00,4.000000000000000192e-04
2.460002478472222108e+06,1.000856820511152101e+00,4.000000000000000192e-04
2.460002479166666511e+06,1.000383070924700579e+00,4.000000000000000192e-04
2.460002479861110914e+06,9.997065760673053969e-01,4.000000000000000192e-04
2.460002480555555318e+06,9.997554214938974004e-01,4.000000000000000192e-04
2.460002481249999721e+06,9.989504733533534075e-01,4.000000000000000192e-04
2.460002481944444124e+06,1.000057037782584812e+00,4.000000000000000192e-04
2.460002482638888992e+06,9.997293248282862477e-01,4.000000000000000192e-04
2.460002483333333395e+06,1.000000154019330401e+00,4.000000000000000192e-04
2.460002484027777798e+06,1.000095017325725255e+00,4.000000000000000192e-04
2.460002484722222202e+06,1.000314640598253479e+00,4.000000000000000192e-04
2.460002485416666605e+06,9.996852219962578667e-01,4.000000000000000192e-04
2.460002486111111008e+06,9.991130027578905004e-01,4.000000000000000192e-04
2.460002486805555411e+06,1.000407760314388828e+00,4.000000000000000192e-04
2.460002487499999814e+06,1.000051473989336692e+00,4.000000000000000192e-04
2.460002488194444217e+06,9.996528577965716478e-01,4.000000000000000192e-04
2.460002488888888620e+06,9.999691215738307770e-01,4.000000000000000192e-04
2.460002489583333023e+06,1.000485931669978124e+00,4.000000000000000192e-04
2.460002490277777892e+06,9.999294621215881751e-01,4.000000000000000192e-04
2.460002490972222295e+06,9.997821080755112666e-01,4.000000000000000192e-04
2.460002491666666698e+06,9.998554990611345783e-01,4.000000000000000192e-04
2.460002492361111101e+06,9.997867834653175745e-01,4.000000000000000192e-04
2.460002493055555504e+06,9.997152525156561831e-01,4.000000000000000192e-04
2.460002493749999907e+06,9.997052053459651866e-01,4.000000000000000192e-04
2.460002494444444310e+06,9.998902477651092635e-01,4.000000000000000192e-04
2.460002495138888713e+06,1.000252012100974586e+00,4.000000000000000192e-04
2.460002495833333116e+06,1.000208687345429892e+00,4.000000000000000192e-04
2.460002496527777519e+06,1.000036856879851221e+00,4.000000000000000192e-04
2.460002497222221922e+06,1.000013860283577749e+00,4.000000000000000192e-04
2.460002497916666791e+06,9.996348127574582465e-01,4.000000000000000192e-04
2.460002498611111194e+06,9.998294295100731421e-01,4.000000000000000192e-04
2.460002499305555597e+06,1.000088123882427071e+00,4.000000000000000192e-04
2.460002500000000000e+06,9.996725979130919315e-01,4.000000000000000192e-04
2.460002500694444403e+06,1.000000748050308585e+00,4.000000000000000192e-04
2.460002501388888806e+06,1.000335986994089765e+00,4.000000000000000192e-04
2.460002502083333209e+06,9.997224322442340716e-01,4.000000000000000192e-04
2.460002502777777612e+06,1.000305146174457649e+00,4.000000000000000192e-04
2.460002503472222015e+06,1.000541696042570150e+00,4.000000000000000192e-04
2.460002504166666418e+06,1.000193592321938052e+00,4.000000000000000192e-04
2.460002504861110821e+06,1.000060349799675175e+00,4.000000000000000192e-04
2.460002505555555690e+06,9.998044208699711222e-01,4.000000000000000192e-04
2.460002506250000093e+06,9.999888409230628383e-01,4.000000000000000192e-04
2.460002506944444496e+06,1.000045796634434270e+00,4.000000000000000192e-04
2.460002507638888899e+06,9.996786314652224004e-01,4.000000000000000192e-04
2.460002508333333302e+06,9.995879618657946830e-01,4.000000000000000192e-04
2.460002509027777705e+06,9.995515818028266608e-01,4.000000000000000192e-04
2.460002509722222108e+06,1.000363596405535072e+00,4.000000000000000192e-04
2.460002510416666511e+06,9.993291034059131883e-01,4.000000000000000192e-04
2.460002511111110914e+06,1.000318809497294570e+00,4.000000000000000192e-04
2.460002511805555318e+06,9.999998095324773573e-01,4.000000000000000192e-04
2.460002512499999721e+06,1.000299181129827852e+00,4.000000000000000192e-04
2.460002513194444124e+06,1.000170918584277091e+00,4.000000000000000192e-04
2.460002513888888992e+06,9.995316152917091967e-01,4.000000000000000192e-04
2.460002514583333395e+06,1.000118156867448205e+00,4.000000000000000192e-04
2.460002515277777798e+06,9.996873778838274438e-01,4.000000000000000192e-04
2.460002515972222202e+06,1.000134565608437498e+00,4.000000000000000192e-04
2.460002516666666605e+06,1.000589711875132348e+00,4.000000000000000192e-04
2.460002517361111008e+06,1.000958434307144040e+00,4.000000000000000192e-04
2.460002518055555411e+06,9.996476919624153190e-01,4.000000000000000192e-04
2.460002518749999814e+06,9.995313274305704931e-01,4.000000000000000192e-04
2.460002519444444217e+06,9.996707781159233086e-01,4.000000000000000192e-04
2.460002520138888620e+06,1.000569052084592681e+00,4.000000000000000192e-04
2.460002520833333023e+06,9.999391119189755539e-01,4.000000000000000192e-04
2.460002521527777892e+06,1.000147149902992361e+00,4.000000000000000192e-04
2.460002522222222295e+06,1.000074261765812711e+00,4.000000000000000192e-04
2.460002522916666698e+06,1.000361034397695192e+00,4.000000000000000192e-04
2.460002523611111101e+06,1.000026289432869753e+00,4.000000000000000192e-04
2.460002524305555504e+06,1.000200737806997919e+00,4.000000000000000192e-04
2.460002524999999907e+06,1.000541647041907956e+00,4.000000000000000192e-04
2.460002525694444310e+06,9.997067414946687602e-01,4.000000000000000192e-04
2.460002526388888713e+06,9.999012831002291879e-01,4.000000000000000192e-04
2.460002527083333116e+06,1.000870640042724524e+00,4.000000000000000192e-04
2.460002527777777519e+06,1.000217866447401960e+00,4.000000000000000192e-04
2.460002528472221922e+06,9.998544025463601548e-01,4.000000000000000192e-04
2.460002529166666791e+06,9.993726501359256886e-01,4.000000000000000192e-04
2.460002529861111194e+06,9.998078196285475894e-01,4.000000000000000192e-04
2.460002530555555597e+06,9.992831751922187644e-01,4.000000000000000192e-04
2.460002531250000000e+06,1.000358522640427017e+00,4.000000000000000192e-04
2.460002531944444403e+06,1.000566072488909386e+00,4.000000000000000192e-04
2.460002532638888806e+06,9.999998972931736230e-01,4.000000000000000192e-04
2.460002533333333209e+06,9.999129970842307591e-01,4.000000000000000192e-04
2.460002534027777612e+06,1.000058272338965937e+00,4.000000000000000192e-04
2.460002534722222015e+06,1.000222245177521563e+00,4.000000000000000192e-04
2.460002535416666418e+06,9.999391176739029774e-01,4.000000000000000192e-04
2.460002536111110821e+06,9.997052840904828708e-01,4.000000000000000192e-04
2.460002536805555690e+06,1.000782977634459003e+00,4.000000000000000192e-04
2.460002537500000093e+06,9.994018881451977032e-01,4.000000000000000192e-04
2.460002538194444496e+06,9.997242219541939701e-01,4.000000000000000192e-04
2.460002538888888899e+06,9.998512194063001735e-01,4.000000000000000192e-04
2.460002539583333302e+06,9.993724980484642861e-01,4.000000000000000192e-04
2.460002540277777705e+06,1.000365213527330877e+00,4.000000000000000192e-04
2.460002540972222108e+06,1.000395486319421323e+00,4.000000000000000192e-04
2.460002541666666511e+06,9.993132413609272513e-01,4.000000000000000192e-04
2.460002542361110914e+06,9.996955875919903978e-01,4.000000000000000192e-04
2.460002543055555318e+06,9.999868998633727468e-01,4.000000000000000192e-04
2.460002543749999721e+06,9.998452511882660598e-01,4.000000000000000192e-04
2.460002544444444124e+06,9.996533785827104168e-01,4.000000000000000192e-04
2.460002545138888992e+06,1.000391090429139096e+00,4.000000000000000192e-04
2.460002545833333395e+06,9.999959135248474018e-01,4.000000000000000192e-04
2.460002546527777798e+06,1.000077275516479514e+00,4.000000000000000192e-04
2.460002547222222202e+06,9.998847186503042606e-01,4.000000000000000192e-04
2.460002547916666605e+06,9.998304387640813973e-01,4.000000000000000192e-04
2.460002548611111008e+06,1.000057937690892240e+00,4.000000000000000192e-04
2.460002549305555411e+06,1.000096106131807883e+00,4.000000000000000192e-04
2.460002549999999814e+06,1.000157245276073192e+00,4.000000000000000192e-04
2.460002550694444217e+06,1.000719481470473404e+00,4.000000000000000192e-04
2.460002551388888620e+06,1.000439954831477296e+00,4.000000000000000192e-04
2.460002552083333023e+06,1.000365558929252829e+00,4.000000000000000192e-04
2.460002552777777892e+06,1.000172296796153049e+00,4.000000000000000192e-04
2.460002553472222295e+06,1.000217045239793823e+00,4.000000000000000192e-04
2.460002554166666698e+06,9.998178242563853235e-01,4.000000000000000192e-04
2.460002554861111101e+06,9.992287424068903023e-01,4.000000000000000192e-04
2.460002555555555504e+06,1.000306828033122430e+00,4.000000000000000192e-04
2.460002556249999907e+06,9.998679896991762295e-01,4.000000000000000192e-04
2.460002556944444310e+06,9.992750759272800432e-01,4.000000000000000192e-04
2.460002557638888713e+06,1.000061526035238124e+00,4.000000000000000192e-04
2.460002558333333116e+06,9.995676223600419297e-01,4.000000000000000192e-04
2.460002559027777519e+06,9.997589534462503202e-01,4.000000000000000192e-04
2.460002559722221922e+06,1.000179355464463349e+00,4.000000000000000192e-04
2.460002560416666791e+06,9.995926337274675388e-01,4.000000000000000192e-04
2.460002561111111194e+06,9.994344501502477884e-01,4.000000000000000192e-04
2.460002561805555597e+06,1.000365646327878055e+00,4.000000000000000192e-04
2.460002562500000000e+06,9.994180208873879590e-01,4.000000000000000192e-04
2.460002563194444403e+06,9.995357273965526090e-01,4.000000000000000192e-04
2.460002563888888806e+06,9.996962623798006931e-01,4.000000000000000192e-04
2.460002564583333209e+06,1.000179336692504029e+00,4.000000000000000192e-04
2.460002565277777612e+06,1.000493778038494597e+00,4.000000000000000192e-04
2.460002565972222015e+06,9.997080055417065791e-01,4.000000000000000192e-04
2.460002566666666418e+06,1.000345967826711258e+00,4.000000000000000192e-04
2.460002567361110821e+06,1.000323335955318749e+00,4.000000000000000192e-04
2.460002568055555690e+06,1.000281371235934857e+00,4.000000000000000192e-04
2.460002568750000093e+06,9.997562139136424442e-01,4.000000000000000192e-04
2.460002569444444496e+06,1.000423873461458113e+00,4.000000000000000192e-04
2.460002570138888899e+06,9.996313755688999159e-01,4.000000000000000192e-04
2.460002570833333302e+06,9.997184448112952371e-01,4.000000000000000192e-04
2.460002571527777705e+06,9.999532761280557347e-01,4.000000000000000192e-04
2.460002572222222108e+06,1.000047383316329919e+00,4.000000000000000192e-04
2.460002572916666511e+06,9.997212484880750871e-01,4.000000000000000192e-04
2.460002573611110914e+06,9.997116048134534472e-01,4.000000000000000192e-04
2.460002574305555318e+06,1.000238240526154065e+00,4.000000000000000192e-04
2.460002574999999721e+06,9.999644702973874422e-01,4.000000000000000192e-04
2.460002575694444124e+06,1.000705243542594935e+00,4.000000000000000192e-04
2.460002576388888992e+06,1.000383685774062226e+00,4.000000000000000192e-04
2.460002577083333395e+06,9.997575090673175291e-01,4.000000000000000192e-04
2.460002577777777798e+06,9.997271582240254695e-01,4.000000000000000192e-04
2.460002578472222202e+06,9.990936072103738796e-01,4.000000000000000192e-04
2.460002579166666605e+06,1.000620469018965064e+00,4.000000000000000192e-04
2.460002579861111008e+06,9.994340302058098979e-01,4.000000000000000192e-04
2.460002580555555411e+06,1.000041366564533574e+00,4.000000000000000192e-04
2.460002581249999814e+06,1.000688054444209163e+00,4.000000000000000192e-04
2.460002581944444217e+06,9.999792782920550183e-01,4.000000000000000192e-04
2.460002582638888620e+06,9.997328224443189360e-01,4.000000000000000192e-04
2.460002583333333023e+06,1.000295608872668662e+00,4.000000000000000192e-04
2.460002584027777892e+06,9.994018734566908480e-01,4.000000000000000192e-04
2.460002584722222295e+06,1.000040853380973038e+00,4.000000000000000192e-04
2.460002585416666698e+06,9.995545552454047078e-01,4.000000000000000192e-04
2.460002586111111101e+06,9.997913481533911018e-01,4.000000000000000192e-04
2.460002586805555504e+06,9.998195962199991627e-01,4.000000000000000192e-04
2.460002587499999907e+06,1.000312797510546803e+00,4.000000000000000192e-04
2.460002588194444310e+06,9.995927628679255328e-01,4.000000000000000192e-04
2.460002588888888713e+06,9.998831016748543910e-01,4.000000000000000192e-04
2.460002589583333116e+06,9.995449911530436271e-01,4.000000000000000192e-04
2.460002590277777519e+06,1.000802666894067494e+00,4.000000000000000192e-04
2.460002590972221922e+06,1.000091846190673817e+00,4.000000000000000192e-04
2.460002591666666791e+06,1.000195631321343592e+00,4.000000000000000192e-04
2.460002592361111194e+06,9.999949229869640188e-01,4.000000000000000192e-04
2.460002593055555597e+06,1.000233319616792294e+00,4.000000000000000192e-04
2.460002593750000000e+06,1.000347728305152728e+00,4.000000000000000192e-04
2.460002594444444403e+06,9.998692150917257715e-01,4.000000000000000192e-04
2.460002595138888806e+06,9.999615327511440777e-01,4.000000000000000192e-04
2.460002595833333209e+06,1.000675992831135508e+00,4.000000000000000192e-04
2.460002596527777612e+06,1.000360617014262488e+00,4.000000000000000192e-04
2.460002597222222015e+06,1.000486206506724374e+00,4.000000000000000192e-04
2.460002597916666418e+06,9.998919766740649306e-01,4.000000000000000192e-04
2.460002598611110821e+06,1.000369575182169291e+00,4.000000000000000192e-04
2.460002599305555690e+06,1.000255770721073079e+00,4.000000000000000192e-04
2.460002600000000093e+06,1.000010930660056641e+00,4.000000000000000192e-04
2.460002600694444496e+06,9.999470881910423881e-01,4.000000000000000192e-04
2.460002601388888899e+06,1.000281101440261500e+00,4.000000000000000192e-04
2.460002602083333302e+06,9.993499844632353080e-01,4.000000000000000192e-04
2.460002602777777705e+06,1.000524707831054183e+00,4.000000000000000192e-04
2.460002603472222108e+06,1.000168244941834983e+00,4.000000000000000192e-04
2.460002604166666511e+06,9.990100353109667708e-01,4.000000000000000192e-04
2.460002604861110914e+06,9.994315416950657616e-01,4.000000000000000192e-04
2.460002605555555318e+06,9.996734994858564871e-01,4.000000000000000192e-04
2.460002606249999721e+06,1.000463067772011660e+00,4.000000000000000192e-04
2.460002606944444124e+06,1.000196332098651553e+00,4.000000000000000192e-04
2.460002607638888992e+06,1.000245984962593981e+00,4.000000000000000192e-04
2.460002608333333395e+06,1.000221194632909594e+00,4.000000000000000192e-04
2.460002609027777798e+06,1.000404347618344181e+00,4.000000000000000192e-04
2.460002609722222202e+06,1.000213308674920087e+00,4.000000000000000192e-04
2.460002610416666605e+06,9.997161019762135226e-01,4.000000000000000192e-04
2.460002611111111008e+06,9.996593975554266542e-01,4.000000000000000192e-04
2.460002611805555411e+06,9.998991710097516750e-01,4.000000000000000192e-04
2.460002612499999814e+06,9.994253656651563844e-01,4.000000000000000192e-04
2.460002613194444217e+06,9.997366840663195475e-01,4.000000000000000192e-04
2.460002613888888620e+06,9.999595850749605219e-01,4.000000000000000192e-04
2.460002614583333023e+06,1.000134307059932448e+00,4.000000000000000192e-04
2.460002615277777892e+06,1.000212678891501561e+00,4.000000000000000192e-04
2.460002615972222295e+06,9.989065722059802255e-01,4.000000000000000192e-04
2.460002616666666698e+06,1.000209477440315409e+00,4.000000000000000192e-04
2.460002617361111101e+06,9.994897992710908285e-01,4.000000000000000192e-04
2.460002618055555504e+06,1.000344904088585007e+00,4.000000000000000192e-04
2.460002618749999907e+06,1.000070005685910424e+00,4.000000000000000192e-04
2.460002619444444310e+06,1.000150766017314119e+00,4.000000000000000192e-04
2.460002620138888713e+06,9.988660776782606332e-01,4.000000000000000192e-04
2.460002620833333116e+06,9.997075918433344643e-01,4.000000000000000192e-04
2.460002621527777519e+06,9.991606088426902010e-01,4.000000000000000192e-04
2.460002622222221922e+06,1.000042503411711969e+00,4.000000000000000192e-04
2.460002622916666791e+06,9.996963449868645490e-01,4.000000000000000192e-04
2.460002623611111194e+06,9.998047362420431350e-01,4.000000000000000192e-04
2.460002624305555597e+06,9.994236821543043270e-01,4.000000000000000192e-04
2.460002625000000000e+06,9.996552139293640726e-01,4.000000000000000192e-04
2.460002625694444403e+06,9.997806511936208063e-01,4.000000000000000192e-04
2.460002626388888806e+06,9.996012315631868095e-01,4.000000000000000192e-04
2.460002627083333209e+06,1.000244940314406028e+00,4.000000000000000192e-04
2.460002627777777612e+06,1.000124974408886924e+00,4.000000000000000192e-04
2.460002628472222015e+06,9.997852678140275451e-01,4.000000000000000192e-04
2.460002629166666418e+06,9.997347659717933377e-01,4.000000000000000192e-04
2.460002629861110821e+06,9.989731185397698887e-01,4.000000000000000192e-04
2.460002630555555690e+06,9.994986457839145633e-01,4.000000000000000192e-04
2.460002631250000093e+06,1.000400060650546985e+00,4.000000000000000192e-04
2.460002631944444496e+06,9.995640943651225019e-01,4.000000000000000192e-04
2.460002632638888899e+06,9.988539624316957743e-01,4.000000000000000192e-04
2.460002633333333302e+06,1.000067801513013332e+00,4.000000000000000192e-04
2.460002634027777705e+06,9.996079848048760041e-01,4.000000000000000192e-04
2.460002634722222108e+06,9.996837432099267007e-01,4.000000000000000192e-04
2.460002635416666511e+06,9.996755438333905230e-01,4.000000000000000192e-04
2.460002636111110914e+06,9.997046456287286276e-01,4.000000000000000192e-04
2.460002636805555318e+06,9.993935011587250505e-01,4.000000000000000192e-04
2.460002637499999721e+06,9.998331129291776476e-01,4.000000000000000192e-04
2.460002638194444124e+06,1.000129591456610845e+00,4.000000000000000192e-04
2.460002638888888992e+06,9.993361207337407848e-01,4.000000000000000192e-04
2.460002639583333395e+06,9.999612568564965054e-01,4.000000000000000192e-04
2.460002640277777798e+06,9.995500446751961476e-01,4.000000000000000192e-04
2.460002640972222202e+06,1.000028801040949045e+00,4.000000000000000192e-04
2.460002641666666605e+06,9.998620161586306843e-01,4.000000000000000192e-04
2.460002642361111008e+06,9.996464722115183665e-01,4.000000000000000192e-04
2.460002643055555411e+06,9.996853369681799606e-01,4.000000000000000192e-04
2.460002643749999814e+06,9.991522248755495550e-01,4.000000000000000192e-04
2.460002644444444217e+06,1.000366019417017638e+00,4.000000000000000192e-04
2.460002645138888620e+06,9.998085220156954778e-01,4.000000000000000192e-04
2.460002645833333023e+06,9.996501794327641299e-01,4.000000000000000192e-04
2.460002646527777892e+06,1.000895242565325471e+00,4.000000000000000192e-04
2.460002647222222295e+06,9.987122358854566562e-01,4.000000000000000192e-04
2.460002647916666698e+06,1.000520326627148515e+00,4.000000000000000192e-04
2.460002648611111101e+06,1.000029134808796405e+00,4.000000000000000192e-04
2.460002649305555504e+06,9.995141058277388080e-01,4.000000000000000192e-04
2.460002649999999907e+06,9.999278667548900934e-01,4.000000000000000192e-04
2.460002650694444310e+06,1.000071572600238712e+00,4.000000000000000192e-04
2.460002651388888713e+06,9.999631274416261872e-01,4.000000000000000192e-04
2.460002652083333116e+06,9.992177271393710702e-01,4.000000000000000192e-04
2.460002652777777519e+06,1.000118952226947799e+00,4.000000000000000192e-04
2.460002653472221922e+06,1.000760410304588399e+00,4.000000000000000192e-04
2.460002654166666791e+06,9.996250159342738861e-01,4.000000000000000192e-04
2.460002654861111194e+06,9.990697575885055803e-01,4.000000000000000192e-04
2.460002655555555597e+06,9.998260636519330502e-01,4.000000000000000192e-04
2.460002656250000000e+06,9.999414781284325926e-01,4.000000000000000192e-04
2.460002656944444403e+06,9.995978919067863844e-01,4.000000000000000192e-04
2.460002657638888806e+06,9.994481507860216718e-01,4.000000000000000192e-04
2.460002658333333209e+06,1.000148572758786214e+00,4.000000000000000192e-04
2.460002659027777612e+06,9.989308441691077123e-01,4.000000000000000192e-04
2.460002659722222015e+06,9.994011194616803095e-01,4.000000000000000192e-04
2.460002660416666418e+06,1.000358975861532995e+00,4.000000000000000192e-04
2.460002661111110821e+06,9.999433163002738878e-01,4.000000000000000192e-04
2.460002661805555690e+06,1.000161957475408370e+00,4.000000000000000192e-04
2.460002662500000093e+06,9.990856229436252400e-01,4.000000000000000192e-04
2.460002663194444496e+06,1.000047606734959516e+00,4.000000000000000192e-04
2.460002663888888899e+06,1.000058937652128721e+00,4.000000000000000192e-04
2.460002664583333302e+06,1.000522504050095796e+00,4.000000000000000192e-04
2.460002665277777705e+06,9.991578180054003777e-01,4.000000000000000192e-04
2.460002665972222108e+06,9.999511098892422956e-01,4.000000000000000192e-04
2.460002666666666511e+06,9.997528042396004455e-01,4.000000000000000192e-04
2.460002667361110914e+06,9.994867648580411101e-01,4.000000000000000192e-04
2.460002668055555318e+06,9.997905123524024606e-01,4.000000000000000192e-04
2.460002668749999721e+06,9.997023795224005971e-01,4.000000000000000192e-04
2.460002669444444124e+06,9.996340257406758356e-01,4.000000000000000192e-04
2.460002670138888992e+06,9.995890272977107083e-01,4.000000000000000192e-04
2.460002670833333395e+06,1.000322144707213479e+00,4.000000000000000192e-04
2.460002671527777798e+06,9.988393478948177640e-01,4.000000000000000192e-04
2.460002672222222202e+06,1.000001767925412288e+00,4.000000000000000192e-04
2.460002672916666605e+06,9.996853993879486477e-01,4.000000000000000192e-04
2.460002673611111008e+06,9.995685585535847295e-01,4.000000000000000192e-04
2.460002674305555411e+06,1.000317888344251838e+00,4.000000000000000192e-04
2.460002674999999814e+06,9.992625532928577359e-01,4.000000000000000192e-04
2.460002675694444217e+06,1.000179429015135568e+00,4.000000000000000192e-04
2.460002676388888620e+06,9.997051425718167517e-01,4.000000000000000192e-04
2.460002677083333023e+06,9.999658081992350844e-01,4.000000000000000192e-04
2.460002677777777892e+06,1.000069401265545554e+00,4.000000000000000192e-04
2.460002678472222295e+06,1.000095525141973196e+00,4.000000000000000192e-04
2.460002679166666698e+06,9.992933046717020762e-01,4.000000000000000192e-04
2.460002679861111101e+06,9.994271728569903424e-01,4.000000000000000192e-04
2.460002680555555504e+06,1.000174826698343011e+00,4.000000000000000192e-04
2.460002681249999907e+06,1.000071354118958311e+00,4.000000000000000192e-04
2.460002681944444310e+06,9.990182699116471055e-01,4.000000000000000192e-04
2.460002682638888713e+06,9.996945919312477669e-01,4.000000000000000192e-04
2.460002683333333116e+06,9.996309368652249727e-01,4.000000000000000192e-04
2.460002684027777519e+06,9.996539336686987021e-01,4.000000000000000192e-04
2.460002684722221922e+06,9.993654424819695681e-01,4.000000000000000192e-04
2.460002685416666791e+06,9.989376018385199840e-01,4.000000000000000192e-04
2.460002686111111194e+06,9.997038718542515801e-01,4.000000000000000192e-04
2.460002686805555597e+06,9.997730752254417874e-01,4.000000000000000192e-04
2.460002687500000000e+06,9.999186438396616694e-01,4.000000000000000192e-04
2.460002688194444403e+06,9.999044119143192244e-01,4.000000000000000192e-04
2.460002688888888806e+06,9.996349489811042766e-01,4.000000000000000192e-04
2.460002689583333209e+06,9.997952282214692676e-01,4.000000000000000192e-04
2.460002690277777612e+06,9.992909816714881099e-01,4.000000000000000192e-04
2.460002690972222015e+06,1.000053826423193737e+00,4.000000000000000192e-04
2.460002691666666418e+06,9.992851730837455371e-01,4.000000000000000192e-04
2.460002692361110821e+06,9.997414183012980349e-01,4.000000000000000192e-04
2.460002693055555690e+06,9.995296098001409391e-01,4.000000000000000192e-04
2.460002693750000093e+06,1.000285068792017951e+00,4.000000000000000192e-04
2.460002694444444496e+06,9.989751699557868347e-01,4.000000000000000192e-04
2.460002695138888899e+06,9.996722574616725421e-01,4.000000000000000192e-04
2.460002695833333302e+06,1.000108871478263772e+00,4.000000000000000192e-04
2.460002696527777705e+06,1.000161080495715060e+00,4.000000000000000192e-04
2.460002697222222108e+06,9.997502500127445346e-01,4.000000000000000192e-04
2.460002697916666511e+06,9.993447587765249551e-01,4.000000000000000192e-04
2.460002698611110914e+06,9.997343812543572072e-01,4.000000000000000192e-04
2.460002699305555318e+06,9.992314307560005160e-01,4.000000000000000192e-04
2.460002699999999721e+06,1.000077961645356783e+00,4.000000000000000192e-04
2.460002700694444124e+06,1.000217242533138151e+00,4.000000000000000192e-04
2.460002701388888992e+06,9.992410455082381127e-01,4.000000000000000192e-04
2.460002702083333395e+06,9.996170089952544080e-01,4.000000000000000192e-04
2.460002702777777798e+06,9.998703169974531013e-01,4.000000000000000192e-04
2.460002703472222202e+06,9.997691918423607937e-01,4.000000000000000192e-04
2.460002704166666605e+06,1.000322104576165883e+00,4.000000000000000192e-04
2.460002704861111008e+06,9.989944610431223948e-01,4.000000000000000192e-04
2.460002705555555411e+06,9.998212092311490329e-01,4.000000000000000192e-04
2.460002706249999814e+06,9.997207481158869591e-01,4.000000000000000192e-04
2.460002706944444217e+06,9.998356415133814457e-01,4.000000000000000192e-04
2.460002707638888620e+06,1.000045058799068798e+00,4.000000000000000192e-04
2.460002708333333023e+06,1.000046241901600075e+00,4.000000000000000192e-04
2.460002709027777892e+06,9.992572023306977025e-01,4.000000000000000192e-04
2.460002709722222295e+06,9.994779028028811796e-01,4.000000000000000192e-04
2.460002710416666698e+06,9.998596952186435960e-01,4.000000000000000192e-04
2.460002711111111101e+06,9.996675401176197129e-01,4.000000000000000192e-04
2.460002711805555504e+06,9.996353206060887286e-01,4.000000000000000192e-04
2.460002712499999907e+06,1.000067846945429828e+00,4.000000000000000192e-04
2.460002713194444310e+06,9.999888603111289909e-01,4.000000000000000192e-04
2.460002713888888713e+06,9.996140650949600914e-01,4.000000000000000192e-04
2.460002714583333116e+06,9.994964842862036347e-01,4.000000000000000192e-04
2.460002715277777519e+06,9.999500193796700964e-01,4.000000000000000192e-04
2.460002715972221922e+06,1.000129046210624484e+00,4.000000000000000192e-04
2.460002716666666791e+06,1.000021960542366584e+00,4.000000000000000192e-04
2.460002717361111194e+06,9.992892798144389355e-01,4.000000000000000192e-04
2.460002718055555597e+06,9.996294233569295029e-01,4.000000000000000192e-04
2.460002718750000000e+06,9.999051688378840508e-01,4.000000000000000192e-04
2.460002719444444403e+06,9.989027986791336744e-01,4.000000000000000192e-04
2.460002720138888806e+06,9.992492386930208470e-01,4.000000000000000192e-04
2.460002720833333209e+06,9.997996628585520407e-01,4.000000000000000192e-04
2.460002721527777612e+06,9.995678460715660130e-01,4.000000000000000192e-04
2.460002722222222015e+06,9.997659953435888980e-01,4.000000000000000192e-04
2.460002722916666418e+06,1.000090300790214437e+00,4.000000000000000192e-04
2.460002723611110821e+06,1.000465065084206184e+00,4.000000000000000192e-04
2.460002724305555690e+06,9.992922233438931157e-01,4.000000000000000192e-04
2.460002725000000093e+06,1.000201678881845080e+00,4.000000000000000192e-04
2.460002725694444496e+06,9.997461009743575655e-01,4.000000000000000192e-04
2.460002726388888899e+06,9.999789560540625066e-01,4.000000000000000192e-04
2.460002727083333302e+06,9.998500390381479530e-01,4.000000000000000192e-04
2.460002727777777705e+06,1.000255923658287971e+00,4.000000000000000192e-04
2.460002728472222108e+06,1.000306868460013376e+00,4.000000000000000192e-04
2.460002729166666511e+06,9.997642574697725992e-01,4.000000000000000192e-04
2.460002729861110914e+06,9.998190375241989836e-01,4.000000000000000192e-04
2.460002730555555318e+06,1.000470530383357870e+00,4.000000000000000192e-04
2.460002731249999721e+06,9.993747913947373940e-01,4.000000000000000192e-04
2.460002731944444124e+06,1.000400999521148027e+00,4.000000000000000192e-04
2.460002732638888992e+06,9.998381135590044266e-01,4.000000000000000192e-04
2.460002733333333395e+06,1.000269957060157866e+00,4.000000000000000192e-04
2.460002734027777798e+06,1.000259754336779494e+00,4.000000000000000192e-04
2.460002734722222202e+06,9.997936694469701235e-01,4.000000000000000192e-04
2.460002735416666605e+06,1.000501477069760670e+00,4.000000000000000192e-04
2.460002736111111008e+06,1.000746255596151713e+00,4.000000000000000192e-04
2.460002736805555411e+06,9.992357533295249672e-01,4.000000000000000192e-04
2.460002737499999814e+06,1.000339174448928947e+00,4.000000000000000192e-04
2.460002738194444217e+06,9.998380968565445670e-01,4.000000000000000192e-04
2.460002738888888620e+06,9.998552920259523580e-01,4.000000000000000192e-04
2.460002739583333023e+06,9.995035267224787745e-01,4.000000000000000192e-04
2.460002740277777892e+06,9.993533752481027488e-01,4.000000000000000192e-04
2.460002740972222295e+06,9.998158980693475639e-01,4.000000000000000192e-04
2.460002741666666698e+06,9.993163208847218870e-01,4.000000000000000192e-04
2.460002742361111101e+06,9.995919481857350464e-01,4.000000000000000192e-04
2.460002743055555504e+06,9.996273269844948572e-01,4.000000000000000192e-04
2.460002743749999907e+06,9.996629890631754112e-01,4.000000000000000192e-04
2.460002744444444310e+06,9.994411339075344181e-01,4.000000000000000192e-04
2.460002745138888713e+06,9.995357451751740729e-01,4.000000000000000192e-04
2.460002745833333116e+06,9.995064871240418869e-01,4.000000000000000192e-04
2.460002746527777519e+06,9.999252098104940423e-01,4.000000000000000192e-04
2.460002747222221922e+06,1.000002931401958950e+00,4.000000000000000192e-04
2.460002747916666791e+06,1.000330458598714056e+00,4.000000000000000192e-04
2.460002748611111194e+06,9.996732145590192520e-01,4.000000000000000192e-04
2.460002749305555597e+06,1.000632550924315911e+00,4.000000000000000192e-04
2.460002750000000000e+06,9.994633946717245143e-01,4.000000000000000192e-04
2.460002750694444403e+06,1.000186334157616486e+00,4.000000000000000192e-04
2.460002751388888806e+06,9.999397827538484274e-01,4.000000000000000192e-04
2.460002752083333209e+06,9.996759373647750024e-01,4.000000000000000192e-04
2.460002752777777612e+06,9.996137997568084188e-01,4.000000000000000192e-04
2.460002753472222015e+06,9.994483875650764793e-01,4.000000000000000192e-04
2.460002754166666418e+06,9.997345047364574189e-01,4.000000000000000192e-04
2.460002754861110821e+06,9.991551111693408593e-01,4.000000000000000192e-04
2.460002755555555690e+06,9.995645858734294453e-01,4.000000000000000192e-04
2.460002756250000093e+06,1.000026001633390171e+00,4.000000000000000192e-04
2.460002756944444496e+06,9.995489616151583823e-01,4.000000000000000192e-04
2.460002757638888899e+06,9.994093680322877482e-01,4.000000000000000192e-04
2.460002758333333302e+06,1.000006947873125496e+00,4.000000000000000192e-04
2.460002759027777705e+06,1.000188545977887200e+00,4.000000000000000192e-04
2.460002759722222108e+06,9.997607883619866742e-01,4.000000000000000192e-04
2.460002760416666511e+06,9.996934309969467414e-01,4.000000000000000192e-04
2.460002761111110914e+06,9.998147157533007201e-01,4.000000000000000192e-04
2.460002761805555318e+06,9.999917513543352676e-01,4.000000000000000192e-04
2.460002762499999721e+06,9.998441887791098548e-01,4.000000000000000192e-04
2.460002763194444124e+06,9.997847320999604381e-01,4.000000000000000192e-04
2.460002763888888992e+06,1.000911466650827197e+00,4.000000000000000192e-04
2.460002764583333395e+06,1.000398608447946369e+00,4.000000000000000192e-04
2.460002765277777798e+06,1.000005544087021025e+00,4.000000000000000192e-04
2.460002765972222202e+06,9.999205357812824824e-01,4.000000000000000192e-04
2.460002766666666605e+06,9.999185667706057545e-01,4.000000000000000192e-04
2.460002767361111008e+06,9.994639172894095314e-01,4.000000000000000192e-04
2.460002768055555411e+06,9.990286776189928331e-01,4.000000000000000192e-04
2.460002768749999814e+06,1.000085664960422838e+00,4.000000000000000192e-04
2.460002769444444217e+06,9.999678641226410480e-01,4.000000000000000192e-04
2.460002770138888620e+06,9.993699172416230514e-01,4.000000000000000192e-04
2.460002770833333023e+06,1.000041219483790211e+00,4.000000000000000192e-04
2.460002771527777892e+06,1.000241535502703671e+00,4.000000000000000192e-04
2.460002772222222295e+06,9.988746779308503854e-01,4.000000000000000192e-04
2.460002772916666698e+06,9.996436733600302382e-01,4.000000000000000192e-04
2.460002773611111101e+06,1.000457192256976713e+00,4.000000000000000192e-04
2.460002774305555504e+06,9.996137291966988858e-01,4.000000000000000192e-04
2.460002774999999907e+06,1.000237284437060170e+00,4.000000000000000192e-04
2.460002775694444310e+06,1.000056406419114641e+00,4.000000000000000192e-04
2.460002776388888713e+06,1.000137036350287278e+00,4.000000000000000192e-04
2.460002777083333116e+06,9.997612435567971856e-01,4.000000000000000192e-04
2.460002777777777519e+06,9.995510388293283865e-01,4.000000000000000192e-04
2.460002778472221922e+06,1.000023662513877198e+00,4.000000000000000192e-04
2.460002779166666791e+06,9.999881042599318981e-01,4.000000000000000192e-04
2.460002779861111194e+06,1.000162990999096113e+00,4.000000000000000192e-04
2.460002780555555597e+06,1.000315078841582661e+00,4.000000000000000192e-04
2.460002781250000000e+06,9.999501013184725062e-01,4.000000000000000192e-04
2.460002781944444403e+06,1.001003158283593208e+00,4.000000000000000192e-04
2.460002782638888806e+06,9.998996446783183778e-01,4.000000000000000192e-04
2.460002783333333209e+06,1.000098164592342576e+00,4.000000000000000192e-04
2.460002784027777612e+06,9.997962777352504826e-01,4.000000000000000192e-04
2.460002784722222015e+06,1.000128997004976261e+00,4.000000000000000192e-04
2.460002785416666418e+06,1.000184447847065172e+00,4.000000000000000192e-04
2.460002786111110821e+06,1.000238904520376559e+00,4.000000000000000192e-04
2.460002786805555690e+06,9.998697100801631210e-01,4.000000000000000192e-04
2.460002787500000093e+06,1.000456763211411637e+00,4.000000000000000192e-04
2.460002788194444496e+06,9.998504664854066526e-01,4.000000000000000192e-04
2.460002788888888899e+06,9.994539752190749748e-01,4.000000000000000192e-04
2.460002789583333302e+06,1.000316161255298653e+00,4.000000000000000192e-04
2.460002790277777705e+06,1.000253373779592003e+00,4.000000000000000192e-04
2.460002790972222108e+06,9.998272712998639289e-01,4.000000000000000192e-04
2.460002791666666511e+06,1.000103086255962781e+00,4.000000000000000192e-04
2.460002792361110914e+06,1.000232482975602188e+00,4.000000000000000192e-04
2.460002793055555318e+06,1.000246519326638328e+00,4.000000000000000192e-04
2.460002793749999721e+06,9.998028605494633236e-01,4.000000000000000192e-04
2.460002794444444124e+06,9.996968501183718381e-01,4.000000000000000192e-04
2.460002795138888992e+06,1.000736891209946577e+00,4.000000000000000192e-04
2.460002795833333395e+06,1.000413393364085746e+00,4.000000000000000192e-04
2.460002796527777798e+06,9.994475052543577709e-01,4.000000000000000192e-04
2.460002797222222202e+06,9.998603652778410567e-01,4.000000000000000192e-04
2.460002797916666605e+06,1.000366039874436508e+00,4.000000000000000192e-04
2.460002798611111008e+06,1.000135007858669933e+00,4.000000000000000192e-04
2.460002799305555411e+06,9.995718754787858984e-01,4.000000000000000192e-04
2.460002799999999814e+06,9.997837714468059689e-01,4.000000000000000192e-04
2.460002800694444217e+06,9.993251599548199637e-01,4.000000000000000192e-04
2.460002801388888620e+06,1.000553748122374298e+00,4.000000000000000192e-04
2.460002802083333023e+06,1.000150740123581627e+00,4.000000000000000192e-04
2.460002802777777892e+06,9.993796754537656035e-01,4.000000000000000192e-04
2.460002803472222295e+06,1.000561700226616502e+00,4.000000000000000192e-04
2.460002804166666698e+06,1.000677758933439021e+00,4.000000000000000192e-04
2.460002804861111101e+06,1.000613426018797769e+00,4.000000000000000192e-04
2.460002805555555504e+06,9.997818403125776632e-01,4.000000000000000192e-04
2.460002806249999907e+06,1.000083427233127153e+00,4.000000000000000192e-04
2.460002806944444310e+06,9.991517034170150913e-01,4.000000000000000192e-04
2.460002807638888713e+06,9.999632706013230621e-01,4.000000000000000192e-04
2.460002808333333116e+06,1.000331056301401178e+00,4.000000000000000192e-04
2.460002809027777519e+06,1.000290910044689507e+00,4.000000000000000192e-04
2.460002809722221922e+06,9.998087731855239690e-01,4.000000000000000192e-04
2.460002810416666791e+06,1.000319064328521135e+00,4.000000000000000192e-04
2.460002811111111194e+06,1.000301178485990761e+00,4.000000000000000192e-04
2.460002811805555597e+06,9.992889626574685824e-01,4.000000000000000192e-04
2.460002812500000000e+06,9.995200305071527680e-01,4.000000000000000192e-04
2.460002813194444403e+06,9.999476125586994613e-01,4.000000000000000192e-04
2.460002813888888806e+06,9.994700383326994286e-01,4.000000000000000192e-04
2.460002814583333209e+06,1.000684825233573383e+00,4.000000000000000192e-04
2.460002815277777612e+06,9.999399924548142415e-01,4.000000000000000192e-04
2.460002815972222015e+06,1.000043474532521959e+00,4.000000000000000192e-04
2.460002816666666418e+06,9.997616351318612260e-01,4.000000000000000192e-04
2.460002817361110821e+06,9.994471298049564245e-01,4.000000000000000192e-04
2.460002818055555690e+06,9.990924546620690849e-01,4.000000000000000192e-04
2.460002818750000093e+06,9.994661635749094719e-01,4.000000000000000192e-04
2.460002819444444496e+06,9.998426905483640548e-01,4.000000000000000192e-04
2.460002820138888899e+06,1.000090522879638621e+00,4.000000000000000192e-04
2.460002820833333302e+06,9.999549673101365554e-01,4.000000000000000192e-04
2.460002821527777705e+06,9.998749950595023916e-01,4.000000000000000192e-04
2.460002822222222108e+06,9.999776675228740919e-01,4.000000000000000192e-04
2.460002822916666511e+06,9.988910774366004386e-01,4.000000000000000192e-04
2.460002823611110914e+06,1.000135775083126344e+00,4.000000000000000192e-04
2.460002824305555318e+06,9.996846964216336007e-01,4.000000000000000192e-04
2.460002824999999721e+06,9.995083594386212633e-01,4.000000000000000192e-04
2.460002825694444124e+06,1.000624819186292980e+00,4.000000000000000192e-04
2.460002826388888992e+06,9.996278210262227182e-01,4.000000000000000192e-04
2.460002827083333395e+06,9.993527326342496186e-01,4.000000000000000192e-04
2.460002827777777798e+06,9.996375606539564806e-01,4.000000000000000192e-04
2.460002828472222202e+06,9.999780641333280151e-01,4.000000000000000192e-04
2.460002829166666605e+06,1.000843159443181030e+00,4.000000000000000192e-04
2.460002829861111008e+06,1.000204257297001575e+00,4.000000000000000192e-04
2.460002830555555411e+06,9.995861697917364230e-01,4.000000000000000192e-04
2.460002831249999814e+06,1.000360533479080383e+00,4.000000000000000192e-04
2.460002831944444217e+06,9.998760029794421245e-01,4.000000000000000192e-04
2.460002832638888620e+06,9.992857114650243178e-01,4.000000000000000192e-04
2.460002833333333023e+06,9.996888016574788649e-01,4.000000000000000192e-04
2.460002834027777892e+06,9.999848830598981886e-01,4.000000000000000192e-04
2.460002834722222295e+06,1.000859257393892587e+00,4.000000000000000192e-04
2.460002835416666698e+06,9.998601589906582765e-01,4.000000000000000192e-04
2.460002836111111101e+06,9.995336672692815005e-01,4.000000000000000192e-04
2.460002836805555504e+06,1.000284540288348012e+00,4.000000000000000192e-04
2.460002837499999907e+06,9.997515140225355923e-01,4.000000000000000192e-04
2.460002838194444310e+06,9.996588354973934276e-01,4.000000000000000192e-04
2.460002838888888713e+06,1.000122580169955366e+00,4.000000000000000192e-04
2.460002839583333116e+06,9.999893485809084881e-01,4.000000000000000192e-04
2.460002840277777519e+06,9.996581097017900319e-01,4.000000000000000192e-04
2.460002840972221922e+06,1.000922364988592772e+00,4.000000000000000192e-04
2.460002841666666791e+06,1.000159731814506126e+00,4.000000000000000192e-04
2.460002842361111194e+06,1.000160340533829295e+00,4.000000000000000192e-04
2.460002843055555597e+06,1.000084249983008933e+00,4.000000000000000192e-04
2.460002843750000000e+06,1.000059434383384183e+00,4.000000000000000192e-04
2.460002844444444403e+06,9.998825116174323568e-01,4.000000000000000192e-04
2.460002845138888806e+06,1.000399119265002579e+00,4.000000000000000192e-04
2.460002845833333209e+06,9.995870513254377920e-01,4.000000000000000192e-04
2.460002846527777612e+06,9.993270415935173734e-01,4.000000000000000192e-04
2.460002847222222015e+06,1.000279844186433786e+00,4.000000000000000192e-04
2.460002847916666418e+06,9.996813413755956113e-01,4.000000000000000192e-04
2.460002848611110821e+06,1.000224495044318651e+00,4.000000000000000192e-04
2.460002849305555690e+06,1.000119496522875462e+00,4.000000000000000192e-04
2.460002850000000093e+06,9.997770431339187969e-01,4.000000000000000192e-04
2.460002850694444496e+06,1.000081235018749126e+00,4.000000000000000192e-04
2.460002851388888899e+06,9.994608326253185959e-01,4.000000000000000192e-04
2.460002852083333302e+06,1.000000697690825335e+00,4.000000000000000192e-04
2.460002852777777705e+06,9.999514168417511506e-01,4.000000000000000192e-04
2.460002853472222108e+06,9.987478651472739832e-01,4.000000000000000192e-04
2.460002854166666511e+06,9.999900297779972247e-01,4.000000000000000192e-04
2.460002854861110914e+06,1.000165510834384763e+00,4.000000000000000192e-04
2.460002855555555318e+06,1.000053750187621660e+00,4.000000000000000192e-04
2.460002856249999721e+06,9.999917306045084109e-01,4.000000000000000192e-04
2.460002856944444124e+06,1.000093871547139468e+00,4.000000000000000192e-04
2.460002857638888992e+06,9.992381647064721983e-01,4.000000000000000192e-04
2.460002858333333395e+06,9.997645212147735494e-01,4.000000000000000192e-04
2.460002859027777798e+06,1.000204532530499124e+00,4.000000000000000192e-04
2.460002859722222202e+06,9.999667211448427517e-01,4.000000000000000192e-04
2.460002860416666605e+06,1.000177209300118220e+00,4.000000000000000192e-04
2.460002861111111008e+06,9.990111673103029277e-01,4.000000000000000192e-04
2.460002861805555411e+06,9.997627254196044255e-01,4.000000000000000192e-04
2.460002862499999814e+06,9.999092511841469744e-01,4.000000000000000192e-04
2.460002863194444217e+06,9.999894144926504413e-01,4.000000000000000192e-04
2.460002863888888620e+06,9.993304072705145868e-01,4.000000000000000192e-04
2.460002864583333023e+06,9.996490374565601966e-01,4.000000000000000192e-04
2.460002865277777892e+06,9.998940527034569925e-01,4.000000000000000192e-04
2.460002865972222295e+06,1.000423035874999700e+00,4.000000000000000192e-04
2.460002866666666698e+06,9.999122193857257201e-01,4.000000000000000192e-04
2.460002867361111101e+06,9.993075218529362536e-01,4.000000000000000192e-04
2.460002868055555504e+06,1.000171603305243018e+00,4.000000000000000192e-04
2.460002868749999907e+06,1.000615991279870443e+00,4.000000000000000192e-04
2.460002869444444310e+06,9.994477584682687210e-01,4.000000000000000192e-04
2.460002870138888713e+06,9.999371933244957100e-01,4.000000000000000192e-04
2.460002870833333116e+06,9.999655340092745703e-01,4.000000000000000192e-04
2.460002871527777519e+06,9.993212119632317592e-01,4.000000000000000192e-04
2.460002872222221922e+06,1.000234853702343552e+00,4.000000000000000192e-04
2.460002872916666791e+06,1.000359135488067652e+00,4.000000000000000192e-04
2.460002873611111194e+06,9.996430357440100334e-01,4.000000000000000192e-04
2.460002874305555597e+06,9.997178336165640777e-01,4.000000000000000192e-04
2.460002875000000000e+06,1.000102172531080580e+00,4.000000000000000192e-04
2.460002875694444403e+06,1.000085990884028719e+00,4.000000000000000192e-04
2.460002876388888806e+06,1.000168807904614487e+00,4.000000000000000192e-04
2.460002877083333209e+06,1.000406934065543929e+00,4.000000000000000192e-04
2.460002877777777612e+06,1.000167791168798725e+00,4.000000000000000192e-04
2.460002878472222015e+06,9.996301003383587513e-01,4.000000000000000192e-04
2.460002879166666418e+06,1.000260605907872469e+00,4.000000000000000192e-04
2.460002879861110821e+06,9.999400992608824534e-01,4.000000000000000192e-04
2.460002880555555690e+06,9.998187124179175322e-01,4.000000000000000192e-04
2.460002881250000093e+06,9.999608747090621419e-01,4.000000000000000192e-04
2.460002881944444496e+06,1.000434817356628425e+00,4.000000000000000192e-04
2.460002882638888899e+06,9.995899037365083561e-01,4.000000000000000192e-04
2.460002883333333302e+06,1.000555467108661389e+00,4.000000000000000192e-04
2.460002884027777705e+06,9.994168749347579483e-01,4.000000000000000192e-04
2.460002884722222108e+06,9.994000451592817136e-01,4.000000000000000192e-04
2.460002885416666511e+06,9.996495818237997044e-01,4.000000000000000192e-04
2.460002886111110914e+06,9.998353265568821202e-01,4.000000000000000192e-04
2.460002886805555318e+06,1.000156331884965333e+00,4.000000000000000192e-04
2.460002887499999721e+06,1.000107589886616077e+00,4.000000000000000192e-04
2.460002888194444124e+06,9.994823403734081069e-01,4.000000000000000192e-04
2.460002888888888992e+06,9.997394349788225609e-01,4.000000000000000192e-04
2.460002889583333395e+06,9.998928165489247011e-01,4.000000000000000192e-04
2.460002890277777798e+06,1.000002405689870200e+00,4.000000000000000192e-04
2.460002890972222202e+06,1.000342945879368006e+00,4.000000000000000192e-04
2.460002891666666605e+06,1.000285184348462808e+00,4.000000000000000192e-04
2.460002892361111008e+06,1.000108155130162269e+00,4.000000000000000192e-04
2.460002893055555411e+06,9.998551930755414929e-01,4.000000000000000192e-04
2.460002893749999814e+06,9.996731402917411469e-01,4.000000000000000192e-04
2.460002894444444217e+06,9.998311781573754331e-01,4.000000000000000192e-04
2.460002895138888620e+06,9.996000348886213693e-01,4.000000000000000192e-04
2.460002895833333023e+06,9.996350207780497765e-01,4.000000000000000192e-04
2.460002896527777892e+06,1.000759472190212662e+00,4.000000000000000192e-04
2.460002897222222295e+06,9.997463020174797155e-01,4.000000000000000192e-04
2.460002897916666698e+06,1.000248637466128354e+00,4.000000000000000192e-04
2.460002898611111101e+06,9.999334242704450704e-01,4.000000000000000192e-04
2.460002899305555504e+06,1.000801264212356267e+00,4.000000000000000192e-04
2.460002899999999907e+06,1.000023801535679935e+00,4.000000000000000192e-04
2.460002900694444310e+06,9.995906387134300131e-01,4.000000000000000192e-04
2.460002901388888713e+06,9.999836763691937191e-01,4.000000000000000192e-04
2.460002902083333116e+06,1.000340045800002686e+00,4.000000000000000192e-04
2.460002902777777519e+06,9.999754706245278513e-01,4.000000000000000192e-04
2.460002903472221922e+06,1.000128222606130990e+00,4.000000000000000192e-04
2.460002904166666791e+06,9.992240095647956233e-01,4.000000000000000192e-04
2.460002904861111194e+06,9.998814054628660797e-01,4.000000000000000192e-04
2.460002905555555597e+06,1.000924263571805195e+00,4.000000000000000192e-04
2.460002906250000000e+06,1.000274919510771188e+00,4.000000000000000192e-04
2.460002906944444403e+06,1.000188591796139725e+00,4.000000000000000192e-04
2.460002907638888806e+06,9.996709744696459232e-01,4.000000000000000192e-04
2.460002908333333209e+06,1.000101625454227872e+00,4.000000000000000192e-04
2.460002909027777612e+06,1.000648817942732416e+00,4.000000000000000192e-04
2.460002909722222015e+06,9.995271603026399942e-01,4.000000000000000192e-04
2.460002910416666418e+06,1.000429719893366265e+00,4.000000000000000192e-04
2.460002911111110821e+06,1.000379857782973891e+00,4.000000000000000192e-04
2.460002911805555690e+06,9.994706212712582971e-01,4.000000000000000192e-04
2.460002912500000093e+06,1.000368996948319156e+00,4.000000000000000192e-04
2.460002913194444496e+06,1.000246893194892683e+00,4.000000000000000192e-04
2.460002913888888899e+06,1.000246166712792428e+00,4.000000000000000192e-04
2.460002914583333302e+06,9.998403463271208214e-01,4.000000000000000192e-04
2.460002915277777705e+06,1.000835151947566004e+00,4.000000000000000192e-04
2.460002915972222108e+06,1.000215999712062764e+00,4.000000000000000192e-04
2.460002916666666511e+06,1.000016726859375149e+00,4.000000000000000192e-04
2.460002917361110914e+06,1.000073712186677399e+00,4.000000000000000192e-04
2.460002918055555318e+06,9.997002439936153451e-01,4.000000000000000192e-04
2.460002918749999721e+06,9.999055540711725421e-01,4.000000000000000192e-04
2.460002919444444124e+06,1.000005216464754154e+00,4.000000000000000192e-04
2.460002920138888992e+06,9.998687452862233815e-01,4.000000000000000192e-04
2.460002920833333395e+06,1.000293977723945682e+00,4.000000000000000192e-04
2.460002921527777798e+06,9.996552416405083408e-01,4.000000000000000192e-04
2.460002922222222202e+06,1.000370438447831356e+00,4.000000000000000192e-04
2.460002922916666605e+06,9.999557868605953859e-01,4.000000000000000192e-04
2.460002923611111008e+06,1.000117334743493513e+00,4.000000000000000192e-04
2.460002924305555411e+06,1.000059375304068077e+00,4.000000000000000192e-04
2.460002924999999814e+06,9.996861175974829372e-01,4.000000000000000192e-04
2.460002925694444217e+06,9.998401024413055005e-01,4.000000000000000192e-04
2.460002926388888620e+06,1.000237223797791897e+00,4.000000000000000192e-04
2.460002927083333023e+06,1.000477969031140058e+00,4.000000000000000192e-04
2.460002927777777892e+06,9.996200495783823525e-01,4.000000000000000192e-04
2.460002928472222295e+06,9.997165378108592293e-01,4.000000000000000192e-04
2.460002929166666698e+06,1.000848455390374481e+00,4.000000000000000192e-04
2.460002929861111101e+06,9.997640138907066820e-01,4.000000000000000192e-04
2.460002930555555504e+06,9.998026131272302885e-01,4.000000000000000192e-04
2.460002931249999907e+06,9.998947686147772185e-01,4.000000000000000192e-04
2.460002931944444310e+06,9.999198263774479178e-01,4.000000000000000192e-04
2.460002932638888713e+06,1.000316526595705247e+00,4.000000000000000192e-04
2.460002933333333116e+06,1.000296122920467656e+00,4.000000000000000192e-04
2.460002934027777519e+06,1.000128492953765491e+00,4.000000000000000192e-04
2.460002934722221922e+06,9.994061914105857314e-01,4.000000000000000192e-04
2.460002935416666791e+06,9.997572789851566499e-01,4.000000000000000192e-04
2.460002936111111194e+06,9.997273871736557238e-01,4.000000000000000192e-04
2.460002936805555597e+06,1.001044544823168847e+00,4.000000000000000192e-04
2.460002937500000000e+06,9.989803150479700244e-01,4.000000000000000192e-04
2.460002938194444403e+06,9.994834936518061097e-01,4.000000000000000192e-04
2.460002938888888806e+06,1.000148304447502801e+00,4.000000000000000192e-04
2.460002939583333209e+06,9.996571272090787330e-01,4.000000000000000192e-04
2.460002940277777612e+06,9.997477426057299610e-01,4.000000000000000192e-04
2.460002940972222015e+06,9.999037817212897972e-01,4.000000000000000192e-04
2.460002941666666418e+06,1.000059143819940655e+00,4.000000000000000192e-04
2.460002942361110821e+06,1.000556235552184647e+00,4.000000000000000192e-04
2.460002943055555690e+06,9.998135351750566668e-01,4.000000000000000192e-04
2.460002943750000093e+06,1.000646279945442085e+00,4.000000000000000192e-04
2.460002944444444496e+06,1.000198429215221285e+00,4.000000000000000192e-04
2.460002945138888899e+06,9.995355143104535101e-01,4.000000000000000192e-04
2.460002945833333302e+06,9.995465365424467397e-01,4.000000000000000192e-04
2.460002946527777705e+06,1.000036150729945561e+00,4.000000000000000192e-04
2.460002947222222108e+06,9.998805039607395750e-01,4.000000000000000192e-04
2.460002947916666511e+06,1.000082137495565293e+00,4.000000000000000192e-04
2.460002948611110914e+06,9.999800035398316300e-01,4.000000000000000192e-04
2.460002949305555318e+06,1.000318502543486199e+00,4.000000000000000192e-04
2.460002949999999721e+06,1.000040552594983367e+00,4.000000000000000192e-04
2.460002950694444124e+06,1.000356573739055621e+00,4.000000000000000192e-04
2.460002951388888992e+06,9.994738514769846427e-01,4.000000000000000192e-04
2.460002952083333395e+06,1.000070555063691247e+00,4.000000000000000192e-04
2.460002952777777798e+06,1.000059577244432063e+00,4.000000000000000192e-04
2.460002953472222202e+06,1.000528219986400291e+00,4.000000000000000192e-04
2.460002954166666605e+06,1.000452406921373383e+00,4.000000000000000192e-04
2.460002954861111008e+06,1.000233302353932707e+00,4.000000000000000192e-04
2.460002955555555411e+06,9.995863290974668081e-01,4.000000000000000192e-04
2.460002956249999814e+06,9.995732938144430424e-01,4.000000000000000192e-04
2.460002956944444217e+06,9.995685672970660018e-01,4.000000000000000192e-04
2.460002957638888620e+06,1.000024852866667757e+00,4.000000000000000192e-04
2.460002958333333023e+06,1.000319049167368801e+00,4.000000000000000192e-04
2.460002959027777892e+06,9.999050413009606952e-01,4.000000000000000192e-04
2.460002959722222295e+06,9.999162993697355839e-01,4.000000000000000192e-04
2.460002960416666698e+06,1.000077419721562499e+00,4.000000000000000192e-04
2.460002961111111101e+06,9.996145435749662633e-01,4.000000000000000192e-04
2.460002961805555504e+06,1.000202614248188571e+00,4.000000000000000192e-04
2.460002962499999907e+06,9.996920152268584658e-01,4.000000000000000192e-04
2.460002963194444310e+06,1.000057698309151588e+00,4.000000000000000192e-04
2.460002963888888713e+06,9.998318098176602886e-01,4.000000000000000192e-04
2.460002964583333116e+06,1.000549265271237998e+00,4.000000000000000192e-04
2.460002965277777519e+06,9.999768161553140855e-01,4.000000000000000192e-04
2.460002965972221922e+06,9.999725258131246797e-01,4.000000000000000192e-04
2.460002966666666791e+06,9.992717137015184603e-01,4.000000000000000192e-04
2.460002967361111194e+06,9.997406280952086943e-01,4.000000000000000192e-04
2.460002968055555597e+06,9.995935045737625035e-01,4.000000000000000192e-04
2.460002968750000000e+06,1.000539219801610091e+00,4.000000000000000192e-04
2.460002969444444403e+06,9.991646461192057460e-01,4.000000000000000192e-04
2.460002970138888806e+06,1.000411973466221571e+00,4.000000000000000192e-04
2.460002970833333209e+06,9.993207380289053088e-01,4.000000000000000192e-04
2.460002971527777612e+06,1.000416799530031708e+00,4.000000000000000192e-04
2.460002972222222015e+06,1.000351234607836926e+00,4.000000000000000192e-04
2.460002972916666418e+06,1.000385036141263173e+00,4.000000000000000192e-04
2.460002973611110821e+06,1.000289975380911134e+00,4.000000000000000192e-04
2.460002974305555690e+06,9.993302821954609394e-01,4.000000000000000192e-04
2.460002975000000093e+06,9.997723549677981492e-01,4.000000000000000192e-04
2.460002975694444496e+06,1.000724811427836425e+00,4.000000000000000192e-04
2.460002976388888899e+06,1.000428054861075333e+00,4.000000000000000192e-04
2.460002977083333302e+06,1.000399276208399302e+00,4.000000000000000192e-04
2.460002977777777705e+06,9.994726958976555276e-01,4.000000000000000192e-04
2.460002978472222108e+06,9.996688667787383409e-01,4.000000000000000192e-04
2.460002979166666511e+06,9.997475077265387533e-01,4.000000000000000192e-04
2.460002979861110914e+06,9.996310328628098540e-01,4.000000000000000192e-04
2.460002980555555318e+06,9.995848778809103274e-01,4.000000000000000192e-04
2.460002981249999721e+06,9.996625213056461456e-01,4.000000000000000192e-04
2.460002981944444124e+06,9.999435139431865904e-01,4.000000000000000192e-04
2.460002982638888992e+06,9.997240097902082567e-01,4.000000000000000192e-04
2.460002983333333395e+06,9.996184519401587476e-01,4.000000000000000192e-04
2.460002984027777798e+06,1.000254112646229876e+00,4.000000000000000192e-04
2.460002984722222202e+06,9.997267944795489303e-01,4.000000000000000192e-04
2.460002985416666605e+06,9.995489401382294803e-01,4.000000000000000192e-04
2.460002986111111008e+06,9.996195522818279722e-01,4.000000000000000192e-04
2.460002986805555411e+06,1.000200934328942415e+00,4.000000000000000192e-04
2.460002987499999814e+06,9.995917975012541534e-01,4.000000000000000192e-04
2.460002988194444217e+06,1.000098954814513608e+00,4.000000000000000192e-04
2.460002988888888620e+06,9.997247678757584799e-01,4.000000000000000192e-04
2.460002989583333023e+06,9.998195650093305575e-01,4.000000000000000192e-04
2.460002990277777892e+06,9.994336378541816002e-01,4.000000000000000192e-04
2.460002990972222295e+06,9.997315895214030634e-01,4.000000000000000192e-04
2.460002991666666698e+06,1.000093532785581996e+00,4.000000000000000192e-04
2.460002992361111101e+06,1.000049074695563922e+00,4.000000000000000192e-04
2.460002993055555504e+06,9.996151665900701033e-01,4.000000000000000192e-04
2.460002993749999907e+06,9.997794079651797228e-01,4.000000000000000192e-04
2.460002994444444310e+06,9.997495013109148898e-01,4.000000000000000192e-04
2.460002995138888713e+06,1.000484734483349625e+00,4.000000000000000192e-04
2.460002995833333116e+06,1.000269122690068624e+00,4.000000000000000192e-04
2.460002996527777519e+06,9.996650645463620588e-01,4.000000000000000192e-04
2.460002997222221922e+06,9.998680202283574125e-01,4.000000000000000192e-04
2.460002997916666791e+06,1.000196484849200429e+00,4.000000000000000192e-04
2.460002998611111194e+06,9.994913350916647676e-01,4.000000000000000192e-04
2.460002999305555597e+06,9.999899341759848070e-01,4.000000000000000192e-04
2.460003000000000000e+06,9.997302115848281101e-01,4.000000000000000192e-04
2.460003000694444403e+06,1.000028502565576183e+00,4.000000000000000192e-04
2.460003001388888806e+06,1.000080390686685972e+00,4.000000000000000192e-04
2.460003002083333209e+06,9.997953291433384626e-01,4.000000000000000192e-04
2.460003002777777612e+06,1.000165718659254521e+00,4.000000000000000192e-04
2.460003003472222015e+06,9.997451558077031786e-01,4.000000000000000192e-04
2.460003004166666418e+06,1.000280059908838615e+00,4.000000000000000192e-04
2.460003004861110821e+06,9.998030688789221188e-01,4.000000000000000192e-04
2.460003005555555690e+06,1.000118572663408312e+00,4.000000000000000192e-04
2.460003006250000093e+06,9.999872065928798737e-01,4.000000000000000192e-04
2.460003006944444496e+06,9.999849658099734251e-01,4.000000000000000192e-04
2.460003007638888899e+06,1.000275880965764141e+00,4.000000000000000192e-04
2.460003008333333302e+06,9.997523006671186208e-01,4.000000000000000192e-04
2.460003009027777705e+06,1.000008303169693358e+00,4.000000000000000192e-04
2.460003009722222108e+06,9.998203318717616694e-01,4.000000000000000192e-04
2.460003010416666511e+06,9.998135065422815160e-01,4.000000000000000192e-04
2.460003011111110914e+06,9.996310595662638576e-01,4.000000000000000192e-04
2.460003011805555318e+06,9.997482240038128021e-01,4.000000000000000192e-04
2.460003012499999721e+06,9.991523369951662570e-01,4.000000000000000192e-04
2.460003013194444124e+06,1.000305161485657068e+00,4.000000000000000192e-04
2.460003013888888992e+06,1.000044827121777447e+00,4.000000000000000192e-04
2.460003014583333395e+06,1.000526365966803777e+00,4.000000000000000192e-04
2.460003015277777798e+06,9.993140021063448009e-01,4.000000000000000192e-04
2.460003015972222202e+06,9.993965462747672612e-01,4.000000000000000192e-04
2.460003016666666605e+06,9.998759509742867202e-01,4.000000000000000192e-04
2.460003017361111008e+06,9.999052382690517549e-01,4.000000000000000192e-04
2.460003018055555411e+06,1.000351728164779574e+00,4.000000000000000192e-04
2.460003018749999814e+06,9.991798866379246746e-01,4.000000000000000192e-04
2.460003019444444217e+06,9.998589413456985264e-01,4.000000000000000192e-04
2.460003020138888620e+06,1.000403392631568078e+00,4.000000000000000192e-04
2.460003020833333023e+06,1.000099461632529385e+00,4.000000000000000192e-04
2.460003021527777892e+06,9.998228893931526695e-01,4.000000000000000192e-04
2.460003022222222295e+06,1.000494624085794593e+00,4.000000000000000192e-04
2.460003022916666698e+06,1.000030632339166115e+00,4.000000000000000192e-04
2.460003023611111101e+06,9.998211820004102579e-01,4.000000000000000192e-04
2.460003024305555504e+06,9.994975317698246986e-01,4.000000000000000192e-04
2.460003024999999907e+06,1.000400246583733166e+00,4.000000000000000192e-04
2.460003025694444310e+06,1.000368038928555858e+00,4.000000000000000192e-04
2.460003026388888713e+06,9.992787417393620419e-01,4.000000000000000192e-04
2.460003027083333116e+06,1.000403118939703573e+00,4.000000000000000192e-04
2.460003027777777519e+06,9.993432978244495279e-01,4.000000000000000192e-04
2.460003028472221922e+06,9.996069570557405415e-01,4.000000000000000192e-04
2.460003029166666791e+06,1.000311226664724273e+00,4.000000000000000192e-04
2.460003029861111194e+06,9.996348885387691396e-01,4.000000000000000192e-04
2.460003030555555597e+06,9.994256454495589193e-01,4.000000000000000192e-04
2.460003031250000000e+06,1.000044547057727717e+00,4.000000000000000192e-04
2.460003031944444403e+06,9.994835209040723312e-01,4.000000000000000192e-04
2.460003032638888806e+06,1.000087291899769193e+00,4.000000000000000192e-04
2.460003033333333209e+06,9.999971590918008690e-01,4.000000000000000192e-04
2.460003034027777612e+06,1.000073406266703158e+00,4.000000000000000192e-04
2.460003034722222015e+06,1.000260058485150871e+00,4.000000000000000192e-04
2.460003035416666418e+06,9.998476097619179992e-01,4.000000000000000192e-04
2.460003036111110821e+06,9.999745130819056582e-01,4.000000000000000192e-04
2.460003036805555690e+06,1.000294728789538512e+00,4.000000000000000192e-04
2.460003037500000093e+06,1.000092804210918729e+00,4.000000000000000192e-04
2.460003038194444496e+06,9.997774462999051703e-01,4.000000000000000192e-04
2.460003038888888899e+06,9.997870272188406071e-01,4.000000000000000192e-04
2.460003039583333302e+06,9.994405405934472242e-01,4.000000000000000192e-04
2.460003040277777705e+06,1.000355102129793394e+00,4.000000000000000192e-04
2.460003040972222108e+06,9.999369857736578604e-01,4.000000000000000192e-04
2.460003041666666511e+06,9.995995370738353092e-01,4.000000000000000192e-04
2.460003042361110914e+06,9.994207752631695252e-01,4.000000000000000192e-04
2.460003043055555318e+06,1.000399173935242469e+00,4.000000000000000192e-04
2.460003043749999721e+06,1.000108585051975307e+00,4.000000000000000192e-04
2.460003044444444124e+06,1.000344769605512996e+00,4.000000000000000192e-04
2.460003045138888992e+06,9.996828041176475388e-01,4.000000000000000192e-04
2.460003045833333395e+06,9.998478722699321031e-01,4.000000000000000192e-04
2.460003046527777798e+06,1.000117876223000524e+00,4.000000000000000192e-04
2.460003047222222202e+06,9.999193908699400835e-01,4.000000000000000192e-04
2.460003047916666605e+06,9.996110896470923324e-01,4.000000000000000192e-04
2.460003048611111008e+06,1.000413742553176499e+00,4.000000000000000192e-04
2.460003049305555411e+06,1.000234441805537333e+00,4.000000000000000192e-04
2.460003049999999814e+06,9.994131365649341348e-01,4.000000000000000192e-04
2.460003050694444217e+06,9.999543922761934267e-01,4.000000000000000192e-04
2.460003051388888620e+06,1.000360828954127035e+00,4.000000000000000192e-04
2.460003052083333023e+06,9.997749951645905631e-01,4.000000000000000192e-04
2.460003052777777892e+06,1.000699734420363418e+00,4.000000000000000192e-04
2.460003053472222295e+06,9.996294935016021288e-01,4.000000000000000192e-04
2.460003054166666698e+06,1.000147034461583040e+00,4.000000000000000192e-04
2.460003054861111101e+06,9.987808180712721695e-01,4.000000000000000192e-04
2.460003055555555504e+06,9.997626352345715395e-01,4.000000000000000192e-04
2.460003056249999907e+06,9.996871258936050886e-01,4.000000000000000192e-04
2.460003056944444310e+06,1.000003265192532131e+00,4.000000000000000192e-04
2.460003057638888713e+06,1.000037809189596727e+00,4.000000000000000192e-04
2.460003058333333116e+06,9.997075494044921351e-01,4.000000000000000192e-04
2.460003059027777519e+06,9.998135410763129283e-01,4.000000000000000192e-04
2.460003059722221922e+06,1.000845274179310351e+00,4.000000000000000192e-04
2.460003060416666791e+06,1.000069547951119686e+00,4.000000000000000192e-04
2.460003061111111194e+06,9.999769974905902137e-01,4.000000000000000192e-04
2.460003061805555597e+06,1.000402316052606766e+00,4.000000000000000192e-04
2.460003062500000000e+06,9.995833017193228587e-01,4.000000000000000192e-04
2.460003063194444403e+06,9.997203945607029407e-01,4.000000000000000192e-04
2.460003063888888806e+06,9.995491029578792430e-01,4.000000000000000192e-04
2.460003064583333209e+06,9.998169176869932118e-01,4.000000000000000192e-04
2.460003065277777612e+06,9.995981568981687770e-01,4.000000000000000192e-04
2.460003065972222015e+06,1.000034219056276541e+00,4.000000000000000192e-04
2.460003066666666418e+06,9.998154228073298233e-01,4.000000000000000192e-04
2.460003067361110821e+06,1.000831071516125492e+00,4.000000000000000192e-04
2.460003068055555690e+06,9.997734029184336402e-01,4.000000000000000192e-04
2.460003068750000093e+06,1.000383937251265953e+00,4.000000000000000192e-04
2.460003069444444496e+06,1.000263490504612163e+00,4.000000000000000192e-04
2.460003070138888899e+06,9.997135777362241571e-01,4.000000000000000192e-04
2.460003070833333302e+06,1.000590584272625483e+00,4.000000000000000192e-04
2.460003071527777705e+06,1.000078072718243005e+00,4.000000000000000192e-04
2.460003072222222108e+06,1.000062622039260551e+00,4.000000000000000192e-04
2.460003072916666511e+06,1.000485296271058422e+00,4.000000000000000192e-04
2.460003073611110914e+06,9.995672208738022313e-01,4.000000000000000192e-04
2.460003074305555318e+06,1.000323171786627663e+00,4.000000000000000192e-04
2.460003074999999721e+06,1.000221230304888742e+00,4.000000000000000192e-04
2.460003075694444124e+06,1.000055067165537048e+00,4.000000000000000192e-04
2.460003076388888992e+06,1.000172381424431878e+00,4.000000000000000192e-04
2.460003077083333395e+06,9.998246278317256541e-01,4.000000000000000192e-04
2.460003077777777798e+06,9.998264679322550474e-01,4.000000000000000192e-04
2.460003078472222202e+06,9.999779375356369071e-01,4.000000000000000192e-04
2.460003079166666605e+06,1.000104754782697780e+00,4.000000000000000192e-04
2.460003079861111008e+06,1.000233407606134328e+00,4.000000000000000192e-04
2.460003080555555411e+06,9.998728043132393273e-01,4.000000000000000192e-04
2.460003081249999814e+06,1.000202102918020586e+00,4.000000000000000192e-04
2.460003081944444217e+06,9.994629125667833236e-01,4.000000000000000192e-04
2.460003082638888620e+06,1.000471035675573273e+00,4.000000000000000192e-04
2.460003083333333023e+06,1.000053802074351017e+00,4.000000000000000192e-04
2.460003084027777892e+06,9.995420689813411252e-01,4.000000000000000192e-04
2.460003084722222295e+06,9.997745937732271937e-01,4.000000000000000192e-04
2.460003085416666698e+06,9.996848250965871818e-01,4.000000000000000192e-04
2.460003086111111101e+06,9.995047556491944984e-01,4.000000000000000192e-04
2.460003086805555504e+06,1.000049674085177864e+00,4.000000000000000192e-04
2.460003087499999907e+06,1.000084051281555864e+00,4.000000000000000192e-04
2.460003088194444310e+06,9.993979449116384695e-01,4.000000000000000192e-04
2.460003088888888713e+06,1.000115733766211212e+00,4.000000000000000192e-04
2.460003089583333116e+06,9.997373808392501227e-01,4.000000000000000192e-04
2.460003090277777519e+06,9.999816239789590666e-01,4.000000000000000192e-04
2.460003090972221922e+06,9.998431414568468290e-01,4.000000000000000192e-04
2.460003091666666791e+06,9.999003389452763013e-01,4.000000000000000192e-04
2.460003092361111194e+06,1.000379145835929462e+00,4.000000000000000192e-04
2.460003093055555597e+06,9.999509214670584401e-01,4.000000000000000192e-04
2.460003093750000000e+06,9.990577053655921302e-01,4.000000000000000192e-04
2.460003094444444403e+06,9.997010267182850907e-01,4.000000000000000192e-04
2.460003095138888806e+06,1.000683531757879718e+00,4.000000000000000192e-04
2.460003095833333209e+06,1.000025431920136043e+00,4.000000000000000192e-04
2.460003096527777612e+06,9.994876968504975423e-01,4.000000000000000192e-04
2.460003097222222015e+06,9.997526998107379992e-01,4.000000000000000192e-04
2.460003097916666418e+06,9.996783041727934638e-01,4.000000000000000192e-04
2.460003098611110821e+06,1.000206847652209685e+00,4.000000000000000192e-04
2.460003099305555690e+06,1.000292259333989575e+00,4.000000000000000192e-04
2.460003100000000093e+06,9.997565482461657771e-01,4.000000000000000192e-04
2.460003100694444496e+06,1.000270100870135570e+00,4.000000000000000192e-04
2.460003101388888899e+06,9.997361413094596472e-01,4.000000000000000192e-04
2.460003102083333302e+06,1.000449228119778988e+00,4.000000000000000192e-04
2.460003102777777705e+06,1.000024802149811709e+00,4.000000000000000192e-04
2.460003103472222108e+06,9.998864366473420029e-01,4.000000000000000192e-04
2.460003104166666511e+06,1.000193802259890408e+00,4.000000000000000192e-04
2.460003104861110914e+06,1.000623048162213147e+00,4.000000000000000192e-04
2.460003105555555318e+06,1.000364228222509144e+00,4.000000000000000192e-04
2.460003106249999721e+06,9.993909788343932066e-01,4.000000000000000192e-04
2.460003106944444124e+06,1.000093850226390524e+00,4.000000000000000192e-04
2.460003107638888992e+06,9.992835207953587595e-01,4.000000000000000192e-04
2.460003108333333395e+06,9.996619780161002389e-01,4.000000000000000192e-04
2.460003109027777798e+06,1.000116254587352094e+00,4.000000000000000192e-04
2.460003109722222202e+06,1.000388097131212684e+00,4.000000000000000192e-04
2.460003110416666605e+06,1.000109038485055279e+00,4.000000000000000192e-04
2.460003111111111008e+06,1.000281011691364297e+00,4.000000000000000192e-04
2.460003111805555411e+06,9.997117604321282824e-01,4.000000000000000192e-04
2.460003112499999814e+06,1.000491220128112868e+00,4.000000000000000192e-04
2.460003113194444217e+06,1.000126437795777701e+00,4.000000000000000192e-04
2.460003113888888620e+06,1.000122722592141411e+00,4.000000000000000192e-04
2.460003114583333023e+06,9.991212519340761933e-01,4.000000000000000192e-04
2.460003115277777892e+06,1.000274378233803274e+00,4.000000000000000192e-04
2.460003115972222295e+06,9.998933623175391139e-01,4.000000000000000192e-04
2.460003116666666698e+06,9.996180857371957940e-01,4.000000000000000192e-04
2.460003117361111101e+06,9.991505561655849021e-01,4.000000000000000192e-04
2.460003118055555504e+06,1.000401744784563896e+00,4.000000000000000192e-04
2.460003118749999907e+06,9.997397066323430170e-01,4.000000000000000192e-04
2.460003119444444310e+06,1.000172835467585841e+00,4.000000000000000192e-04
2.460003120138888713e+06,1.000524619168678297e+00,4.000000000000000192e-04
2.460003120833333116e+06,1.000182825520473440e+00,4.000000000000000192e-04
2.460003121527777519e+06,1.000003329585945844e+00,4.000000000000000192e-04
2.460003122222221922e+06,9.995431875320842652e-01,4.000000000000000192e-04
2.460003122916666791e+06,1.000096642421293813e+00,4.000000000000000192e-04
2.460003123611111194e+06,1.000002939031475524e+00,4.000000000000000192e-04
2.460003124305555597e+06,9.999768170667746592e-01,4.000000000000000192e-04
2.460003125000000000e+06,1.000690647767345842e+00,4.000000000000000192e-04
2.460003125694444403e+06,9.999290234172607539e-01,4.000000000000000192e-04
2.460003126388888806e+06,1.000310241651261034e+00,4.000000000000000192e-04
2.460003127083333209e+06,9.998790177689034220e-01,4.000000000000000192e-04
2.460003127777777612e+06,1.000010587603984868e+00,4.000000000000000192e-04
2.460003128472222015e+06,1.000033762037082719e+00,4.000000000000000192e-04
2.460003129166666418e+06,9.997734500644582800e-01,4.000000000000000192e-04
2.460003129861110821e+06,1.000657475667502183e+00,4.000000000000000192e-04
2.460003130555555690e+06,9.997510463589824870e-01,4.000000000000000192e-04
2.460003131250000093e+06,1.000772199958734676e+00,4.000000000000000192e-04
2.460003131944444496e+06,1.000305510197905257e+00,4.000000000000000192e-04
2.460003132638888899e+06,9.997370180551028440e-01,4.000000000000000192e-04
2.460003133333333302e+06,9.997883783034405836e-01,4.000000000000000192e-04
2.460003134027777705e+06,9.997567278697019333e-01,4.000000000000000192e-04
2.460003134722222108e+06,9.995859721084590088e-01,4.000000000000000192e-04
2.460003135416666511e+06,9.998650782931861603e-01,4.000000000000000192e-04
2.460003136111110914e+06,1.000022335142496166e+00,4.000000000000000192e-04
2.460003136805555318e+06,1.000192667467942664e+00,4.000000000000000192e-04
2.460003137499999721e+06,1.000469863634649181e+00,4.000000000000000192e-04
2.460003138194444124e+06,1.000342462750684280e+00,4.000000000000000192e-04
2.460003138888888992e+06,9.999208247372082248e-01,4.000000000000000192e-04
2.460003139583333395e+06,1.000302495835701633e+00,4.000000000000000192e-04
2.460003140277777798e+06,9.999350117348799749e-01,4.000000000000000192e-04
2.460003140972222202e+06,1.000454964265176327e+00,4.000000000000000192e-04
2.460003141666666605e+06,1.000317362688667000e+00,4.000000000000000192e-04
2.460003142361111008e+06,1.000447825175021066e+00,4.000000000000000192e-04
2.460003143055555411e+06,1.000437893024046510e+00,4.000000000000000192e-04
2.460003143749999814e+06,9.998812370901278834e-01,4.000000000000000192e-04
2.460003144444444217e+06,1.000211995890411876e+00,4.000000000000000192e-04
2.460003145138888620e+06,1.000076413635475836e+00,4.000000000000000192e-04
2.460003145833333023e+06,9.999910524721984384e-01,4.000000000000000192e-04
2.460003146527777892e+06,1.000010570755890615e+00,4.000000000000000192e-04
2.460003147222222295e+06,1.000864911068217511e+00,4.000000000000000192e-04
2.460003147916666698e+06,1.000339899216317940e+00,4.000000000000000192e-04
2.460003148611111101e+06,9.995216759367602233e-01,4.000000000000000192e-04
2.460003149305555504e+06,9.997517310657536571e-01,4.000000000000000192e-04
2.460003149999999907e+06,9.993003576888439543e-01,4.000000000000000192e-04
2.460003150694444310e+06,1.000014694136952986e+00,4.000000000000000192e-04
2.460003151388888713e+06,9.994287692315325655e-01,4.000000000000000192e-04
2.460003152083333116e+06,1.000541024142538316e+00,4.000000000000000192e-04
2.460003152777777519e+06,9.999923533863082081e-01,4.000000000000000192e-04
2.460003153472221922e+06,1.000166947496247127e+00,4.000000000000000192e-04
2.460003154166666791e+06,1.000758182152623244e+00,4.000000000000000192e-04
2.460003154861111194e+06,9.998559569838447736e-01,4.000000000000000192e-04
2.460003155555555597e+06,1.000002613553764741e+00,4.000000000000000192e-04
2.460003156250000000e+06,9.998173626995259244e-01,4.000000000000000192e-04
2.460003156944444403e+06,1.000252507007878267e+00,4.000000000000000192e-04
2.460003157638888806e+06,1.000658761221893789e+00,4.000000000000000192e-04
2.460003158333333209e+06,1.000055622919843623e+00,4.000000000000000192e-04
2.460003159027777612e+06,1.000128095178074883e+00,4.000000000000000192e-04
2.460003159722222015e+06,1.000114960828047961e+00,4.000000000000000192e-04
2.460003160416666418e+06,9.999670483732125970e-01,4.000000000000000192e-04
2.460003161111110821e+06,9.999383574718118117e-01,4.000000000000000192e-04
2.460003161805555690e+06,1.000064095171215417e+00,4.000000000000000192e-04
2.460003162500000093e+06,9.995490990423436806e-01,4.000000000000000192e-04
2.460003163194444496e+06,9.995859760937269023e-01,4.000000000000000192e-04
2.460003163888888899e+06,9.999847858766796049e-01,4.000000000000000192e-04
2.460003164583333302e+06,9.999871681240721788e-01,4.000000000000000192e-04
2.460003165277777705e+06,9.988531172898181820e-01,4.000000000000000192e-04
2.460003165972222108e+06,1.000903808618488711e+00,4.000000000000000192e-04
2.460003166666666511e+06,9.995308006548149216e-01,4.000000000000000192e-04
2.460003167361110914e+06,9.991663166977647892e-01,4.000000000000000192e-04
2.460003168055555318e+06,9.997694433056933949e-01,4.000000000000000192e-04
2.460003168749999721e+06,9.990604903894981792e-01,4.000000000000000192e-04
2.460003169444444124e+06,9.997738411770947797e-01,4.000000000000000192e-04
2.460003170138888992e+06,1.000670372465832125e+00,4.000000000000000192e-04
2.460003170833333395e+06,9.997092161445080283e-01,4.000000000000000192e-04
2.460003171527777798e+06,9.994349036614637027e-01,4.000000000000000192e-04
2.460003172222222202e+06,9.999222249741341884e-01,4.000000000000000192e-04
2.460003172916666605e+06,1.000217329552289591e+00,4.000000000000000192e-04
2.460003173611111008e+06,9.998433210874945187e-01,4.000000000000000192e-04
2.460003174305555411e+06,9.999633636879172727e-01,4.000000000000000192e-04
2.460003174999999814e+06,1.000186311507228698e+00,4.000000000000000192e-04
2.460003175694444217e+06,9.999116528830958028e-01,4.000000000000000192e-04
2.460003176388888620e+06,1.000163453549071990e+00,4.000000000000000192e-04
2.460003177083333023e+06,1.000083157038055059e+00,4.000000000000000192e-04
2.460003177777777892e+06,9.998133122006671591e-01,4.000000000000000192e-04
2.460003178472222295e+06,9.991401003472185627e-01,4.000000000000000192e-04
2.460003179166666698e+06,9.999410896282316941e-01,4.000000000000000192e-04
2.460003179861111101e+06,9.997823688915409290e-01,4.000000000000000192e-04
2.460003180555555504e+06,9.997514320837895818e-01,4.000000000000000192e-04
2.460003181249999907e+06,1.000029591692579212e+00,4.000000000000000192e-04
2.460003181944444310e+06,9.999023842251565375e-01,4.000000000000000192e-04
2.460003182638888713e+06,1.000864294993774717e+00,4.000000000000000192e-04
2.460003183333333116e+06,9.993065245726994172e-01,4.000000000000000192e-04
2.460003184027777519e+06,9.996633693278306199e-01,4.000000000000000192e-04
2.460003184722221922e+06,1.000386367326154380e+00,4.000000000000000192e-04
2.460003185416666791e+06,9.998125348271921231e-01,4.000000000000000192e-04
2.460003186111111194e+06,9.993672776517811274e-01,4.000000000000000192e-04
2.460003186805555597e+06,1.000376706006871119e+00,4.000000000000000192e-04
2.460003187500000000e+06,9.994762251066543479e-01,4.000000000000000192e-04
2.460003188194444403e+06,9.993448276517481466e-01,4.000000000000000192e-04
2.460003188888888806e+06,1.000026362542563829e+00,4.000000000000000192e-04
2.460003189583333209e+06,1.000173003655762560e+00,4.000000000000000192e-04
2.460003190277777612e+06,1.000094068263252867e+00,4.000000000000000192e-04
2.460003190972222015e+06,1.000210072805354011e+00,4.000000000000000192e-04
2.460003191666666418e+06,1.000725784796042239e+00,4.000000000000000192e-04
2.460003192361110821e+06,1.000341402845710270e+00,4.000000000000000192e-04
2.460003193055555690e+06,1.000017219348372510e+00,4.000000000000000192e-04
2.460003193750000093e+06,1.000486594266990048e+00,4.000000000000000192e-04
2.460003194444444496e+06,1.000573193695001084e+00,4.000000000000000192e-04
2.460003195138888899e+06,9.999273028724532386e-01,4.000000000000000192e-04
2.460003195833333302e+06,9.996979523952144175e-01,4.000000000000000192e-04
2.460003196527777705e+06,1.000127675615051670e+00,4.000000000000000192e-04
2.460003197222222108e+06,1.000150160993533488e+00,4.000000000000000192e-04
2.460003197916666511e+06,1.000369228295594937e+00,4.000000000000000192e-04
2.460003198611110914e+06,9.998220610904450245e-01,4.000000000000000192e-04
2.460003199305555318e+06,9.998978666098319312e-01,4.000000000000000192e-04
2.460003199999999721e+06,1.000052640700445084e+00,4.000000000000000192e-04
2.460003200694444124e+06,9.999696623771912041e-01,4.000000000000000192e-04
2.460003201388888992e+06,1.000686020359170092e+00,4.000000000000000192e-04
2.460003202083333395e+06,9.999897262141171916e-01,4.000000000000000192e-04
2.460003202777777798e+06,1.000209453501603507e+00,4.000000000000000192e-04
2.460003203472222202e+06,1.000584148319865863e+00,4.000000000000000192e-04
2.460003204166666605e+06,9.998917708072577737e-01,4.000000000000000192e-04
2.460003204861111008e+06,1.000078208374057809e+00,4.000000000000000192e-04
2.460003205555555411e+06,9.995773038673699817e-01,4.000000000000000192e-04
2.460003206249999814e+06,9.999466414234262635e-01,4.000000000000000192e-04
2.460003206944444217e+06,1.000572209239564581e+00,4.000000000000000192e-04
2.460003207638888620e+06,9.998236305927152845e-01,4.000000000000000192e-04
2.460003208333333023e+06,9.993644806293660032e-01,4.000000000000000192e-04
2.460003209027777892e+06,1.000346693423844302e+00,4.000000000000000192e-04
2.460003209722222295e+06,1.000589459652014845e+00,4.000000000000000192e-04
2.460003210416666698e+06,9.998118896076302331e-01,4.000000000000000192e-04
2.460003211111111101e+06,9.995245169163350374e-01,4.000000000000000192e-04
2.460003211805555504e+06,1.000483390211270418e+00,4.000000000000000192e-04
2.460003212499999907e+06,1.000558712957368979e+00,4.000000000000000192e-04
2.460003213194444310e+06,9.993956781172728121e-01,4.000000000000000192e-04
2.460003213888888713e+06,9.995789397352267125e-01,4.000000000000000192e-04
2.460003214583333116e+06,1.000465405320694279e+00,4.000000000000000192e-04
2.460003215277777519e+06,1.000245394272464283e+00,4.000000000000000192e-04
2.460003215972221922e+06,1.000751477161527125e+00,4.000000000000000192e-04
2.460003216666666791e+06,1.000239522937131476e+00,4.000000000000000192e-04
2.460003217361111194e+06,1.000179312273012489e+00,4.000000000000000192e-04
2.460003218055555597e+06,9.996293339715716098e-01,4.000000000000000192e-04
2.460003218750000000e+06,1.000196903553877137e+00,4.000000000000000192e-04
2.460003219444444403e+06,1.000263706308511358e+00,4.000000000000000192e-04
2.460003220138888806e+06,9.996934333105970127e-01,4.000000000000000192e-04
2.460003220833333209e+06,9.999573288318682751e-01,4.000000000000000192e-04
2.460003221527777612e+06,9.996753256756994999e-01,4.000000000000000192e-04
2.460003222222222015e+06,9.994343495627350249e-01,4.000000000000000192e-04
2.460003222916666418e+06,1.000113227528559356e+00,4.000000000000000192e-04
2.460003223611110821e+06,9.997937486358602355e-01,4.000000000000000192e-04
2.460003224305555690e+06,1.000078903577868994e+00,4.000000000000000192e-04
2.460003225000000093e+06,9.999340545631353327e-01,4.000000000000000192e-04
2.460003225694444496e+06,9.999837480471700513e-01,4.000000000000000192e-04
2.460003226388888899e+06,9.999577650835935749e-01,4.000000000000000192e-04
2.460003227083333302e+06,1.000214152729046235e+00,4.000000000000000192e-04
2.460003227777777705e+06,9.997722889015804304e-01,4.000000000000000192e-04
2.460003228472222108e+06,1.000050803243206055e+00,4.000000000000000192e-04
2.460003229166666511e+06,9.992560110441710552e-01,4.000000000000000192e-04
2.460003229861110914e+06,9.998281487694914427e-01,4.000000000000000192e-04
2.460003230555555318e+06,1.000446946750096711e+00,4.000000000000000192e-04
2.460003231249999721e+06,1.000262222174304050e+00,4.000000000000000192e-04
2.460003231944444124e+06,1.000316972277518701e+00,4.000000000000000192e-04
2.460003232638888992e+06,1.000079914934153935e+00,4.000000000000000192e-04
2.460003233333333395e+06,9.991486439838764833e-01,4.000000000000000192e-04
2.460003234027777798e+06,9.997259295609923768e-01,4.000000000000000192e-04
2.460003234722222202e+06,9.998697718926935485e-01,4.000000000000000192e-04
2.460003235416666605e+06,9.999934664237354331e-01,4.000000000000000192e-04
2.460003236111111008e+06,1.000170628525004934e+00,4.000000000000000192e-04
2.460003236805555411e+06,9.997433919048436257e-01,4.000000000000000192e-04
2.460003237499999814e+06,1.000387788975999115e+00,4.000000000000000192e-04
2.460003238194444217e+06,1.000385975138118777e+00,4.000000000000000192e-04
2.460003238888888620e+06,9.998686379523942236e-01,4.000000000000000192e-04
2.460003239583333023e+06,1.000520084307068958e+00,4.000000000000000192e-04
2.460003240277777892e+06,1.000196892544256144e+00,4.000000000000000192e-04
2.460003240972222295e+06,9.996127537960280973e-01,4.000000000000000192e-04
2.460003241666666698e+06,9.999541916346610382e-01,4.000000000000000192e-04
2.460003242361111101e+06,1.000190773339115324e+00,4.000000000000000192e-04
2.460003243055555504e+06,9.996186793558161643e-01,4.000000000000000192e-04
2.460003243749999907e+06,1.000272550211424250e+00,4.000000000000000192e-04
2.460003244444444310e+06,9.996474550157985473e-01,4.000000000000000192e-04
2.460003245138888713e+06,9.999344439874056079e-01,4.000000000000000192e-04
2.460003245833333116e+06,1.000176470570676823e+00,4.000000000000000192e-04
2.460003246527777519e+06,9.995520468075012044e-01,4.000000000000000192e-04
2.460003247222221922e+06,9.998601091391348117e-01,4.000000000000000192e-04
2.460003247916666791e+06,9.997123620002379418e-01,4.000000000000000192e-04
2.460003248611111194e+06,1.000056984144499062e+00,4.000000000000000192e-04
2.460003249305555597e+06,9.998865411237034539e-01,4.000000000000000192e-04
2.460003250000000000e+06,1.000219004905278153e+00,4.000000000000000192e-04
2.460003250694444403e+06,1.000065807844917831e+00,4.000000000000000192e-04
2.460003251388888806e+06,1.000025269605260059e+00,4.000000000000000192e-04
2.460003252083333209e+06,1.000469042486012095e+00,4.000000000000000192e-04
2.460003252777777612e+06,1.000541938647480533e+00,4.000000000000000192e-04
2.460003253472222015e+06,9.997815143830697249e-01,4.000000000000000192e-04
2.460003254166666418e+06,9.998413743842138324e-01,4.000000000000000192e-04
2.460003254861110821e+06,9.997973551206226217e-01,4.000000000000000192e-04
2.460003255555555690e+06,9.996269347917642323e-01,4.000000000000000192e-04
2.460003256250000093e+06,1.000530947042864938e+00,4.000000000000000192e-04
2.460003256944444496e+06,9.993717807854920476e-01,4.000000000000000192e-04
2.460003257638888899e+06,9.993572769686943635e-01,4.000000000000000192e-04
2.460003258333333302e+06,1.000360557644424109e+00,4.000000000000000192e-04
2.460003259027777705e+06,9.999817631166614262e-01,4.000000000000000192e-04
2.460003259722222108e+06,9.998487100337416500e-01,4.000000000000000192e-04
2.460003260416666511e+06,1.000063238955797962e+00,4.000000000000000192e-04
2.460003261111110914e+06,9.998864620363171474e-01,4.000000000000000192e-04
2.460003261805555318e+06,9.997508880582836044e-01,4.000000000000000192e-04
2.460003262499999721e+06,1.000220639671682399e+00,4.000000000000000192e-04
2.460003263194444124e+06,1.000021681311537458e+00,4.000000000000000192e-04
2.460003263888888992e+06,1.000584054546901802e+00,4.000000000000000192e-04
2.460003264583333395e+06,9.995457139323260520e-01,4.000000000000000192e-04
2.460003265277777798e+06,1.000623548693498677e+00,4.000000000000000192e-04
2.460003265972222202e+06,9.990134290965075881e-01,4.000000000000000192e-04
2.460003266666666605e+06,9.996902882033309456e-01,4.000000000000000192e-04
2.460003267361111008e+06,1.000399317791213605e+00,4.000000000000000192e-04
2.460003268055555411e+06,9.996927586270089039e-01,4.000000000000000192e-04
2.460003268749999814e+06,1.000019143601109661e+00,4.000000000000000192e-04
2.460003269444444217e+06,1.000492711945092150e+00,4.000000000000000192e-04
2.460003270138888620e+06,1.000420818342248941e+00,4.000000000000000192e-04
2.460003270833333023e+06,9.996781756989454593e-01,4.000000000000000192e-04
2.460003271527777892e+06,9.997815555490312533e-01,4.000000000000000192e-04
2.460003272222222295e+06,9.995447387188949318e-01,4.000000000000000192e-04
2.460003272916666698e+06,1.000408808492431190e+00,4.000000000000000192e-04
2.460003273611111101e+06,9.999447168896148375e-01,4.000000000000000192e-04
2.460003274305555504e+06,1.000076586670634704e+00,4.000000000000000192e-04
2.460003274999999907e+06,1.000141469974477282e+00,4.000000000000000192e-04
2.460003275694444310e+06,1.000177230419644125e+00,4.000000000000000192e-04
2.460003276388888713e+06,9.995698405000584819e-01,4.000000000000000192e-04
2.460003277083333116e+06,9.997042349303297826e-01,4.000000000000000192e-04
2.460003277777777519e+06,1.000178169557935925e+00,4.000000000000000192e-04
2.460003278472221922e+06,1.000170255257035068e+00,4.000000000000000192e-04
2.460003279166666791e+06,9.996924873979698978e-01,4.000000000000000192e-04
2.460003279861111194e+06,1.000116924049449407e+00,4.000000000000000192e-04
2.460003280555555597e+06,9.998823140432400169e-01,4.000000000000000192e-04
2.460003281250000000e+06,1.000182189366665586e+00,4.000000000000000192e-04
2.460003281944444403e+06,9.999816701879680192e-01,4.000000000000000192e-04
2.460003282638888806e+06,9.995527083299783344e-01,4.000000000000000192e-04
2.460003283333333209e+06,9.997257138859845238e-01,4.000000000000000192e-04
2.460003284027777612e+06,1.000012121656640440e+00,4.000000000000000192e-04
2.460003284722222015e+06,1.000288533239346078e+00,4.000000000000000192e-04
2.460003285416666418e+06,9.998537337547882542e-01,4.000000000000000192e-04
2.460003286111110821e+06,9.993897524537905808e-01,4.000000000000000192e-04
2.460003286805555690e+06,1.000121749037471863e+00,4.000000000000000192e-04
2.460003287500000093e+06,9.998990243293841562e-01,4.000000000000000192e-04
2.460003288194444496e+06,9.995597165134346707e-01,4.000000000000000192e-04
2.460003288888888899e+06,9.992364821134230857e-01,4.000000000000000192e-04
2.460003289583333302e+06,1.000509829308768195e+00,4.000000000000000192e-04
2.460003290277777705e+06,9.997306830270458189e-01,4.000000000000000192e-04
2.460003290972222108e+06,9.994757128014823966e-01,4.000000000000000192e-04
2.460003291666666511e+06,9.999642674022850564e-01,4.000000000000000192e-04
2.460003292361110914e+06,1.000269881059623112e+00,4.000000000000000192e-04
2.460003293055555318e+06,9.997958923903974560e-01,4.000000000000000192e-04
2.460003293749999721e+06,1.000382747723322030e+00,4.000000000000000192e-04
2.460003294444444124e+06,9.999483268292310711e-01,4.000000000000000192e-04
2.460003295138888992e+06,9.995850622826238929e-01,4.000000000000000192e-04
2.460003295833333395e+06,1.000335976192880505e+00,4.000000000000000192e-04
2.460003296527777798e+06,9.991693942904028569e-01,4.000000000000000192e-04
2.460003297222222202e+06,9.992757533351639410e-01,4.000000000000000192e-04
2.460003297916666605e+06,9.993566819140664581e-01,4.000000000000000192e-04
2.460003298611111008e+06,9.998755478149325970e-01,4.000000000000000192e-04
2.460003299305555411e+06,9.999841094809963638e-01,4.000000000000000192e-04
2.460003299999999814e+06,9.998316014766585047e-01,4.000000000000000192e-04
2.460003300694444217e+06,1.000461049535419145e+00,4.000000000000000192e-04
2.460003301388888620e+06,1.000127732300512662e+00,4.000000000000000192e-04
2.460003302083333023e+06,9.996540176882647843e-01,4.000000000000000192e-04
2.460003302777777892e+06,1.000200519706691438e+00,4.000000000000000192e-04
2.460003303472222295e+06,9.994983426276983218e-01,4.000000000000000192e-04
2.460003304166666698e+06,9.990993867103088455e-01,4.000000000000000192e-04
2.460003304861111101e+06,1.000372861947182335e+00,4.000000000000000192e-04
2.460003305555555504e+06,9.999660494151376700e-01,4.000000000000000192e-04
2.460003306249999907e+06,1.000009861335126260e+00,4.000000000000000192e-04
2.460003306944444310e+06,1.000629098478352574e+00,4.000000000000000192e-04
2.460003307638888713e+06,9.998598161286679220e-01,4.000000000000000192e-04
2.460003308333333116e+06,9.996630442308805931e-01,4.000000000000000192e-04
2.460003309027777519e+06,9.999185420716016903e-01,4.000000000000000192e-04
2.460003309722221922e+06,9.999448476551533460e-01,4.000000000000000192e-04
2.460003310416666791e+06,9.997541704531833773e-01,4.000000000000000192e-04
2.460003311111111194e+06,9.999979924659615493e-01,4.000000000000000192e-04
2.460003311805555597e+06,1.000165508298204609e+00,4.000000000000000192e-04
2.460003312500000000e+06,1.000206982757166907e+00,4.000000000000000192e-04
2.460003313194444403e+06,9.998036504012394188e-01,4.000000000000000192e-04
2.460003313888888806e+06,9.998645205289913296e-01,4.000000000000000192e-04
2.460003314583333209e+06,9.995800045362245312e-01,4.000000000000000192e-04
2.460003315277777612e+06,9.992165156357587508e-01,4.000000000000000192e-04
2.460003315972222015e+06,9.991793295535705832e-01,4.000000000000000192e-04
2.460003316666666418e+06,9.995351361831533721e-01,4.000000000000000192e-04
2.460003317361110821e+06,9.996142181812603944e-01,4.000000000000000192e-04
2.460003318055555690e+06,1.000395408769117589e+00,4.000000000000000192e-04
2.460003318750000093e+06,9.996781265951371065e-01,4.000000000000000192e-04
2.460003319444444496e+06,9.997049163078604028e-01,4.000000000000000192e-04
2.460003320138888899e+06,1.000146030442249812e+00,4.000000000000000192e-04
2.460003320833333302e+06,1.000559168064124815e+00,4.000000000000000192e-04
2.460003321527777705e+06,9.999021036452609978e-01,4.000000000000000192e-04
2.460003322222222108e+06,1.000951067109799641e+00,4.000000000000000192e-04
2.460003322916666511e+06,9.993098798740414068e-01,4.000000000000000192e-04
2.460003323611110914e+06,9.995594860561762829e-01,4.000000000000000192e-04
2.460003324305555318e+06,1.000323824173024567e+00,4.000000000000000192e-04
2.460003324999999721e+06,1.000507589752242632e+00,4.000000000000000192e-04
2.460003325694444124e+06,1.000178161486104278e+00,4.000000000000000192e-04
2.460003326388888992e+06,9.997232539147813402e-01,4.000000000000000192e-04
2.460003327083333395e+06,9.999616262719311921e-01,4.000000000000000192e-04
2.460003327777777798e+06,9.998634378858940464e-01,4.000000000000000192e-04
2.460003328472222202e+06,1.000236839880891848e+00,4.000000000000000192e-04
2.460003329166666605e+06,9.998445934497435239e-01,4.000000000000000192e-04
2.460003329861111008e+06,1.000449954017263776e+00,4.000000000000000192e-04
2.460003330555555411e+06,1.000454391855858605e+00,4.000000000000000192e-04
2.460003331249999814e+06,9.995226380606906380e-01,4.000000000000000192e-04
2.460003331944444217e+06,1.000153511407758655e+00,4.000000000000000192e-04
2.460003332638888620e+06,9.999082661326562649e-01,4.000000000000000192e-04
2.460003333333333023e+06,1.000209162984994515e+00,4.000000000000000192e-04
2.460003334027777892e+06,1.000068346432585908e+00,4.000000000000000192e-04
2.460003334722222295e+06,9.995743260750460379e-01,4.000000000000000192e-04
2.460003335416666698e+06,9.999802577042901097e-01,4.000000000000000192e-04
2.460003336111111101e+06,1.000249952878432547e+00,4.000000000000000192e-04
2.460003336805555504e+06,9.998792105636360450e-01,4.000000000000000192e-04
2.460003337499999907e+06,9.990637686887399171e-01,4.000000000000000192e-04
2.460003338194444310e+06,9.995957511245558980e-01,4.000000000000000192e-04
2.460003338888888713e+06,9.996048096755997259e-01,4.000000000000000192e-04
2.460003339583333116e+06,1.000201029625324090e+00,4.000000000000000192e-04
2.460003340277777519e+06,9.997983812950785865e-01,4.000000000000000192e-04
2.460003340972221922e+06,9.994011647204330551e-01,4.000000000000000192e-04
2.460003341666666791e+06,9.999563869498483415e-01,4.000000000000000192e-04
2.460003342361111194e+06,1.000117548840948389e+00,4.000000000000000192e-04
2.460003343055555597e+06,1.000053126386327929e+00,4.000000000000000192e-04
2.460003343750000000e+06,9.998602854911426974e-01,4.000000000000000192e-04
2.460003344444444403e+06,9.999455155997490907e-01,4.000000000000000192e-04
2.460003345138888806e+06,9.995316793941908529e-01,4.000000000000000192e-04
2.460003345833333209e+06,9.996584543600838257e-01,4.000000000000000192e-04
2.460003346527777612e+06,9.994867653939063512e-01,4.000000000000000192e-04
2.460003347222222015e+06,1.000471367450503690e+00,4.000000000000000192e-04
2.460003347916666418e+06,1.000531281632397240e+00,4.000000000000000192e-04
2.460003348611110821e+06,1.000960751821859063e+00,4.000000000000000192e-04
2.460003349305555690e+06,9.997671656679338881e-01,4.000000000000000192e-04
2.460003350000000093e+06,9.998916453588586606e-01,4.000000000000000192e-04
2.460003350694444496e+06,1.000550170994407573e+00,4.000000000000000192e-04
2.460003351388888899e+06,1.000757548371181249e+00,4.000000000000000192e-04
2.460003352083333302e+06,9.995186613836322120e-01,4.000000000000000192e-04
2.460003352777777705e+06,9.996845260341028494e-01,4.000000000000000192e-04
2.460003353472222108e+06,1.000070048627380137e+00,4.000000000000000192e-04
2.460003354166666511e+06,1.000684885753809761e+00,4.000000000000000192e-04
2.460003354861110914e+06,9.997605909371578559e-01,4.000000000000000192e-04
2.460003355555555318e+06,9.995670722247912421e-01,4.000000000000000192e-04
2.460003356249999721e+06,9.999050689198933917e-01,4.000000000000000192e-04
2.460003356944444124e+06,1.000229595055807330e+00,4.000000000000000192e-04
2.460003357638888992e+06,9.995856322239162761e-01,4.000000000000000192e-04
2.460003358333333395e+06,9.998285329772560459e-01,4.000000000000000192e-04
2.460003359027777798e+06,1.000212036482375000e+00,4.000000000000000192e-04
2.460003359722222202e+06,9.995700302444617824e-01,4.000000000000000192e-04
2.460003360416666605e+06,1.000077479072698505e+00,4.000000000000000192e-04
2.460003361111111008e+06,9.999196717394157607e-01,4.000000000000000192e-04
2.460003361805555411e+06,9.996030115336351773e-01,4.000000000000000192e-04
2.460003362499999814e+06,1.000208883713844088e+00,4.000000000000000192e-04
2.460003363194444217e+06,9.994744874738551443e-01,4.000000000000000192e-04
2.460003363888888620e+06,9.996691681450760036e-01,4.000000000000000192e-04
2.460003364583333023e+06,9.997428023700271060e-01,4.000000000000000192e-04
2.460003365277777892e+06,1.000551850121783382e+00,4.000000000000000192e-04
2.460003365972222295e+06,1.000126537059274456e+00,4.000000000000000192e-04
2.460003366666666698e+06,9.999583187640417314e-01,4.000000000000000192e-04
2.460003367361111101e+06,1.000039759428214214e+00,4.000000000000000192e-04
2.460003368055555504e+06,1.000352663759075167e+00,4.000000000000000192e-04
2.460003368749999907e+06,9.998322523298219799e-01,4.000000000000000192e-04
2.460003369444444310e+06,9.998848946271171600e-01,4.000000000000000192e-04
2.460003370138888713e+06,1.000183074923619575e+00,4.000000000000000192e-04
2.460003370833333116e+06,1.000342496375704160e+00,4.000000000000000192e-04
2.460003371527777519e+06,1.000023337190901973e+00,4.000000000000000192e-04
2.460003372222221922e+06,1.000136304442809099e+00,4.000000000000000192e-04
2.460003372916666791e+06,9.994109493478269268e-01,4.000000000000000192e-04
2.460003373611111194e+06,9.994192562166741567e-01,4.000000000000000192e-04
2.460003374305555597e+06,9.991284353608004265e-01,4.000000000000000192e-04
2.460003375000000000e+06,1.000717526991206752e+00,4.000000000000000192e-04
2.460003375694444403e+06,1.000092636742358154e+00,4.000000000000000192e-04
2.460003376388888806e+06,1.000171895715106674e+00,4.000000000000000192e-04
2.460003377083333209e+06,1.000261470140177300e+00,4.000000000000000192e-04
2.460003377777777612e+06,1.000605781963884722e+00,4.000000000000000192e-04
2.460003378472222015e+06,1.000405660868045388e+00,4.000000000000000192e-04
2.460003379166666418e+06,1.000065272070621125e+00,4.000000000000000192e-04
2.460003379861110821e+06,9.995956147600609798e-01,4.000000000000000192e-04
2.460003380555555690e+06,9.999940998858013463e-01,4.000000000000000192e-04
2.460003381250000093e+06,1.000355461875682250e+00,4.000000000000000192e-04
2.460003381944444496e+06,9.999545442439465859e-01,4.000000000000000192e-04
2.460003382638888899e+06,1.000147165122939219e+00,4.000000000000000192e-04
2.460003383333333302e+06,1.000193003343225584e+00,4.000000000000000192e-04
2.460003384027777705e+06,1.000423843483527531e+00,4.000000000000000192e-04
2.460003384722222108e+06,1.000224252430101712e+00,4.000000000000000192e-04
2.460003385416666511e+06,1.000455874539626810e+00,4.000000000000000192e-04
2.460003386111110914e+06,1.000097953166538822e+00,4.000000000000000192e-04
2.460003386805555318e+06,1.000525216168292486e+00,4.000000000000000192e-04
2.460003387499999721e+06,1.000415723112083599e+00,4.000000000000000192e-04
2.460003388194444124e+06,1.000874854121105217e+00,4.000000000000000192e-04
2.460003388888888992e+06,1.000488732129979796e+00,4.000000000000000192e-04
2.460003389583333395e+06,1.000295298471593597e+00,4.000000000000000192e-04
2.460003390277777798e+06,9.997931186998673114e-01,4.000000000000000192e-04
2.460003390972222202e+06,9.996418929062390601e-01,4.000000000000000192e-04
2.460003391666666605e+06,1.000068529636384485e+00,4.000000000000000192e-04
2.460003392361111008e+06,9.995967396572529307e-01,4.000000000000000192e-04
2.460003393055555411e+06,1.000168120023813056e+00,4.000000000000000192e-04
2.460003393749999814e+06,1.000344905110593929e+00,4.000000000000000192e-04
2.460003394444444217e+06,9.988829161670591539e-01,4.000000000000000192e-04
2.460003395138888620e+06,1.000120919279018361e+00,4.000000000000000192e-04
2.460003395833333023e+06,1.000185616329494875e+00,4.000000000000000192e-04
2.460003396527777892e+06,9.996680330661115166e-01,4.000000000000000192e-04
2.460003397222222295e+06,9.994014010170142459e-01,4.000000000000000192e-04
2.460003397916666698e+06,9.997059996640142998e-01,4.000000000000000192e-04
2.460003398611111101e+06,1.000801709867132905e+00,4.000000000000000192e-04
2.460003399305555504e+06,9.992476952798405865e-01,4.000000000000000192e-04
2.460003399999999907e+06,1.000583574193369296e+00,4.000000000000000192e-04
2.460003400694444310e+06,9.999204672571275765e-01,4.000000000000000192e-04
2.460003401388888713e+06,1.000185551894272384e+00,4.000000000000000192e-04
2.460003402083333116e+06,9.996835024319423724e-01,4.000000000000000192e-04
2.460003402777777519e+06,1.001201885126917102e+00,4.000000000000000192e-04
2.460003403472221922e+06,1.000196335746204479e+00,4.000000000000000192e-04
2.460003404166666791e+06,1.000270930653310852e+00,4.000000000000000192e-04
2.460003404861111194e+06,9.994556804470494660e-01,4.000000000000000192e-04
2.460003405555555597e+06,9.997458880730808461e-01,4.000000000000000192e-04
2.460003406250000000e+06,1.000339224084614065e+00,4.000000000000000192e-04
2.460003406944444403e+06,9.987746767347642773e-01,4.000000000000000192e-04
2.460003407638888806e+06,1.000377686174909186e+00,4.000000000000000192e-04
2.460003408333333209e+06,9.995833582010735796e-01,4.000000000000000192e-04
2.460003409027777612e+06,9.990040953086923858e-01,4.000000000000000192e-04
2.460003409722222015e+06,1.000401618208451415e+00,4.000000000000000192e-04
2.460003410416666418e+06,1.000590738905676291e+00,4.000000000000000192e-04
2.460003411111110821e+06,9.997772983114182610e-01,4.000000000000000192e-04
2.460003411805555690e+06,9.996845587626318475e-01,4.000000000000000192e-04
2.460003412500000093e+06,1.000122015595206415e+00,4.000000000000000192e-04
2.460003413194444496e+06,9.998544137594113090e-01,4.000000000000000192e-04
2.460003413888888899e+06,1.000531427765087633e+00,4.000000000000000192e-04
2.460003414583333302e+06,1.000950792438613624e+00,4.000000000000000192e-04
2.460003415277777705e+06,9.996617817448127941e-01,4.000000000000000192e-04
2.460003415972222108e+06,1.000313198519211966e+00,4.000000000000000192e-04
2.460003416666666511e+06,9.996751907942577065e-01,4.000000000000000192e-04
2.460003417361110914e+06,9.999073392154251838e-01,4.000000000000000192e-04
2.460003418055555318e+06,9.997177832608398207e-01,4.000000000000000192e-04
2.460003418749999721e+06,1.000106589234107668e+00,4.000000000000000192e-04
2.460003419444444124e+06,1.000550526526830408e+00,4.000000000000000192e-04
2.460003420138888992e+06,1.000709548644656444e+00,4.000000000000000192e-04
2.460003420833333395e+06,9.997751426185704782e-01,4.000000000000000192e-04
2.460003421527777798e+06,1.000256454261440275e+00,4.000000000000000192e-04
2.460003422222222202e+06,1.000935251820672889e+00,4.000000000000000192e-04
2.460003422916666605e+06,9.998976228609705030e-01,4.000000000000000192e-04
2.460003423611111008e+06,1.000615942897259636e+00,4.000000000000000192e-04
2.460003424305555411e+06,1.000283879997796443e+00,4.000000000000000192e-04
2.460003424999999814e+06,9.998695909748733790e-01,4.000000000000000192e-04
2.460003425694444217e+06,1.000595861322599145e+00,4.000000000000000192e-04
2.460003426388888620e+06,1.000138675362409746e+00,4.000000000000000192e-04
2.460003427083333023e+06,1.000069556815626370e+00,4.000000000000000192e-04
2.460003427777777892e+06,1.000087832637200691e+00,4.000000000000000192e-04
2.460003428472222295e+06,1.000785382848103922e+00,4.000000000000000192e-04
2.460003429166666698e+06,1.000062547446331163e+00,4.000000000000000192e-04
2.460003429861111101e+06,9.998737474200652953e-01,4.000000000000000192e-04
2.460003430555555504e+06,1.000064756196786586e+00,4.000000000000000192e-04
2.460003431249999907e+06,9.999789097210600719e-01,4.000000000000000192e-04
2.460003431944444310e+06,9.991252276894386775e-01,4.000000000000000192e-04
2.460003432638888713e+06,9.999567097042603159e-01,4.000000000000000192e-04
2.460003433333333116e+06,1.000074491884560102e+00,4.000000000000000192e-04
2.460003434027777519e+06,9.998594783004890463e-01,4.000000000000000192e-04
2.460003434722221922e+06,9.997524712170324790e-01,4.000000000000000192e-04
2.460003435416666791e+06,1.000129591161173614e+00,4.000000000000000192e-04
2.460003436111111194e+06,9.998773118274772997e-01,4.000000000000000192e-04
2.460003436805555597e+06,1.000148723440392740e+00,4.000000000000000192e-04
2.460003437500000000e+06,1.000119732190416499e+00,4.000000000000000192e-04
2.460003438194444403e+06,1.000284865845533444e+00,4.000000000000000192e-04
2.460003438888888806e+06,9.998238443813812770e-01,4.000000000000000192e-04
2.460003439583333209e+06,1.000437628834763393e+00,4.000000000000000192e-04
2.460003440277777612e+06,1.000380210647245249e+00,4.000000000000000192e-04
2.460003440972222015e+06,9.999811176303428084e-01,4.000000000000000192e-04
2.460003441666666418e+06,1.000032024916821749e+00,4.000000000000000192e-04
2.460003442361110821e+06,9.990830961405451349e-01,4.000000000000000192e-04
2.460003443055555690e+06,9.999066084704166801e-01,4.000000000000000192e-04
2.460003443750000093e+06,9.995292211773414426e-01,4.000000000000000192e-04
2.460003444444444496e+06,9.999693392097099842e-01,4.000000000000000192e-04
2.460003445138888899e+06,1.000620166936183386e+00,4.000000000000000192e-04
2.460003445833333302e+06,9.992077759082955701e-01,4.000000000000000192e-04
2.460003446527777705e+06,9.999078073721778814e-01,4.000000000000000192e-04
2.460003447222222108e+06,1.000222537632578845e+00,4.000000000000000192e-04
2.460003447916666511e+06,1.000249061881283374e+00,4.000000000000000192e-04
2.460003448611110914e+06,1.000059690961740300e+00,4.000000000000000192e-04
2.460003449305555318e+06,1.000289150134423322e+00,4.000000000000000192e-04
2.460003449999999721e+06,9.992029224904293017e-01,4.000000000000000192e-04
2.460003450694444124e+06,9.998170970000450630e-01,4.000000000000000192e-04
2.460003451388888992e+06,1.000171908339219540e+00,4.000000000000000192e-04
2.460003452083333395e+06,1.000345239120940644e+00,4.000000000000000192e-04
2.460003452777777798e+06,9.996033827159633844e-01,4.000000000000000192e-04
2.460003453472222202e+06,9.996503119275351734e-01,4.000000000000000192e-04
2.460003454166666605e+06,9.998423186989339184e-01,4.000000000000000192e-04
2.460003454861111008e+06,9.992515085168244271e-01,4.000000000000000192e-04
2.460003455555555411e+06,1.000403719552422022e+00,4.000000000000000192e-04
2.460003456249999814e+06,1.000387870610789376e+00,4.000000000000000192e-04
2.460003456944444217e+06,9.999822915618048480e-01,4.000000000000000192e-04
2.460003457638888620e+06,9.997370199360334775e-01,4.000000000000000192e-04
2.460003458333333023e+06,1.000252565914445446e+00,4.000000000000000192e-04
2.460003459027777892e+06,9.997496073455603982e-01,4.000000000000000192e-04
2.460003459722222295e+06,9.996724175285929270e-01,4.000000000000000192e-04
2.460003460416666698e+06,9.999995240208581215e-01,4.000000000000000192e-04
2.460003461111111101e+06,1.000267888001483030e+00,4.000000000000000192e-04
2.460003461805555504e+06,9.997148948059836338e-01,4.000000000000000192e-04
2.460003462499999907e+06,9.999603688023587234e-01,4.000000000000000192e-04
2.460003463194444310e+06,1.000179810171997641e+00,4.000000000000000192e-04
2.460003463888888713e+06,1.000164683825840894e+00,4.000000000000000192e-04
2.460003464583333116e+06,9.997994440587379961e-01,4.000000000000000192e-04
2.460003465277777519e+06,1.000405443257155191e+00,4.000000000000000192e-04
2.460003465972221922e+06,1.000449090944258712e+00,4.000000000000000192e-04
2.460003466666666791e+06,1.000343574218665488e+00,4.000000000000000192e-04
2.460003467361111194e+06,9.997658951921822856e-01,4.000000000000000192e-04
2.460003468055555597e+06,1.000210527275163352e+00,4.000000000000000192e-04
2.460003468750000000e+06,1.000563376798872639e+00,4.000000000000000192e-04
2.460003469444444403e+06,1.000280168834767558e+00,4.000000000000000192e-04
2.460003470138888806e+06,9.992471599132596305e-01,4.000000000000000192e-04
2.460003470833333209e+06,9.998776869002898859e-01,4.000000000000000192e-04
2.460003471527777612e+06,9.994773643561175591e-01,4.000000000000000192e-04
2.460003472222222015e+06,1.000125946482865791e+00,4.000000000000000192e-04
2.460003472916666418e+06,9.996598914917494971e-01,4.000000000000000192e-04
2.460003473611110821e+06,9.996875413633007357e-01,4.000000000000000192e-04
2.460003474305555690e+06,9.997055406489232521e-01,4.000000000000000192e-04
2.460003475000000093e+06,9.999918220588901452e-01,4.000000000000000192e-04
2.460003475694444496e+06,1.000308934883133549e+00,4.000000000000000192e-04
2.460003476388888899e+06,1.000435901169832942e+00,4.000000000000000192e-04
2.460003477083333302e+06,1.000444525455115974e+00,4.000000000000000192e-04
2.460003477777777705e+06,9.994276544555602548e-01,4.000000000000000192e-04
2.460003478472222108e+06,1.000599213958002220e+00,4.000000000000000192e-04
2.460003479166666511e+06,9.998981397711572683e-01,4.000000000000000192e-04
2.460003479861110914e+06,9.996045018253854053e-01,4.000000000000000192e-04
2.460003480555555318e+06,1.000362720533726657e+00,4.000000000000000192e-04
2.460003481249999721e+06,9.998232949248259116e-01,4.000000000000000192e-04
2.460003481944444124e+06,9.999865813454377195e-01,4.000000000000000192e-04
2.460003482638888992e+06,1.000102076615885682e+00,4.000000000000000192e-04
2.460003483333333395e+06,9.999350776580304689e-01,4.000000000000000192e-04
2.460003484027777798e+06,1.000323737565262050e+00,4.000000000000000192e-04
2.460003484722222202e+06,9.995852786940088164e-01,4.000000000000000192e-04
2.460003485416666605e+06,9.993609113783193942e-01,4.000000000000000192e-04
2.460003486111111008e+06,1.000308982699440907e+00,4.000000000000000192e-04
2.460003486805555411e+06,1.000568748674038444e+00,4.000000000000000192e-04
2.460003487499999814e+06,1.000118274380591421e+00,4.000000000000000192e-04
2.460003488194444217e+06,1.000004635920413998e+00,4.000000000000000192e-04
2.460003488888888620e+06,1.000008670668326216e+00,4.000000000000000192e-04
2.460003489583333023e+06,1.000372346350622887e+00,4.000000000000000192e-04
2.460003490277777892e+06,9.997248635660842542e-01,4.000000000000000192e-04
2.460003490972222295e+06,9.990450876060605889e-01,4.000000000000000192e-04
2.460003491666666698e+06,1.000243397177974725e+00,4.000000000000000192e-04
2.460003492361111101e+06,1.000256332232461354e+00,4.000000000000000192e-04
2.460003493055555504e+06,1.000096954764200463e+00,4.000000000000000192e-04
2.460003493749999907e+06,9.994494793016374112e-01,4.000000000000000192e-04
2.460003494444444310e+06,9.989543841663334200e-01,4.000000000000000192e-04
2.460003495138888713e+06,9.999471186169560655e-01,4.000000000000000192e-04
2.460003495833333116e+06,9.999135124541805864e-01,4.000000000000000192e-04
2.460003496527777519e+06,9.994126406615163605e-01,4.000000000000000192e-04
2.460003497222221922e+06,1.000071064771282048e+00,4.000000000000000192e-04
2.460003497916666791e+06,9.994726810121852267e-01,4.000000000000000192e-04
2.460003498611111194e+06,9.996332358321452505e-01,4.000000000000000192e-04
2.460003499305555597e+06,1.000207827474634437e+00,4.000000000000000192e-04
2.460003500000000000e+06,9.999317472827391473e-01,4.000000000000000192e-04
2.460003500694444403e+06,1.000020220363216916e+00,4.000000000000000192e-04
2.460003501388888806e+06,1.000897048368756481e+00,4.000000000000000192e-04
2.460003502083333209e+06,9.992881818725020127e-01,4.000000000000000192e-04
2.460003502777777612e+06,9.997775015315474301e-01,4.000000000000000192e-04
2.460003503472222015e+06,9.992885499341969124e-01,4.000000000000000192e-04
2.460003504166666418e+06,9.999209685383203539e-01,4.000000000000000192e-04
2.460003504861110821e+06,1.000570884629053747e+00,4.000000000000000192e-04
2.460003505555555690e+06,9.999828482381386552e-01,4.000000000000000192e-04
2.460003506250000093e+06,1.000003005020696500e+00,4.000000000000000192e-04
2.460003506944444496e+06,1.000273468069041938e+00,4.000000000000000192e-04
2.460003507638888899e+06,9.995422042816044517e-01,4.000000000000000192e-04
2.460003508333333302e+06,1.000579710406823253e+00,4.000000000000000192e-04
2.460003509027777705e+06,9.996732778197896518e-01,4.000000000000000192e-04
2.460003509722222108e+06,1.000162065054591043e+00,4.000000000000000192e-04
2.460003510416666511e+06,9.992938222956893046e-01,4.000000000000000192e-04
2.460003511111110914e+06,9.991615742543192846e-01,4.000000000000000192e-04
2.460003511805555318e+06,9.992590587774184963e-01,4.000000000000000192e-04
2.460003512499999721e+06,1.000684726533901392e+00,4.000000000000000192e-04
2.460003513194444124e+06,9.999631743893571123e-01,4.000000000000000192e-04
2.460003513888888992e+06,1.000242888287329546e+00,4.000000000000000192e-04
2.460003514583333395e+06,9.996277240733956182e-01,4.000000000000000192e-04
2.460003515277777798e+06,9.996647992752502043e-01,4.000000000000000192e-04
2.460003515972222202e+06,1.000084992823182972e+00,4.000000000000000192e-04
2.460003516666666605e+06,1.000093041222368084e+00,4.000000000000000192e-04
2.460003517361111008e+06,1.000692563768854848e+00,4.000000000000000192e-04
2.460003518055555411e+06,9.996848565364133687e-01,4.000000000000000192e-04
2.460003518749999814e+06,1.000222197560012738e+00,4.000000000000000192e-04
2.460003519444444217e+06,1.000467371325965305e+00,4.000000000000000192e-04
2.460003520138888620e+06,9.998315857706211451e-01,4.000000000000000192e-04
2.460003520833333023e+06,9.998605282233032909e-01,4.000000000000000192e-04
2.460003521527777892e+06,1.000051134876117853e+00,4.000000000000000192e-04
2.460003522222222295e+06,1.000294880636764860e+00,4.000000000000000192e-04
2.460003522916666698e+06,1.000317104128374712e+00,4.000000000000000192e-04
2.460003523611111101e+06,9.996374438419867170e-01,4.000000000000000192e-04
2.460003524305555504e+06,1.000481649841059140e+00,4.000000000000000192e-04
2.460003524999999907e+06,1.000278343498405054e+00,4.000000000000000192e-04
2.460003525694444310e+06,9.999912577547185322e-01,4.000000000000000192e-04
2.460003526388888713e+06,9.996012656468102886e-01,4.000000000000000192e-04
2.460003527083333116e+06,1.000337401464441500e+00,4.000000000000000192e-04
2.460003527777777519e+06,9.999682784467243124e-01,4.000000000000000192e-04
2.460003528472221922e+06,9.992043425911064647e-01,4.000000000000000192e-04
2.460003529166666791e+06,1.000234453936835077e+00,4.000000000000000192e-04
2.460003529861111194e+06,9.992868809208464986e-01,4.000000000000000192e-04
2.460003530555555597e+06,1.000200534644858363e+00,4.000000000000000192e-04
2.460003531250000000e+06,1.000091987178909569e+00,4.000000000000000192e-04
2.460003531944444403e+06,1.000388526661067257e+00,4.000000000000000192e-04
2.460003532638888806e+06,9.999247375610653688e-01,4.000000000000000192e-04
2.460003533333333209e+06,9.999884089829550460e-01,4.000000000000000192e-04
2.460003534027777612e+06,9.997952174138081682e-01,4.000000000000000192e-04
2.460003534722222015e+06,9.997427640451602704e-01,4.000000000000000192e-04
2.460003535416666418e+06,9.992898818999582655e-01,4.000000000000000192e-04
2.460003536111110821e+06,9.994975828811867302e-01,4.000000000000000192e-04
2.460003536805555690e+06,9.999478878880264654e-01,4.000000000000000192e-04
2.460003537500000093e+06,9.996813847903959216e-01,4.000000000000000192e-04
2.460003538194444496e+06,9.991336952555992523e-01,4.000000000000000192e-04
2.460003538888888899e+06,9.993634076174978675e-01,4.000000000000000192e-04
2.460003539583333302e+06,9.996322578937947290e-01,4.000000000000000192e-04
2.460003540277777705e+06,1.000258717242694440e+00,4.000000000000000192e-04
2.460003540972222108e+06,1.000285787606233656e+00,4.000000000000000192e-04
2.460003541666666511e+06,1.000006872293690785e+00,4.000000000000000192e-04
2.460003542361110914e+06,9.993749177318868027e-01,4.000000000000000192e-04
2.460003543055555318e+06,9.993903476357844928e-01,4.000000000000000192e-04
2.460003543749999721e+06,9.991250279059220585e-01,4.000000000000000192e-04
2.460003544444444124e+06,1.000011532066672038e+00,4.000000000000000192e-04
2.460003545138888992e+06,9.996995273214390743e-01,4.000000000000000192e-04
2.460003545833333395e+06,9.998842055836825171e-01,4.000000000000000192e-04
2.460003546527777798e+06,1.000068825889631308e+00,4.000000000000000192e-04
2.460003547222222202e+06,1.000033772477165961e+00,4.000000000000000192e-04
2.460003547916666605e+06,9.997350702157028479e-01,4.000000000000000192e-04
2.460003548611111008e+06,1.000245192629387603e+00,4.000000000000000192e-04
2.460003549305555411e+06,9.998969717841699190e-01,4.000000000000000192e-04
2.460003549999999814e+06,1.000402913398063420e+00,4.000000000000000192e-04
2.460003550694444217e+06,9.994089673047155120e-01,4.000000000000000192e-04
2.460003551388888620e+06,1.000048863882431194e+00,4.000000000000000192e-04
2.460003552083333023e+06,1.000334951617704027e+00,4.000000000000000192e-04
2.460003552777777892e+06,1.000177576502744303e+00,4.000000000000000192e-04
2.460003553472222295e+06,9.996077583913794973e-01,4.000000000000000192e-04
2.460003554166666698e+06,9.997491852834010650e-01,4.000000000000000192e-04
2.460003554861111101e+06,9.997906601385747605e-01,4.000000000000000192e-04
2.460003555555555504e+06,9.997261710349881758e-01,4.000000000000000192e-04
2.460003556249999907e+06,9.997871194457862432e-01,4.000000000000000192e-04
2.460003556944444310e+06,1.000175725552343575e+00,4.000000000000000192e-04
2.460003557638888713e+06,1.000294639580378897e+00,4.000000000000000192e-04
2.460003558333333116e+06,9.999943300350041531e-01,4.000000000000000192e-04
2.460003559027777519e+06,1.000072430191715434e+00,4.000000000000000192e-04
2.460003559722221922e+06,9.999827950981327040e-01,4.000000000000000192e-04
2.460003560416666791e+06,1.000670823630670947e+00,4.000000000000000192e-04
2.460003561111111194e+06,9.995441057818618136e-01,4.000000000000000192e-04
2.460003561805555597e+06,9.996606739132537500e-01,4.000000000000000192e-04
2.460003562500000000e+06,1.000038483138180334e+00,4.000000000000000192e-04
2.460003563194444403e+06,1.000292486315160989e+00,4.000000000000000192e-04
2.460003563888888806e+06,1.000706404821211981e+00,4.000000000000000192e-04
2.460003564583333209e+06,1.000394175895421789e+00,4.000000000000000192e-04
2.460003565277777612e+06,9.995027795874179555e-01,4.000000000000000192e-04
2.460003565972222015e+06,9.997410722591150156e-01,4.000000000000000192e-04
2.460003566666666418e+06,1.000146984462870758e+00,4.000000000000000192e-04
2.460003567361110821e+06,9.998942910808789053e-01,4.000000000000000192e-04
2.460003568055555690e+06,9.999351762225580087e-01,4.000000000000000192e-04
2.460003568750000093e+06,9.999309128320651441e-01,4.000000000000000192e-04
2.460003569444444496e+06,1.000236364942490130e+00,4.000000000000000192e-04
2.460003570138888899e+06,1.000020578727849552e+00,4.000000000000000192e-04
2.460003570833333302e+06,1.000498976322257594e+00,4.000000000000000192e-04
2.460003571527777705e+06,9.997989662948661982e-01,4.000000000000000192e-04
2.460003572222222108e+06,1.000221413819181615e+00,4.000000000000000192e-04
2.460003572916666511e+06,9.999555093593986976e-01,4.000000000000000192e-04
2.460003573611110914e+06,1.000333497705432562e+00,4.000000000000000192e-04
2.460003574305555318e+06,9.996015297520680631e-01,4.000000000000000192e-04
2.460003574999999721e+06,9.995760125553884157e-01,4.000000000000000192e-04
2.460003575694444124e+06,1.000217587772316952e+00,4.000000000000000192e-04
2.460003576388888992e+06,9.999400336704091785e-01,4.000000000000000192e-04
2.460003577083333395e+06,1.000066839220618231e+00,4.000000000000000192e-04
2.460003577777777798e+06,9.999387478637206117e-01,4.000000000000000192e-04
2.460003578472222202e+06,1.000129479600924576e+00,4.000000000000000192e-04
2.460003579166666605e+06,9.999907387452530161e-01,4.000000000000000192e-04
2.460003579861111008e+06,1.000135919092306480e+00,4.000000000000000192e-04
2.460003580555555411e+06,1.000238730000819976e+00,4.000000000000000192e-04
2.460003581249999814e+06,9.994626153762203868e-01,4.000000000000000192e-04
2.460003581944444217e+06,1.000637388381430348e+00,4.000000000000000192e-04
2.460003582638888620e+06,9.990741049019126185e-01,4.000000000000000192e-04
2.460003583333333023e+06,9.999497275382840389e-01,4.000000000000000192e-04
2.460003584027777892e+06,1.000139288006458793e+00,4.000000000000000192e-04
2.460003584722222295e+06,1.000538925988290195e+00,4.000000000000000192e-04
2.460003585416666698e+06,1.000553237957648500e+00,4.000000000000000192e-04
2.460003586111111101e+06,1.000122847026809092e+00,4.000000000000000192e-04
2.460003586805555504e+06,1.000496525042104956e+00,4.000000000000000192e-04
2.460003587499999907e+06,9.994838935935786983e-01,4.000000000000000192e-04
2.460003588194444310e+06,1.000941853980313434e+00,4.000000000000000192e-04
2.460003588888888713e+06,9.997691339329783933e-01,4.000000000000000192e-04
2.460003589583333116e+06,1.000170296968440287e+00,4.000000000000000192e-04
2.460003590277777519e+06,1.000062330958703782e+00,4.000000000000000192e-04
2.460003590972221922e+06,9.996786455904027591e-01,4.000000000000000192e-04
2.460003591666666791e+06,1.000237232520806208e+00,4.000000000000000192e-04
2.460003592361111194e+06,9.998599179298206518e-01,4.000000000000000192e-04
2.460003593055555597e+06,9.995446473487367145e-01,4.000000000000000192e-04
2.460003593750000000e+06,9.987620310034648341e-01,4.000000000000000192e-04
2.460003594444444403e+06,9.997718514893954023e-01,4.000000000000000192e-04
2.460003595138888806e+06,9.998371816234348231e-01,4.000000000000000192e-04
2.460003595833333209e+06,9.994277198206096280e-01,4.000000000000000192e-04
2.460003596527777612e+06,9.997080523979753330e-01,4.000000000000000192e-04
2.460003597222222015e+06,1.000176529083520061e+00,4.000000000000000192e-04
2.460003597916666418e+06,9.991425031182508132e-01,4.000000000000000192e-04
2.460003598611110821e+06,9.999008932229469515e-01,4.000000000000000192e-04
2.460003599305555690e+06,1.000737673123508920e+00,4.000000000000000192e-04
2.460003600000000093e+06,1.000657880472492600e+00,4.000000000000000192e-04
2.460003600694444496e+06,1.000184396227324246e+00,4.000000000000000192e-04
2.460003601388888899e+06,1.000347057947676532e+00,4.000000000000000192e-04
2.460003602083333302e+06,1.000056727045220306e+00,4.000000000000000192e-04
2.460003602777777705e+06,9.999925221657633978e-01,4.000000000000000192e-04
2.460003603472222108e+06,1.000072146627508207e+00,4.000000000000000192e-04
2.460003604166666511e+06,9.996441509082599763e-01,4.000000000000000192e-04
2.460003604861110914e+06,1.000240287636876335e+00,4.000000000000000192e-04
2.460003605555555318e+06,1.000073791991238803e+00,4.000000000000000192e-04
2.460003606249999721e+06,1.000183698966365942e+00,4.000000000000000192e-04
2.460003606944444124e+06,1.000573009416998671e+00,4.000000000000000192e-04
2.460003607638888992e+06,9.993723230152350423e-01,4.000000000000000192e-04
2.460003608333333395e+06,1.000282193795235530e+00,4.000000000000000192e-04
2.460003609027777798e+06,9.996200374652027820e-01,4.000000000000000192e-04
2.460003609722222202e+06,9.992729389825458775e-01,4.000000000000000192e-04
2.460003610416666605e+06,9.993588068002124958e-01,4.000000000000000192e-04
2.460003611111111008e+06,1.000193536845075615e+00,4.000000000000000192e-04
2.460003611805555411e+06,9.991981916245884499e-01,4.000000000000000192e-04
2.460003612499999814e+06,9.996070596920771933e-01,4.000000000000000192e-04
2.460003613194444217e+06,9.998312667592241798e-01,4.000000000000000192e-04
2.460003613888888620e+06,9.991543433612669611e-01,4.000000000000000192e-04
2.460003614583333023e+06,1.000150854548435664e+00,4.000000000000000192e-04
2.460003615277777892e+06,1.000022349802549781e+00,4.000000000000000192e-04
2.460003615972222295e+06,9.997349646397567513e-01,4.000000000000000192e-04
2.460003616666666698e+06,1.000276580102404722e+00,4.000000000000000192e-04
2.460003617361111101e+06,1.000058724229039742e+00,4.000000000000000192e-04
2.460003618055555504e+06,9.997336098430974483e-01,4.000000000000000192e-04
2.460003618749999907e+06,1.000601741784125309e+00,4.000000000000000192e-04
2.460003619444444310e+06,1.000275517847013296e+00,4.000000000000000192e-04
2.460003620138888713e+06,1.000557579010261655e+00,4.000000000000000192e-04
2.460003620833333116e+06,1.000308616054871758e+00,4.000000000000000192e-04
2.460003621527777519e+06,9.998034626441087980e-01,4.000000000000000192e-04
2.460003622222221922e+06,1.000176843812333738e+00,4.000000000000000192e-04
2.460003622916666791e+06,9.999161572406798371e-01,4.000000000000000192e-04
2.460003623611111194e+06,1.000049556222789127e+00,4.000000000000000192e-04
2.460003624305555597e+06,1.000161575859876528e+00,4.000000000000000192e-04
2.460003625000000000e+06,1.000132910025356647e+00,4.000000000000000192e-04
2.460003625694444403e+06,1.000349074998052368e+00,4.000000000000000192e-04
2.460003626388888806e+06,1.000013370107348365e+00,4.000000000000000192e-04
2.460003627083333209e+06,1.000364680834137321e+00,4.000000000000000192e-04
2.460003627777777612e+06,9.995520073454849941e-01,4.000000000000000192e-04
2.460003628472222015e+06,1.000047774760491892e+00,4.000000000000000192e-04
2.460003629166666418e+06,9.999829829839104178e-01,4.000000000000000192e-04
2.460003629861110821e+06,9.996530835822906580e-01,4.000000000000000192e-04
2.460003630555555690e+06,9.989636968524060467e-01,4.000000000000000192e-04
2.460003631250000093e+06,1.000330094601772579e+00,4.000000000000000192e-04
2.460003631944444496e+06,1.000047019269810544e+00,4.000000000000000192e-04
2.460003632638888899e+06,9.992579178183940147e-01,4.000000000000000192e-04
2.460003633333333302e+06,9.998060391255179091e-01,4.000000000000000192e-04
2.460003634027777705e+06,9.998988922504775667e-01,4.000000000000000192e-04
2.460003634722222108e+06,1.000424455561221393e+00,4.000000000000000192e-04
2.460003635416666511e+06,1.000332821679658979e+00,4.000000000000000192e-04
2.460003636111110914e+06,9.996868961733532677e-01,4.000000000000000192e-04
2.460003636805555318e+06,1.000237400648052333e+00,4.000000000000000192e-04
2.460003637499999721e+06,9.996206032217200832e-01,4.000000000000000192e-04
2.460003638194444124e+06,1.000103502395880639e+00,4.000000000000000192e-04
2.460003638888888992e+06,9.997688002809980157e-01,4.000000000000000192e-04
2.460003639583333395e+06,1.000506987996402142e+00,4.000000000000000192e-04
2.460003640277777798e+06,9.997643140752119351e-01,4.000000000000000192e-04
2.460003640972222202e+06,9.999505262959083041e-01,4.000000000000000192e-04
2.460003641666666605e+06,9.995789030620978455e-01,4.000000000000000192e-04
2.460003642361111008e+06,1.000123540673833578e+00,4.000000000000000192e-04
2.460003643055555411e+06,1.000124136381320472e+00,4.000000000000000192e-04
2.460003643749999814e+06,9.994972197651814660e-01,4.000000000000000192e-04
2.460003644444444217e+06,9.998062569624136531e-01,4.000000000000000192e-04
2.460003645138888620e+06,9.997783528052444080e-01,4.000000000000000192e-04
2.460003645833333023e+06,1.000228514179100303e+00,4.000000000000000192e-04
2.460003646527777892e+06,1.000792698817857929e+00,4.000000000000000192e-04
2.460003647222222295e+06,9.998202707921753918e-01,4.000000000000000192e-04
2.460003647916666698e+06,1.000403566614283424e+00,4.000000000000000192e-04
2.460003648611111101e+06,1.000602955143095496e+00,4.000000000000000192e-04
2.460003649305555504e+06,1.000647672359098017e+00,4.000000000000000192e-04
2.460003649999999907e+06,9.994216464765754981e-01,4.000000000000000192e-04
2.460003650694444310e+06,9.999474749364850590e-01,4.000000000000000192e-04
2.460003651388888713e+06,1.000215899610951586e+00,4.000000000000000192e-04
2.460003652083333116e+06,9.997983805974347549e-01,4.000000000000000192e-04
2.460003652777777519e+06,1.000122553649833490e+00,4.000000000000000192e-04
2.460003653472221922e+06,9.999207183827925061e-01,4.000000000000000192e-04
2.460003654166666791e+06,1.000143821563314495e+00,4.000000000000000192e-04
2.460003654861111194e+06,9.999466228581374017e-01,4.000000000000000192e-04
2.460003655555555597e+06,9.996700056605861695e-01,4.000000000000000192e-04
2.460003656250000000e+06,1.000119938767340733e+00,4.000000000000000192e-04
2.460003656944444403e+06,9.998993368225909117e-01,4.000000000000000192e-04
2.460003657638888806e+06,9.998813517352483915e-01,4.000000000000000192e-04
2.460003658333333209e+06,1.000327911585588314e+00,4.000000000000000192e-04
2.460003659027777612e+06,1.000375492474469441e+00,4.000000000000000192e-04
2.460003659722222015e+06,1.000008787232942620e+00,4.000000000000000192e-04
2.460003660416666418e+06,1.000113086067381918e+00,4.000000000000000192e-04
2.460003661111110821e+06,9.998856231498973735e-01,4.000000000000000192e-04
2.460003661805555690e+06,9.992730831467225849e-01,4.000000000000000192e-04
2.460003662500000093e+06,1.000246784334615446e+00,4.000000000000000192e-04
2.460003663194444496e+06,9.993848820865818272e-01,4.000000000000000192e-04
2.460003663888888899e+06,1.000126666797411135e+00,4.000000000000000192e-04
2.460003664583333302e+06,9.999581316419088317e-01,4.000000000000000192e-04
2.460003665277777705e+06,9.995285626163167292e-01,4.000000000000000192e-04
2.460003665972222108e+06,1.000521347664410143e+00,4.000000000000000192e-04
2.460003666666666511e+06,9.999583162233888212e-01,4.000000000000000192e-04
2.460003667361110914e+06,1.000031266809903840e+00,4.000000000000000192e-04
2.460003668055555318e+06,1.000331404009833003e+00,4.000000000000000192e-04
2.460003668749999721e+06,9.999799137157604489e-01,4.000000000000000192e-04
2.460003669444444124e+06,9.999828996172703821e-01,4.000000000000000192e-04
2.460003670138888992e+06,9.998521754770191006e-01,4.000000000000000192e-04
2.460003670833333395e+06,9.996994065380387928e-01,4.000000000000000192e-04
2.460003671527777798e+06,9.999976053736888693e-01,4.000000000000000192e-04
2.460003672222222202e+06,1.000751207152988043e+00,4.000000000000000192e-04
2.460003672916666605e+06,1.000908928400445319e+00,4.000000000000000192e-04
2.460003673611111008e+06,1.000085515014048854e+00,4.000000000000000192e-04
2.460003674305555411e+06,1.000130907309487727e+00,4.000000000000000192e-04
2.460003674999999814e+06,1.000027430758307023e+00,4.000000000000000192e-04
2.460003675694444217e+06,1.000556315005257213e+00,4.000000000000000192e-04
2.460003676388888620e+06,9.997678738834739898e-01,4.000000000000000192e-04
2.460003677083333023e+06,1.000045232057187095e+00,4.000000000000000192e-04
2.460003677777777892e+06,9.998235842145190011e-01,4.000000000000000192e-04
2.460003678472222295e+06,9.991618650385616363e-01,4.000000000000000192e-04
2.460003679166666698e+06,9.991653002799897321e-01,4.000000000000000192e-04
2.460003679861111101e+06,1.000148197690047258e+00,4.000000000000000192e-04
2.460003680555555504e+06,9.998900177298967185e-01,4.000000000000000192e-04
2.460003681249999907e+06,9.999801855644996351e-01,4.000000000000000192e-04
2.460003681944444310e+06,1.000537974723226142e+00,4.000000000000000192e-04
2.460003682638888713e+06,1.000397058491324653e+00,4.000000000000000192e-04
2.460003683333333116e+06,9.994300251267675961e-01,4.000000000000000192e-04
2.460003684027777519e+06,1.000200871864593832e+00,4.000000000000000192e-04
2.460003684722221922e+06,9.997327341806523382e-01,4.000000000000000192e-04
2.460003685416666791e+06,9.999439617660961233e-01,4.000000000000000192e-04
2.460003686111111194e+06,9.993152972011793977e-01,4.000000000000000192e-04
2.460003686805555597e+06,1.000023151586685755e+00,4.000000000000000192e-04
2.460003687500000000e+06,1.000044440756961306e+00,4.000000000000000192e-04
2.460003688194444403e+06,9.999087902129392136e-01,4.000000000000000192e-04
2.460003688888888806e+06,1.000089359613708595e+00,4.000000000000000192e-04
2.460003689583333209e+06,1.000378098109893310e+00,4.000000000000000192e-04
2.460003690277777612e+06,1.000281375770647907e+00,4.000000000000000192e-04
2.460003690972222015e+06,1.000329823302199328e+00,4.000000000000000192e-04
2.460003691666666418e+06,1.000886476927188795e+00,4.000000000000000192e-04
2.460003692361110821e+06,9.998922644662416870e-01,4.000000000000000192e-04
2.460003693055555690e+06,1.000449855746682770e+00,4.000000000000000192e-04
2.460003693750000093e+06,9.997605691272110073e-01,4.000000000000000192e-04
2.460003694444444496e+06,1.000131137213868815e+00,4.000000000000000192e-04
2.460003695138888899e+06,1.000284210643529237e+00,4.000000000000000192e-04
2.460003695833333302e+06,9.999021596311236104e-01,4.000000000000000192e-04
2.460003696527777705e+06,1.000621020386951221e+00,4.000000000000000192e-04
2.460003697222222108e+06,1.000757995011265722e+00,4.000000000000000192e-04
2.460003697916666511e+06,9.997518488235038747e-01,4.000000000000000192e-04
2.460003698611110914e+06,1.000751780032927751e+00,4.000000000000000192e-04
2.460003699305555318e+06,9.997969123442721484e-01,4.000000000000000192e-04
2.460003699999999721e+06,1.000068269349328576e+00,4.000000000000000192e-04
2.460003700694444124e+06,9.989819949767720919e-01,4.000000000000000192e-04
2.460003701388888992e+06,1.000427650381455091e+00,4.000000000000000192e-04
2.460003702083333395e+06,9.994233334994612195e-01,4.000000000000000192e-04
2.460003702777777798e+06,1.000196577219577332e+00,4.000000000000000192e-04
2.460003703472222202e+06,1.000302147439734890e+00,4.000000000000000192e-04
2.460003704166666605e+06,1.000947959732771952e+00,4.000000000000000192e-04
2.460003704861111008e+06,1.000604402640674628e+00,4.000000000000000192e-04
2.460003705555555411e+06,9.995864443732824789e-01,4.000000000000000192e-04
2.460003706249999814e+06,9.998458094670882312e-01,4.000000000000000192e-04
2.460003706944444217e+06,1.000539304212710201e+00,4.000000000000000192e-04
2.460003707638888620e+06,9.996938551993594935e-01,4.000000000000000192e-04
2.460003708333333023e+06,9.997666960062632224e-01,4.000000000000000192e-04
2.460003709027777892e+06,9.998341925128748642e-01,4.000000000000000192e-04
2.460003709722222295e+06,9.992943099065252355e-01,4.000000000000000192e-04
2.460003710416666698e+06,1.000518428584058483e+00,4.000000000000000192e-04
2.460003711111111101e+06,1.000131736960598650e+00,4.000000000000000192e-04
2.460003711805555504e+06,1.000309609103391839e+00,4.000000000000000192e-04
2.460003712499999907e+06,1.000352090092457402e+00,4.000000000000000192e-04
2.460003713194444310e+06,1.000102747683106585e+00,4.000000000000000192e-04
2.460003713888888713e+06,9.998734510110230955e-01,4.000000000000000192e-04
2.460003714583333116e+06,9.998201812851470471e-01,4.000000000000000192e-04
2.460003715277777519e+06,1.000579529163614367e+00,4.000000000000000192e-04
2.460003715972221922e+06,1.000123674988170119e+00,4.000000000000000192e-04
2.460003716666666791e+06,9.998006624695988664e-01,4.000000000000000192e-04
2.460003717361111194e+06,9.995835895880619271e-01,4.000000000000000192e-04
2.460003718055555597e+06,1.000612136468189250e+00,4.000000000000000192e-04
2.460003718750000000e+06,1.000664349195572900e+00,4.000000000000000192e-04
2.460003719444444403e+06,1.000150629399085833e+00,4.000000000000000192e-04
2.460003720138888806e+06,1.000260963741133935e+00,4.000000000000000192e-04
2.460003720833333209e+06,1.000030619976142177e+00,4.000000000000000192e-04
2.460003721527777612e+06,1.000070270210120515e+00,4.000000000000000192e-04
2.460003722222222015e+06,9.995061697633381703e-01,4.000000000000000192e-04
2.460003722916666418e+06,1.000177305837724573e+00,4.000000000000000192e-04
2.460003723611110821e+06,9.997864530091864488e-01,4.000000000000000192e-04
2.460003724305555690e+06,9.992602184291337064e-01,4.000000000000000192e-04
2.460003725000000093e+06,9.996811582221800663e-01,4.000000000000000192e-04
2.460003725694444496e+06,1.000108867485406172e+00,4.000000000000000192e-04
2.460003726388888899e+06,9.997466205624486735e-01,4.000000000000000192e-04
2.460003727083333302e+06,9.995378283316153079e-01,4.000000000000000192e-04
2.460003727777777705e+06,9.999602500510021974e-01,4.000000000000000192e-04
2.460003728472222108e+06,9.997255969668754627e-01,4.000000000000000192e-04
2.460003729166666511e+06,9.999029271682374764e-01,4.000000000000000192e-04
2.460003729861110914e+06,9.997255029502121193e-01,4.000000000000000192e-04
2.460003730555555318e+06,1.000194872215712349e+00,4.000000000000000192e-04
2.460003731249999721e+06,9.998120534814105564e-01,4.000000000000000192e-04
2.460003731944444124e+06,1.000175865949585186e+00,4.000000000000000192e-04
2.460003732638888992e+06,9.998395998217990410e-01,4.000000000000000192e-04
2.460003733333333395e+06,1.000447704323078169e+00,4.000000000000000192e-04
2.460003734027777798e+06,9.997875984782410574e-01,4.000000000000000192e-04
2.460003734722222202e+06,1.000367964762930661e+00,4.000000000000000192e-04
2.460003735416666605e+06,1.000039017929200913e+00,4.000000000000000192e-04
2.460003736111111008e+06,9.997990800104427089e-01,4.000000000000000192e-04
2.460003736805555411e+06,9.995266860783156293e-01,4.000000000000000192e-04
2.460003737499999814e+06,9.986927371472349435e-01,4.000000000000000192e-04
2.460003738194444217e+06,9.994039376887178250e-01,4.000000000000000192e-04
2.460003738888888620e+06,1.000493884530318178e+00,4.000000000000000192e-04
2.460003739583333023e+06,9.993046687690253504e-01,4.000000000000000192e-04
2.460003740277777892e+06,1.000218913663576403e+00,4.000000000000000192e-04
2.460003740972222295e+06,1.000039969436588905e+00,4.000000000000000192e-04
2.460003741666666698e+06,1.000322475996995975e+00,4.000000000000000192e-04
2.460003742361111101e+06,1.000185384719534554e+00,4.000000000000000192e-04
2.460003743055555504e+06,9.998646962236104052e-01,4.000000000000000192e-04
2.460003743749999907e+06,9.995372645985645121e-01,4.000000000000000192e-04
2.460003744444444310e+06,9.999409560510102990e-01,4.000000000000000192e-04
2.460003745138888713e+06,1.000096972575979626e+00,4.000000000000000192e-04
2.460003745833333116e+06,1.000464721966644710e+00,4.000000000000000192e-04
2.460003746527777519e+06,9.998674285952205976e-01,4.000000000000000192e-04
2.460003747222221922e+06,9.998364413586261490e-01,4.000000000000000192e-04
2.460003747916666791e+06,1.000242693698168317e+00,4.000000000000000192e-04
2.460003748611111194e+06,9.994680448749043711e-01,4.000000000000000192e-04
2.460003749305555597e+06,9.994841763133955892e-01,4.000000000000000192e-04
2.460003750000000000e+06,9.997663273640187143e-01,4.000000000000000192e-04
2.460003750694444403e+06,1.000001189777554478e+00,4.000000000000000192e-04
2.460003751388888806e+06,1.000027433878344363e+00,4.000000000000000192e-04
2.460003752083333209e+06,9.998478624085826993e-01,4.000000000000000192e-04
2.460003752777777612e+06,9.998270833792354262e-01,4.000000000000000192e-04
2.460003753472222015e+06,9.997710833574752209e-01,4.000000000000000192e-04
2.460003754166666418e+06,9.998567429870997003e-01,4.000000000000000192e-04
2.460003754861110821e+06,9.999294962989615509e-01,4.000000000000000192e-04
2.460003755555555690e+06,9.995497228757316277e-01,4.000000000000000192e-04
2.460003756250000093e+06,1.000045734968299849e+00,4.000000000000000192e-04
2.460003756944444496e+06,9.994661532887140210e-01,4.000000000000000192e-04
2.460003757638888899e+06,9.996745536004721933e-01,4.000000000000000192e-04
2.460003758333333302e+06,1.000200173650377389e+00,4.000000000000000192e-04
2.460003759027777705e+06,1.000013919601644874e+00,4.000000000000000192e-04
2.460003759722222108e+06,9.999095429331735785e-01,4.000000000000000192e-04
2.460003760416666511e+06,9.999093293926444304e-01,4.000000000000000192e-04
2.460003761111110914e+06,1.000469306075213227e+00,4.000000000000000192e-04
2.460003761805555318e+06,9.998798286287375880e-01,4.000000000000000192e-04
2.460003762499999721e+06,9.999438260220848695e-01,4.000000000000000192e-04
2.460003763194444124e+06,9.996271141497463653e-01,4.000000000000000192e-04
2.460003763888888992e+06,9.996278697690564874e-01,4.000000000000000192e-04
2.460003764583333395e+06,9.995981232154700358e-01,4.000000000000000192e-04
2.460003765277777798e+06,1.000324490763569996e+00,4.000000000000000192e-04
2.460003765972222202e+06,1.000680386758091345e+00,4.000000000000000192e-04
2.460003766666666605e+06,9.996525542697537459e-01,4.000000000000000192e-04
2.460003767361111008e+06,1.000302500070213707e+00,4.000000000000000192e-04
2.460003768055555411e+06,9.995904603510118447e-01,4.000000000000000192e-04
2.460003768749999814e+06,9.996449552561151863e-01,4.000000000000000192e-04
2.460003769444444217e+06,1.000120432676036231e+00,4.000000000000000192e-04
2.460003770138888620e+06,1.000261695479110369e+00,4.000000000000000192e-04
2.460003770833333023e+06,9.999685941514411258e-01,4.000000000000000192e-04
2.460003771527777892e+06,1.000209953036913069e+00,4.000000000000000192e-04
2.460003772222222295e+06,9.998760233440797673e-01,4.000000000000000192e-04
2.460003772916666698e+06,9.991787434260824829e-01,4.000000000000000192e-04
2.460003773611111101e+06,9.992739642001449152e-01,4.000000000000000192e-04
2.460003774305555504e+06,9.996794043462858825e-01,4.000000000000000192e-04
2.460003774999999907e+06,9.998641751606001105e-01,4.000000000000000192e-04
2.460003775694444310e+06,9.996119536703201858e-01,4.000000000000000192e-04
2.460003776388888713e+06,9.997156923338161860e-01,4.000000000000000192e-04
2.460003777083333116e+06,9.998731773811596613e-01,4.000000000000000192e-04
2.460003777777777519e+06,9.999574232673362761e-01,4.000000000000000192e-04
2.460003778472221922e+06,1.000313832419415849e+00,4.000000000000000192e-04
2.460003779166666791e+06,9.997730974064531484e-01,4.000000000000000192e-04
2.460003779861111194e+06,9.999143190110426627e-01,4.000000000000000192e-04
2.460003780555555597e+06,9.997982090004354783e-01,4.000000000000000192e-04
2.460003781250000000e+06,9.994053289528688211e-01,4.000000000000000192e-04
2.460003781944444403e+06,9.996866109851400006e-01,4.000000000000000192e-04
2.460003782638888806e+06,1.000426534150142155e+00,4.000000000000000192e-04
2.460003783333333209e+06,9.997031643464157069e-01,4.000000000000000192e-04
2.460003784027777612e+06,1.000499538473417216e+00,4.000000000000000192e-04
2.460003784722222015e+06,9.996133914678220211e-01,4.000000000000000192e-04
2.460003785416666418e+06,1.000595883053771784e+00,4.000000000000000192e-04
2.460003786111110821e+06,1.000588952181688196e+00,4.000000000000000192e-04
2.460003786805555690e+06,1.000272734242457995e+00,4.000000000000000192e-04
2.460003787500000093e+06,9.998729610742196350e-01,4.000000000000000192e-04
2.460003788194444496e+06,9.996845050571876445e-01,4.000000000000000192e-04
2.460003788888888899e+06,1.000316277524949449e+00,4.000000000000000192e-04
2.460003789583333302e+06,1.000287261646373604e+00,4.000000000000000192e-04
2.460003790277777705e+06,9.997165025823606666e-01,4.000000000000000192e-04
2.460003790972222108e+06,9.997260510211751772e-01,4.000000000000000192e-04
2.460003791666666511e+06,9.992933720745096338e-01,4.000000000000000192e-04
2.460003792361110914e+06,9.998587970050850648e-01,4.000000000000000192e-04
2.460003793055555318e+06,1.000271426987259460e+00,4.000000000000000192e-04
2.460003793749999721e+06,1.000474446847056331e+00,4.000000000000000192e-04
2.460003794444444124e+06,9.997598402123240025e-01,4.000000000000000192e-04
2.460003795138888992e+06,1.000389902013405496e+00,4.000000000000000192e-04
2.460003795833333395e+06,1.000335004949530315e+00,4.000000000000000192e-04
2.460003796527777798e+06,9.997642012639920139e-01,4.000000000000000192e-04
2.460003797222222202e+06,1.000327487362358880e+00,4.000000000000000192e-04
2.460003797916666605e+06,9.992340141906075335e-01,4.000000000000000192e-04
2.460003798611111008e+06,1.000215352776575362e+00,4.000000000000000192e-04
2.460003799305555411e+06,9.999132497619624971e-01,4.000000000000000192e-04
2.460003799999999814e+06,9.998671273687793626e-01,4.000000000000000192e-04
2.460003800694444217e+06,9.996182799166191124e-01,4.000000000000000192e-04
2.460003801388888620e+06,1.000502144463752074e+00,4.000000000000000192e-04
2.460003802083333023e+06,1.000106783558426304e+00,4.000000000000000192e-04
2.460003802777777892e+06,1.000798243047462899e+00,4.000000000000000192e-04
2.460003803472222295e+06,1.000258614492375075e+00,4.000000000000000192e-04
2.460003804166666698e+06,1.000667675522707967e+00,4.000000000000000192e-04
2.460003804861111101e+06,1.000020753253023420e+00,4.000000000000000192e-04
2.460003805555555504e+06,9.997732222541952929e-01,4.000000000000000192e-04
2.460003806249999907e+06,1.000078013291475498e+00,4.000000000000000192e-04
2.460003806944444310e+06,9.996912589772963820e-01,4.000000000000000192e-04
2.460003807638888713e+06,9.998470847726352861e-01,4.000000000000000192e-04
2.460003808333333116e+06,1.000317026279332833e+00,4.000000000000000192e-04
2.460003809027777519e+06,1.000308381970478333e+00,4.000000000000000192e-04
2.460003809722221922e+06,1.000210902558822834e+00,4.000000000000000192e-04
2.460003810416666791e+06,9.996950882048284415e-01,4.000000000000000192e-04
2.460003811111111194e+06,9.995228853842613725e-01,4.000000000000000192e-04
2.460003811805555597e+06,9.991834079249094502e-01,4.000000000000000192e-04
2.460003812500000000e+06,9.997879935260380879e-01,4.000000000000000192e-04
2.460003813194444403e+06,1.000036169267123354e+00,4.000000000000000192e-04
2.460003813888888806e+06,1.000232208997599903e+00,4.000000000000000192e-04
2.460003814583333209e+06,1.000689220789015899e+00,4.000000000000000192e-04
2.460003815277777612e+06,1.000664021470708098e+00,4.000000000000000192e-04
2.460003815972222015e+06,9.999148779535166343e-01,4.000000000000000192e-04
2.460003816666666418e+06,9.993881443228673778e-01,4.000000000000000192e-04
2.460003817361110821e+06,1.000605830886198255e+00,4.000000000000000192e-04
2.460003818055555690e+06,1.000276826947157138e+00,4.000000000000000192e-04
2.460003818750000093e+06,1.000042190637317807e+00,4.000000000000000192e-04
2.460003819444444496e+06,1.000643630504890913e+00,4.000000000000000192e-04
2.460003820138888899e+06,9.991506857703652544e-01,4.000000000000000192e-04
2.460003820833333302e+06,1.000027724446344024e+00,4.000000000000000192e-04
2.460003821527777705e+06,1.000008563390070160e+00,4.000000000000000192e-04
2.460003822222222108e+06,9.998967123125565015e-01,4.000000000000000192e-04
2.460003822916666511e+06,1.000092612336336950e+00,4.000000000000000192e-04
2.460003823611110914e+06,1.001009931751012161e+00,4.000000000000000192e-04
2.460003824305555318e+06,1.000600106302493630e+00,4.000000000000000192e-04
2.460003824999999721e+06,1.000408925978489405e+00,4.000000000000000192e-04
2.460003825694444124e+06,1.000748087660449981e+00,4.000000000000000192e-04
2.460003826388888992e+06,9.999860261187245580e-01,4.000000000000000192e-04
2.460003827083333395e+06,9.998388159873287107e-01,4.000000000000000192e-04
2.460003827777777798e+06,1.000090169292958242e+00,4.000000000000000192e-04
2.460003828472222202e+06,1.000782011064186516e+00,4.000000000000000192e-04
2.460003829166666605e+06,1.000758851016881001e+00,4.000000000000000192e-04
2.460003829861111008e+06,1.000181263287694078e+00,4.000000000000000192e-04
2.460003830555555411e+06,1.000207511675669014e+00,4.000000000000000192e-04
2.460003831249999814e+06,1.000069706039894424e+00,4.000000000000000192e-04
2.460003831944444217e+06,9.993759791382755830e-01,4.000000000000000192e-04
2.460003832638888620e+06,1.000062224361753405e+00,4.000000000000000192e-04
2.460003833333333023e+06,1.000384499245000169e+00,4.000000000000000192e-04
2.460003834027777892e+06,1.000709383063927982e+00,4.000000000000000192e-04
2.460003834722222295e+06,9.995058225671322738e-01,4.000000000000000192e-04
2.460003835416666698e+06,1.000041073532930591e+00,4.000000000000000192e-04
2.460003836111111101e+06,9.997828360882241583e-01,4.000000000000000192e-04
2.460003836805555504e+06,1.000147762777492177e+00,4.000000000000000192e-04
2.460003837499999907e+06,1.000105043518830117e+00,4.000000000000000192e-04
2.460003838194444310e+06,1.000641310167095677e+00,4.000000000000000192e-04
2.460003838888888713e+06,1.000072856601398552e+00,4.000000000000000192e-04
2.460003839583333116e+06,1.000301071934701636e+00,4.000000000000000192e-04
2.460003840277777519e+06,9.998599908183818386e-01,4.000000000000000192e-04
2.460003840972221922e+06,9.998574482122224438e-01,4.000000000000000192e-04
2.460003841666666791e+06,1.000412845460770583e+00,4.000000000000000192e-04
2.460003842361111194e+06,9.994017258242631208e-01,4.000000000000000192e-04
2.460003843055555597e+06,9.998435833026708686e-01,4.000000000000000192e-04
2.460003843750000000e+06,1.000366630390087108e+00,4.000000000000000192e-04
2.460003844444444403e+06,9.995801712280582008e-01,4.000000000000000192e-04
2.460003845138888806e+06,1.000277286601979121e+00,4.000000000000000192e-04
2.460003845833333209e+06,1.000423130907913905e+00,4.000000000000000192e-04
2.460003846527777612e+06,9.998883522234406351e-01,4.000000000000000192e-04
2.460003847222222015e+06,1.000528611200019569e+00,4.000000000000000192e-04
2.460003847916666418e+06,9.996936209828628517e-01,4.000000000000000192e-04
2.460003848611110821e+06,1.000793661296349946e+00,4.000000000000000192e-04
2.460003849305555690e+06,1.000207742771993313e+00,4.000000000000000192e-04
2.460003850000000093e+06,1.000089741722164138e+00,4.000000000000000192e-04
2.460003850694444496e+06,9.997224070962935638e-01,4.000000000000000192e-04
2.460003851388888899e+06,9.994602141173855037e-01,4.000000000000000192e-04
2.460003852083333302e+06,9.995352578981949732e-01,4.000000000000000192e-04
2.460003852777777705e+06,1.000796632226234495e+00,4.000000000000000192e-04
2.460003853472222108e+06,1.000277034167452062e+00,4.000000000000000192e-04
2.460003854166666511e+06,1.000245779683926362e+00,4.000000000000000192e-04
2.460003854861110914e+06,1.000039296096340014e+00,4.000000000000000192e-04
2.460003855555555318e+06,9.989693214183639203e-01,4.000000000000000192e-04
2.460003856249999721e+06,1.000253419131170052e+00,4.000000000000000192e-04
2.460003856944444124e+06,9.997717398166394709e-01,4.000000000000000192e-04
2.460003857638888992e+06,9.993570169162375727e-01,4.000000000000000192e-04
2.460003858333333395e+06,1.000308115735545345e+00,4.000000000000000192e-04
2.460003859027777798e+06,1.000245711106553470e+00,4.000000000000000192e-04
2.460003859722222202e+06,9.997513360243844849e-01,4.000000000000000192e-04
2.460003860416666605e+06,9.997317414513590128e-01,4.000000000000000192e-04
2.460003861111111008e+06,9.995291088085155318e-01,4.000000000000000192e-04
2.460003861805555411e+06,9.989962072892752953e-01,4.000000000000000192e-04
2.460003862499999814e+06,9.998060109483600799e-01,4.000000000000000192e-04
2.460003863194444217e+06,9.999822731767994410e-01,4.000000000000000192e-04
2.460003863888888620e+06,9.998962830352985387e-01,4.000000000000000192e-04
2.460003864583333023e+06,9.997726162045821319e-01,4.000000000000000192e-04
2.460003865277777892e+06,1.000214315371485307e+00,4.000000000000000192e-04
2.460003865972222295e+06,1.000583151244743840e+00,4.000000000000000192e-04
2.460003866666666698e+06,9.994125361211058101e-01,4.000000000000000192e-04
2.460003867361111101e+06,1.000129007256183256e+00,4.000000000000000192e-04
2.460003868055555504e+06,9.995553451584322513e-01,4.000000000000000192e-04
2.460003868749999907e+06,1.000287698734913633e+00,4.000000000000000192e-04
2.460003869444444310e+06,9.997596357193668792e-01,4.000000000000000192e-04
2.460003870138888713e+06,9.999154837381355465e-01,4.000000000000000192e-04
2.460003870833333116e+06,9.999780988901013634e-01,4.000000000000000192e-04
2.460003871527777519e+06,1.000593498968944450e+00,4.000000000000000192e-04
2.460003872222221922e+06,9.999959606387980315e-01,4.000000000000000192e-04
2.460003872916666791e+06,1.000154842416135725e+00,4.000000000000000192e-04
2.460003873611111194e+06,1.000065196070768492e+00,4.000000000000000192e-04
2.460003874305555597e+06,9.993667181195106108e-01,4.000000000000000192e-04
2.460003875000000000e+06,1.000112327904195464e+00,4.000000000000000192e-04
2.460003875694444403e+06,9.995598430919954147e-01,4.000000000000000192e-04
2.460003876388888806e+06,1.000396452670804015e+00,4.000000000000000192e-04
2.460003877083333209e+06,1.000019405971936282e+00,4.000000000000000192e-04
2.460003877777777612e+06,1.000238577133370388e+00,4.000000000000000192e-04
2.460003878472222015e+06,9.998707877752081030e-01,4.000000000000000192e-04
2.460003879166666418e+06,9.994103769313293917e-01,4.000000000000000192e-04
2.460003879861110821e+06,9.996754004073421518e-01,4.000000000000000192e-04
2.460003880555555690e+06,1.000135691112515435e+00,4.000000000000000192e-04
2.460003881250000093e+06,1.000237233979683005e+00,4.000000000000000192e-04
2.460003881944444496e+06,9.991438429114892772e-01,4.000000000000000192e-04
2.460003882638888899e+06,1.000731146211743416e+00,4.000000000000000192e-04
2.460003883333333302e+06,9.999579850480351251e-01,4.000000000000000192e-04
2.460003884027777705e+06,1.000072253082561424e+00,4.000000000000000192e-04
2.460003884722222108e+06,9.998557414026967294e-01,4.000000000000000192e-04
2.460003885416666511e+06,9.999767041007316948e-01,4.000000000000000192e-04
2.460003886111110914e+06,1.000039526362671127e+00,4.000000000000000192e-04
2.460003886805555318e+06,9.999998691937886930e-01,4.000000000000000192e-04
2.460003887499999721e+06,1.000080569437863831e+00,4.000000000000000192e-04
2.460003888194444124e+06,9.995577209046591083e-01,4.000000000000000192e-04
2.460003888888888992e+06,9.999801609442853234e-01,4.000000000000000192e-04
2.460003889583333395e+06,9.998036859622138062e-01,4.000000000000000192e-04
2.460003890277777798e+06,1.000120588206361738e+00,4.000000000000000192e-04
2.460003890972222202e+06,9.998852464715105581e-01,4.000000000000000192e-04
2.460003891666666605e+06,1.000434996648012609e+00,4.000000000000000192e-04
2.460003892361111008e+06,9.996742501687181370e-01,4.000000000000000192e-04
2.460003893055555411e+06,1.000281207846746678e+00,4.000000000000000192e-04
2.460003893749999814e+06,1.000146563617186679e+00,4.000000000000000192e-04
2.460003894444444217e+06,9.995433976006075083e-01,4.000000000000000192e-04
2.460003895138888620e+06,1.000626661421659014e+00,4.000000000000000192e-04
2.460003895833333023e+06,9.999151704304303223e-01,4.000000000000000192e-04
2.460003896527777892e+06,9.996617705489845296e-01,4.000000000000000192e-04
2.460003897222222295e+06,9.993135411525102541e-01,4.000000000000000192e-04
2.460003897916666698e+06,1.000193351781686779e+00,4.000000000000000192e-04
2.460003898611111101e+06,1.000330340308491550e+00,4.000000000000000192e-04
2.460003899305555504e+06,1.000008303097614570e+00,4.000000000000000192e-04
2.460003899999999907e+06,1.000323980329130169e+00,4.000000000000000192e-04
