eclipser,tt,tt_err,nr
TOI4504c,2460002.4,0.00320,0
TOI4504d,2460002.5,0.00458,0
TOI4504d,2460102.6,0.00458,1
